sha256,copy_count,paths
3553aca28fbd9defaea6c13e15a78e960c582258ab163a2c22802201a386ba95,14,assets/library/collective_dynamics/cjj_k_t/88_10L_axial_Cvz_m0_lowk_modecoupling_2026-08-27/source/scripts_stage/analyze_theta_rep.py | assets/library/collective_dynamics/cylindrical_helical_currents/88_10L_CT_theta_m0_kn_2026-08-27/source/scripts_stage/analyze_theta_rep.py | assets/library/collective_dynamics/cylindrical_helical_currents/88_10L_m0_rotation_diagnostic_2026-08-27/source/scripts/analyze_theta_rep.py | assets/library/collective_dynamics/cylindrical_helical_currents/88_10L_m0_weighted_factorization_m1m4_2026-08-27/source/scripts_stage/analyze_theta_rep.py | assets/library/collective_dynamics/cylindrical_helical_currents/88_10L_relative_angular_current_m1m4_2026-08-27/source/scripts/analyze_theta_rep.py | assets/library/collective_dynamics/cylindrical_helical_currents/88_10L_theta_hydro_closure_recheck_2026-08-27/source/scripts_stage/analyze_theta_rep.py | results/collective_mode_response/CT_theta_m0_kn_88_L10_100fs_1ns_3rep/2026-08-27/scripts_stage/analyze_theta_rep.py | results/collective_mode_response/axial_Cvz_m0_lowk_modecoupling_screen_88_L10_100fs_1ns_3rep/2026-08-27/scripts_stage/analyze_theta_rep.py | results/collective_mode_response/m0_rotation_oxygen_stride_88_L10_100fs_10ns_3rep/2026-08-27/scripts/analyze_theta_rep.py | results/collective_mode_response/relative_angular_current_m1m4_88_L10_100fs_10ns_3rep/2026-08-27/scripts/analyze_theta_rep.py | results/collective_mode_response/theta_decom_msd_88_L2L5_100fs_10ns_4rep/2026-08-26/scripts/analyze_theta_rep.py | results/collective_mode_response/theta_hydro_closure_recheck_88_L10_100fs_1ns_3rep/2026-08-27/scripts_stage/analyze_theta_rep.py | results/collective_mode_response/theta_m0_weighted_factorization_m1m4_acf_88_L10_100fs_1ns_3rep/2026-08-27/scripts_stage/analyze_theta_rep.py | stage_theta_decom_88_L2L10_100fs_10ns_20260826/analyze_theta_rep.py
6d8e4f7e52289e55a0a02301f8b7462e56933ab051a1f9964b7871190a0d1c50,14,assets/library/collective_dynamics/cjj_k_t/88_10L_axial_Cvz_m0_lowk_modecoupling_2026-08-27/source/scripts_stage/check_fullwater_header.py | assets/library/collective_dynamics/cylindrical_helical_currents/88_10L_CT_theta_m0_kn_2026-08-27/source/scripts_stage/check_fullwater_header.py | assets/library/collective_dynamics/cylindrical_helical_currents/88_10L_m0_rotation_diagnostic_2026-08-27/source/scripts/check_fullwater_header.py | assets/library/collective_dynamics/cylindrical_helical_currents/88_10L_m0_weighted_factorization_m1m4_2026-08-27/source/scripts_stage/check_fullwater_header.py | assets/library/collective_dynamics/cylindrical_helical_currents/88_10L_relative_angular_current_m1m4_2026-08-27/source/scripts/check_fullwater_header.py | assets/library/collective_dynamics/cylindrical_helical_currents/88_10L_theta_hydro_closure_recheck_2026-08-27/source/scripts_stage/check_fullwater_header.py | results/collective_mode_response/CT_theta_m0_kn_88_L10_100fs_1ns_3rep/2026-08-27/scripts_stage/check_fullwater_header.py | results/collective_mode_response/axial_Cvz_m0_lowk_modecoupling_screen_88_L10_100fs_1ns_3rep/2026-08-27/scripts_stage/check_fullwater_header.py | results/collective_mode_response/m0_rotation_oxygen_stride_88_L10_100fs_10ns_3rep/2026-08-27/scripts/check_fullwater_header.py | results/collective_mode_response/relative_angular_current_m1m4_88_L10_100fs_10ns_3rep/2026-08-27/scripts/check_fullwater_header.py | results/collective_mode_response/theta_decom_msd_88_L2L5_100fs_10ns_4rep/2026-08-26/scripts/check_fullwater_header.py | results/collective_mode_response/theta_hydro_closure_recheck_88_L10_100fs_1ns_3rep/2026-08-27/scripts_stage/check_fullwater_header.py | results/collective_mode_response/theta_m0_weighted_factorization_m1m4_acf_88_L10_100fs_1ns_3rep/2026-08-27/scripts_stage/check_fullwater_header.py | stage_theta_decom_88_L2L10_100fs_10ns_20260826/check_fullwater_header.py
d2bea8aa59d143fc5bb6eb227a33ac7cb4734bab05e7036e037f6f667668f69a,14,assets/library/collective_dynamics/cjj_k_t/88_10L_axial_Cvz_m0_lowk_modecoupling_2026-08-27/source/scripts_stage/merge_theta_ensemble.py | assets/library/collective_dynamics/cylindrical_helical_currents/88_10L_CT_theta_m0_kn_2026-08-27/source/scripts_stage/merge_theta_ensemble.py | assets/library/collective_dynamics/cylindrical_helical_currents/88_10L_m0_rotation_diagnostic_2026-08-27/source/scripts/merge_theta_ensemble.py | assets/library/collective_dynamics/cylindrical_helical_currents/88_10L_m0_weighted_factorization_m1m4_2026-08-27/source/scripts_stage/merge_theta_ensemble.py | assets/library/collective_dynamics/cylindrical_helical_currents/88_10L_relative_angular_current_m1m4_2026-08-27/source/scripts/merge_theta_ensemble.py | assets/library/collective_dynamics/cylindrical_helical_currents/88_10L_theta_hydro_closure_recheck_2026-08-27/source/scripts_stage/merge_theta_ensemble.py | results/collective_mode_response/CT_theta_m0_kn_88_L10_100fs_1ns_3rep/2026-08-27/scripts_stage/merge_theta_ensemble.py | results/collective_mode_response/axial_Cvz_m0_lowk_modecoupling_screen_88_L10_100fs_1ns_3rep/2026-08-27/scripts_stage/merge_theta_ensemble.py | results/collective_mode_response/m0_rotation_oxygen_stride_88_L10_100fs_10ns_3rep/2026-08-27/scripts/merge_theta_ensemble.py | results/collective_mode_response/relative_angular_current_m1m4_88_L10_100fs_10ns_3rep/2026-08-27/scripts/merge_theta_ensemble.py | results/collective_mode_response/theta_decom_msd_88_L2L5_100fs_10ns_4rep/2026-08-26/scripts/merge_theta_ensemble.py | results/collective_mode_response/theta_hydro_closure_recheck_88_L10_100fs_1ns_3rep/2026-08-27/scripts_stage/merge_theta_ensemble.py | results/collective_mode_response/theta_m0_weighted_factorization_m1m4_acf_88_L10_100fs_1ns_3rep/2026-08-27/scripts_stage/merge_theta_ensemble.py | stage_theta_decom_88_L2L10_100fs_10ns_20260826/merge_theta_ensemble.py
a5a94cecdbd600b52a891e6dc3a8ee59c0d2ef71282cf62dbb06071a39769eb8,14,assets/library/collective_dynamics/cjj_k_t/88_10L_axial_Cvz_m0_lowk_modecoupling_2026-08-27/source/scripts_stage/run_merge_theta_ensemble.sh | assets/library/collective_dynamics/cylindrical_helical_currents/88_10L_CT_theta_m0_kn_2026-08-27/source/scripts_stage/run_merge_theta_ensemble.sh | assets/library/collective_dynamics/cylindrical_helical_currents/88_10L_m0_rotation_diagnostic_2026-08-27/source/scripts/run_merge_theta_ensemble.sh | assets/library/collective_dynamics/cylindrical_helical_currents/88_10L_m0_weighted_factorization_m1m4_2026-08-27/source/scripts_stage/run_merge_theta_ensemble.sh | assets/library/collective_dynamics/cylindrical_helical_currents/88_10L_relative_angular_current_m1m4_2026-08-27/source/scripts/run_merge_theta_ensemble.sh | assets/library/collective_dynamics/cylindrical_helical_currents/88_10L_theta_hydro_closure_recheck_2026-08-27/source/scripts_stage/run_merge_theta_ensemble.sh | results/collective_mode_response/CT_theta_m0_kn_88_L10_100fs_1ns_3rep/2026-08-27/scripts_stage/run_merge_theta_ensemble.sh | results/collective_mode_response/axial_Cvz_m0_lowk_modecoupling_screen_88_L10_100fs_1ns_3rep/2026-08-27/scripts_stage/run_merge_theta_ensemble.sh | results/collective_mode_response/m0_rotation_oxygen_stride_88_L10_100fs_10ns_3rep/2026-08-27/scripts/run_merge_theta_ensemble.sh | results/collective_mode_response/relative_angular_current_m1m4_88_L10_100fs_10ns_3rep/2026-08-27/scripts/run_merge_theta_ensemble.sh | results/collective_mode_response/theta_decom_msd_88_L2L5_100fs_10ns_4rep/2026-08-26/scripts/run_merge_theta_ensemble.sh | results/collective_mode_response/theta_hydro_closure_recheck_88_L10_100fs_1ns_3rep/2026-08-27/scripts_stage/run_merge_theta_ensemble.sh | results/collective_mode_response/theta_m0_weighted_factorization_m1m4_acf_88_L10_100fs_1ns_3rep/2026-08-27/scripts_stage/run_merge_theta_ensemble.sh | stage_theta_decom_88_L2L10_100fs_10ns_20260826/run_merge_theta_ensemble.sh
e6b6074587257c15d8a2687a4e61d5da2d59408de8f3053c28be581199bf525e,14,assets/library/collective_dynamics/cjj_k_t/88_10L_axial_Cvz_m0_lowk_modecoupling_2026-08-27/source/scripts_stage/run_theta_rep.template.sh | assets/library/collective_dynamics/cylindrical_helical_currents/88_10L_CT_theta_m0_kn_2026-08-27/source/scripts_stage/run_theta_rep.template.sh | assets/library/collective_dynamics/cylindrical_helical_currents/88_10L_m0_rotation_diagnostic_2026-08-27/source/scripts/run_theta_rep.template.sh | assets/library/collective_dynamics/cylindrical_helical_currents/88_10L_m0_weighted_factorization_m1m4_2026-08-27/source/scripts_stage/run_theta_rep.template.sh | assets/library/collective_dynamics/cylindrical_helical_currents/88_10L_relative_angular_current_m1m4_2026-08-27/source/scripts/run_theta_rep.template.sh | assets/library/collective_dynamics/cylindrical_helical_currents/88_10L_theta_hydro_closure_recheck_2026-08-27/source/scripts_stage/run_theta_rep.template.sh | results/collective_mode_response/CT_theta_m0_kn_88_L10_100fs_1ns_3rep/2026-08-27/scripts_stage/run_theta_rep.template.sh | results/collective_mode_response/axial_Cvz_m0_lowk_modecoupling_screen_88_L10_100fs_1ns_3rep/2026-08-27/scripts_stage/run_theta_rep.template.sh | results/collective_mode_response/m0_rotation_oxygen_stride_88_L10_100fs_10ns_3rep/2026-08-27/scripts/run_theta_rep.template.sh | results/collective_mode_response/relative_angular_current_m1m4_88_L10_100fs_10ns_3rep/2026-08-27/scripts/run_theta_rep.template.sh | results/collective_mode_response/theta_decom_msd_88_L2L5_100fs_10ns_4rep/2026-08-26/scripts/run_theta_rep.template.sh | results/collective_mode_response/theta_hydro_closure_recheck_88_L10_100fs_1ns_3rep/2026-08-27/scripts_stage/run_theta_rep.template.sh | results/collective_mode_response/theta_m0_weighted_factorization_m1m4_acf_88_L10_100fs_1ns_3rep/2026-08-27/scripts_stage/run_theta_rep.template.sh | stage_theta_decom_88_L2L10_100fs_10ns_20260826/run_theta_rep.template.sh
5fc5270bde9dccf4909292afa4e6f3cf2bf1d62c626e1f63f10226696f240097,13,assets/library/collective_dynamics/cjj_k_t/88_10L_axial_Cvz_m0_lowk_modecoupling_2026-08-27/source/scripts_stage/aggregate_m0_rotation_oxygen_stride.py | assets/library/collective_dynamics/cylindrical_helical_currents/88_10L_CT_theta_m0_kn_2026-08-27/source/scripts_stage/aggregate_m0_rotation_oxygen_stride.py | assets/library/collective_dynamics/cylindrical_helical_currents/88_10L_m0_rotation_diagnostic_2026-08-27/source/scripts/aggregate_m0_rotation_oxygen_stride.py | assets/library/collective_dynamics/cylindrical_helical_currents/88_10L_m0_weighted_factorization_m1m4_2026-08-27/source/scripts_stage/aggregate_m0_rotation_oxygen_stride.py | assets/library/collective_dynamics/cylindrical_helical_currents/88_10L_relative_angular_current_m1m4_2026-08-27/source/scripts/aggregate_m0_rotation_oxygen_stride.py | assets/library/collective_dynamics/cylindrical_helical_currents/88_10L_theta_hydro_closure_recheck_2026-08-27/source/scripts_stage/aggregate_m0_rotation_oxygen_stride.py | results/collective_mode_response/CT_theta_m0_kn_88_L10_100fs_1ns_3rep/2026-08-27/scripts_stage/aggregate_m0_rotation_oxygen_stride.py | results/collective_mode_response/axial_Cvz_m0_lowk_modecoupling_screen_88_L10_100fs_1ns_3rep/2026-08-27/scripts_stage/aggregate_m0_rotation_oxygen_stride.py | results/collective_mode_response/m0_rotation_oxygen_stride_88_L10_100fs_10ns_3rep/2026-08-27/scripts/aggregate_m0_rotation_oxygen_stride.py | results/collective_mode_response/relative_angular_current_m1m4_88_L10_100fs_10ns_3rep/2026-08-27/scripts/aggregate_m0_rotation_oxygen_stride.py | results/collective_mode_response/theta_hydro_closure_recheck_88_L10_100fs_1ns_3rep/2026-08-27/scripts_stage/aggregate_m0_rotation_oxygen_stride.py | results/collective_mode_response/theta_m0_weighted_factorization_m1m4_acf_88_L10_100fs_1ns_3rep/2026-08-27/scripts_stage/aggregate_m0_rotation_oxygen_stride.py | stage_theta_decom_88_L2L10_100fs_10ns_20260826/aggregate_m0_rotation_oxygen_stride.py
a029299a40315f07b9b2f8c76e66edbf4fb0f3a3cbb0ef37bc9258b5b417608a,13,assets/library/collective_dynamics/cjj_k_t/88_10L_axial_Cvz_m0_lowk_modecoupling_2026-08-27/source/scripts_stage/aggregate_relative_angular_current.py | assets/library/collective_dynamics/cylindrical_helical_currents/88_10L_CT_theta_m0_kn_2026-08-27/source/scripts_stage/aggregate_relative_angular_current.py | assets/library/collective_dynamics/cylindrical_helical_currents/88_10L_m0_rotation_diagnostic_2026-08-27/source/scripts/aggregate_relative_angular_current.py | assets/library/collective_dynamics/cylindrical_helical_currents/88_10L_m0_weighted_factorization_m1m4_2026-08-27/source/scripts_stage/aggregate_relative_angular_current.py | assets/library/collective_dynamics/cylindrical_helical_currents/88_10L_relative_angular_current_m1m4_2026-08-27/source/scripts/aggregate_relative_angular_current.py | assets/library/collective_dynamics/cylindrical_helical_currents/88_10L_theta_hydro_closure_recheck_2026-08-27/source/scripts_stage/aggregate_relative_angular_current.py | results/collective_mode_response/CT_theta_m0_kn_88_L10_100fs_1ns_3rep/2026-08-27/scripts_stage/aggregate_relative_angular_current.py | results/collective_mode_response/axial_Cvz_m0_lowk_modecoupling_screen_88_L10_100fs_1ns_3rep/2026-08-27/scripts_stage/aggregate_relative_angular_current.py | results/collective_mode_response/m0_rotation_oxygen_stride_88_L10_100fs_10ns_3rep/2026-08-27/scripts/aggregate_relative_angular_current.py | results/collective_mode_response/relative_angular_current_m1m4_88_L10_100fs_10ns_3rep/2026-08-27/scripts/aggregate_relative_angular_current.py | results/collective_mode_response/theta_hydro_closure_recheck_88_L10_100fs_1ns_3rep/2026-08-27/scripts_stage/aggregate_relative_angular_current.py | results/collective_mode_response/theta_m0_weighted_factorization_m1m4_acf_88_L10_100fs_1ns_3rep/2026-08-27/scripts_stage/aggregate_relative_angular_current.py | stage_theta_decom_88_L2L10_100fs_10ns_20260826/aggregate_relative_angular_current.py
ff100c539ae8ddf93fbd9b861660472e0e70ab9711cbf4190ab10d353f29d1ac,13,assets/library/collective_dynamics/cjj_k_t/88_10L_axial_Cvz_m0_lowk_modecoupling_2026-08-27/source/scripts_stage/analyze_L2L5L10_vacf_exit_offset.py | assets/library/collective_dynamics/cylindrical_helical_currents/88_10L_CT_theta_m0_kn_2026-08-27/source/scripts_stage/analyze_L2L5L10_vacf_exit_offset.py | assets/library/collective_dynamics/cylindrical_helical_currents/88_10L_m0_rotation_diagnostic_2026-08-27/source/scripts/analyze_L2L5L10_vacf_exit_offset.py | assets/library/collective_dynamics/cylindrical_helical_currents/88_10L_m0_weighted_factorization_m1m4_2026-08-27/source/scripts_stage/analyze_L2L5L10_vacf_exit_offset.py | assets/library/collective_dynamics/cylindrical_helical_currents/88_10L_relative_angular_current_m1m4_2026-08-27/source/scripts/analyze_L2L5L10_vacf_exit_offset.py | assets/library/collective_dynamics/cylindrical_helical_currents/88_10L_theta_hydro_closure_recheck_2026-08-27/source/scripts_stage/analyze_L2L5L10_vacf_exit_offset.py | results/collective_mode_response/CT_theta_m0_kn_88_L10_100fs_1ns_3rep/2026-08-27/scripts_stage/analyze_L2L5L10_vacf_exit_offset.py | results/collective_mode_response/axial_Cvz_m0_lowk_modecoupling_screen_88_L10_100fs_1ns_3rep/2026-08-27/scripts_stage/analyze_L2L5L10_vacf_exit_offset.py | results/collective_mode_response/m0_rotation_oxygen_stride_88_L10_100fs_10ns_3rep/2026-08-27/scripts/analyze_L2L5L10_vacf_exit_offset.py | results/collective_mode_response/relative_angular_current_m1m4_88_L10_100fs_10ns_3rep/2026-08-27/scripts/analyze_L2L5L10_vacf_exit_offset.py | results/collective_mode_response/theta_hydro_closure_recheck_88_L10_100fs_1ns_3rep/2026-08-27/scripts_stage/analyze_L2L5L10_vacf_exit_offset.py | results/collective_mode_response/theta_m0_weighted_factorization_m1m4_acf_88_L10_100fs_1ns_3rep/2026-08-27/scripts_stage/analyze_L2L5L10_vacf_exit_offset.py | stage_theta_decom_88_L2L10_100fs_10ns_20260826/analyze_L2L5L10_vacf_exit_offset.py
80c235ce6283f17391793fcdeb187fbb14b16fc45f8505e9bfea6f7ad4292a86,13,assets/library/collective_dynamics/cjj_k_t/88_10L_axial_Cvz_m0_lowk_modecoupling_2026-08-27/source/scripts_stage/analyze_L2L5_vacf_kmin_Fs_mechanism.py | assets/library/collective_dynamics/cylindrical_helical_currents/88_10L_CT_theta_m0_kn_2026-08-27/source/scripts_stage/analyze_L2L5_vacf_kmin_Fs_mechanism.py | assets/library/collective_dynamics/cylindrical_helical_currents/88_10L_m0_rotation_diagnostic_2026-08-27/source/scripts/analyze_L2L5_vacf_kmin_Fs_mechanism.py | assets/library/collective_dynamics/cylindrical_helical_currents/88_10L_m0_weighted_factorization_m1m4_2026-08-27/source/scripts_stage/analyze_L2L5_vacf_kmin_Fs_mechanism.py | assets/library/collective_dynamics/cylindrical_helical_currents/88_10L_relative_angular_current_m1m4_2026-08-27/source/scripts/analyze_L2L5_vacf_kmin_Fs_mechanism.py | assets/library/collective_dynamics/cylindrical_helical_currents/88_10L_theta_hydro_closure_recheck_2026-08-27/source/scripts_stage/analyze_L2L5_vacf_kmin_Fs_mechanism.py | results/collective_mode_response/CT_theta_m0_kn_88_L10_100fs_1ns_3rep/2026-08-27/scripts_stage/analyze_L2L5_vacf_kmin_Fs_mechanism.py | results/collective_mode_response/axial_Cvz_m0_lowk_modecoupling_screen_88_L10_100fs_1ns_3rep/2026-08-27/scripts_stage/analyze_L2L5_vacf_kmin_Fs_mechanism.py | results/collective_mode_response/m0_rotation_oxygen_stride_88_L10_100fs_10ns_3rep/2026-08-27/scripts/analyze_L2L5_vacf_kmin_Fs_mechanism.py | results/collective_mode_response/relative_angular_current_m1m4_88_L10_100fs_10ns_3rep/2026-08-27/scripts/analyze_L2L5_vacf_kmin_Fs_mechanism.py | results/collective_mode_response/theta_hydro_closure_recheck_88_L10_100fs_1ns_3rep/2026-08-27/scripts_stage/analyze_L2L5_vacf_kmin_Fs_mechanism.py | results/collective_mode_response/theta_m0_weighted_factorization_m1m4_acf_88_L10_100fs_1ns_3rep/2026-08-27/scripts_stage/analyze_L2L5_vacf_kmin_Fs_mechanism.py | stage_theta_decom_88_L2L10_100fs_10ns_20260826/analyze_L2L5_vacf_kmin_Fs_mechanism.py
faa881e801c99a31d4a5fe9fa5e6b2c21e1d808b543ce48406e796f3d528c62a,13,assets/library/collective_dynamics/cjj_k_t/88_10L_axial_Cvz_m0_lowk_modecoupling_2026-08-27/source/scripts_stage/analyze_Lz_vacf_positive_alpha.py | assets/library/collective_dynamics/cylindrical_helical_currents/88_10L_CT_theta_m0_kn_2026-08-27/source/scripts_stage/analyze_Lz_vacf_positive_alpha.py | assets/library/collective_dynamics/cylindrical_helical_currents/88_10L_m0_rotation_diagnostic_2026-08-27/source/scripts/analyze_Lz_vacf_positive_alpha.py | assets/library/collective_dynamics/cylindrical_helical_currents/88_10L_m0_weighted_factorization_m1m4_2026-08-27/source/scripts_stage/analyze_Lz_vacf_positive_alpha.py | assets/library/collective_dynamics/cylindrical_helical_currents/88_10L_relative_angular_current_m1m4_2026-08-27/source/scripts/analyze_Lz_vacf_positive_alpha.py | assets/library/collective_dynamics/cylindrical_helical_currents/88_10L_theta_hydro_closure_recheck_2026-08-27/source/scripts_stage/analyze_Lz_vacf_positive_alpha.py | results/collective_mode_response/CT_theta_m0_kn_88_L10_100fs_1ns_3rep/2026-08-27/scripts_stage/analyze_Lz_vacf_positive_alpha.py | results/collective_mode_response/axial_Cvz_m0_lowk_modecoupling_screen_88_L10_100fs_1ns_3rep/2026-08-27/scripts_stage/analyze_Lz_vacf_positive_alpha.py | results/collective_mode_response/m0_rotation_oxygen_stride_88_L10_100fs_10ns_3rep/2026-08-27/scripts/analyze_Lz_vacf_positive_alpha.py | results/collective_mode_response/relative_angular_current_m1m4_88_L10_100fs_10ns_3rep/2026-08-27/scripts/analyze_Lz_vacf_positive_alpha.py | results/collective_mode_response/theta_hydro_closure_recheck_88_L10_100fs_1ns_3rep/2026-08-27/scripts_stage/analyze_Lz_vacf_positive_alpha.py | results/collective_mode_response/theta_m0_weighted_factorization_m1m4_acf_88_L10_100fs_1ns_3rep/2026-08-27/scripts_stage/analyze_Lz_vacf_positive_alpha.py | stage_theta_decom_88_L2L10_100fs_10ns_20260826/analyze_Lz_vacf_positive_alpha.py
c076c17b09528c4c84ce0bed521966ddb5aaf86cd755365069fb8c841600715b,13,assets/library/collective_dynamics/cjj_k_t/88_10L_axial_Cvz_m0_lowk_modecoupling_2026-08-27/source/scripts_stage/analyze_alpha_z_rebound_peak_100fs.py | assets/library/collective_dynamics/cylindrical_helical_currents/88_10L_CT_theta_m0_kn_2026-08-27/source/scripts_stage/analyze_alpha_z_rebound_peak_100fs.py | assets/library/collective_dynamics/cylindrical_helical_currents/88_10L_m0_rotation_diagnostic_2026-08-27/source/scripts/analyze_alpha_z_rebound_peak_100fs.py | assets/library/collective_dynamics/cylindrical_helical_currents/88_10L_m0_weighted_factorization_m1m4_2026-08-27/source/scripts_stage/analyze_alpha_z_rebound_peak_100fs.py | assets/library/collective_dynamics/cylindrical_helical_currents/88_10L_relative_angular_current_m1m4_2026-08-27/source/scripts/analyze_alpha_z_rebound_peak_100fs.py | assets/library/collective_dynamics/cylindrical_helical_currents/88_10L_theta_hydro_closure_recheck_2026-08-27/source/scripts_stage/analyze_alpha_z_rebound_peak_100fs.py | results/collective_mode_response/CT_theta_m0_kn_88_L10_100fs_1ns_3rep/2026-08-27/scripts_stage/analyze_alpha_z_rebound_peak_100fs.py | results/collective_mode_response/axial_Cvz_m0_lowk_modecoupling_screen_88_L10_100fs_1ns_3rep/2026-08-27/scripts_stage/analyze_alpha_z_rebound_peak_100fs.py | results/collective_mode_response/m0_rotation_oxygen_stride_88_L10_100fs_10ns_3rep/2026-08-27/scripts/analyze_alpha_z_rebound_peak_100fs.py | results/collective_mode_response/relative_angular_current_m1m4_88_L10_100fs_10ns_3rep/2026-08-27/scripts/analyze_alpha_z_rebound_peak_100fs.py | results/collective_mode_response/theta_hydro_closure_recheck_88_L10_100fs_1ns_3rep/2026-08-27/scripts_stage/analyze_alpha_z_rebound_peak_100fs.py | results/collective_mode_response/theta_m0_weighted_factorization_m1m4_acf_88_L10_100fs_1ns_3rep/2026-08-27/scripts_stage/analyze_alpha_z_rebound_peak_100fs.py | stage_theta_decom_88_L2L10_100fs_10ns_20260826/analyze_alpha_z_rebound_peak_100fs.py
61316f46347e78d45a3caf4ac0d81095d5afd0d77a2bdf2d046f33d14376330d,13,assets/library/collective_dynamics/cjj_k_t/88_10L_axial_Cvz_m0_lowk_modecoupling_2026-08-27/source/scripts_stage/analyze_axial_m0_modecoupling_screen.py | assets/library/collective_dynamics/cylindrical_helical_currents/88_10L_CT_theta_m0_kn_2026-08-27/source/scripts_stage/analyze_axial_m0_modecoupling_screen.py | assets/library/collective_dynamics/cylindrical_helical_currents/88_10L_m0_rotation_diagnostic_2026-08-27/source/scripts/analyze_axial_m0_modecoupling_screen.py | assets/library/collective_dynamics/cylindrical_helical_currents/88_10L_m0_weighted_factorization_m1m4_2026-08-27/source/scripts_stage/analyze_axial_m0_modecoupling_screen.py | assets/library/collective_dynamics/cylindrical_helical_currents/88_10L_relative_angular_current_m1m4_2026-08-27/source/scripts/analyze_axial_m0_modecoupling_screen.py | assets/library/collective_dynamics/cylindrical_helical_currents/88_10L_theta_hydro_closure_recheck_2026-08-27/source/scripts_stage/analyze_axial_m0_modecoupling_screen.py | results/collective_mode_response/CT_theta_m0_kn_88_L10_100fs_1ns_3rep/2026-08-27/scripts_stage/analyze_axial_m0_modecoupling_screen.py | results/collective_mode_response/axial_Cvz_m0_lowk_modecoupling_screen_88_L10_100fs_1ns_3rep/2026-08-27/scripts_stage/analyze_axial_m0_modecoupling_screen.py | results/collective_mode_response/m0_rotation_oxygen_stride_88_L10_100fs_10ns_3rep/2026-08-27/scripts/analyze_axial_m0_modecoupling_screen.py | results/collective_mode_response/relative_angular_current_m1m4_88_L10_100fs_10ns_3rep/2026-08-27/scripts/analyze_axial_m0_modecoupling_screen.py | results/collective_mode_response/theta_hydro_closure_recheck_88_L10_100fs_1ns_3rep/2026-08-27/scripts_stage/analyze_axial_m0_modecoupling_screen.py | results/collective_mode_response/theta_m0_weighted_factorization_m1m4_acf_88_L10_100fs_1ns_3rep/2026-08-27/scripts_stage/analyze_axial_m0_modecoupling_screen.py | stage_theta_decom_88_L2L10_100fs_10ns_20260826/analyze_axial_m0_modecoupling_screen.py
761888309bbec6a0645e4905c5b35746043687f0479fcd45095b5a9a949c8513,13,assets/library/collective_dynamics/cjj_k_t/88_10L_axial_Cvz_m0_lowk_modecoupling_2026-08-27/source/scripts_stage/analyze_ct_theta_m0_kn.py | assets/library/collective_dynamics/cylindrical_helical_currents/88_10L_CT_theta_m0_kn_2026-08-27/source/scripts_stage/analyze_ct_theta_m0_kn.py | assets/library/collective_dynamics/cylindrical_helical_currents/88_10L_m0_rotation_diagnostic_2026-08-27/source/scripts/analyze_ct_theta_m0_kn.py | assets/library/collective_dynamics/cylindrical_helical_currents/88_10L_m0_weighted_factorization_m1m4_2026-08-27/source/scripts_stage/analyze_ct_theta_m0_kn.py | assets/library/collective_dynamics/cylindrical_helical_currents/88_10L_relative_angular_current_m1m4_2026-08-27/source/scripts/analyze_ct_theta_m0_kn.py | assets/library/collective_dynamics/cylindrical_helical_currents/88_10L_theta_hydro_closure_recheck_2026-08-27/source/scripts_stage/analyze_ct_theta_m0_kn.py | results/collective_mode_response/CT_theta_m0_kn_88_L10_100fs_1ns_3rep/2026-08-27/scripts_stage/analyze_ct_theta_m0_kn.py | results/collective_mode_response/axial_Cvz_m0_lowk_modecoupling_screen_88_L10_100fs_1ns_3rep/2026-08-27/scripts_stage/analyze_ct_theta_m0_kn.py | results/collective_mode_response/m0_rotation_oxygen_stride_88_L10_100fs_10ns_3rep/2026-08-27/scripts/analyze_ct_theta_m0_kn.py | results/collective_mode_response/relative_angular_current_m1m4_88_L10_100fs_10ns_3rep/2026-08-27/scripts/analyze_ct_theta_m0_kn.py | results/collective_mode_response/theta_hydro_closure_recheck_88_L10_100fs_1ns_3rep/2026-08-27/scripts_stage/analyze_ct_theta_m0_kn.py | results/collective_mode_response/theta_m0_weighted_factorization_m1m4_acf_88_L10_100fs_1ns_3rep/2026-08-27/scripts_stage/analyze_ct_theta_m0_kn.py | stage_theta_decom_88_L2L10_100fs_10ns_20260826/analyze_ct_theta_m0_kn.py
a31bf5f3658a62e4e720f44b5cc52c3fa784aa53e57dc4beedfd05f028fe8ae8,13,assets/library/collective_dynamics/cjj_k_t/88_10L_axial_Cvz_m0_lowk_modecoupling_2026-08-27/source/scripts_stage/analyze_ct_theta_m0_kn_acf.py | assets/library/collective_dynamics/cylindrical_helical_currents/88_10L_CT_theta_m0_kn_2026-08-27/source/scripts_stage/analyze_ct_theta_m0_kn_acf.py | assets/library/collective_dynamics/cylindrical_helical_currents/88_10L_m0_rotation_diagnostic_2026-08-27/source/scripts/analyze_ct_theta_m0_kn_acf.py | assets/library/collective_dynamics/cylindrical_helical_currents/88_10L_m0_weighted_factorization_m1m4_2026-08-27/source/scripts_stage/analyze_ct_theta_m0_kn_acf.py | assets/library/collective_dynamics/cylindrical_helical_currents/88_10L_relative_angular_current_m1m4_2026-08-27/source/scripts/analyze_ct_theta_m0_kn_acf.py | assets/library/collective_dynamics/cylindrical_helical_currents/88_10L_theta_hydro_closure_recheck_2026-08-27/source/scripts_stage/analyze_ct_theta_m0_kn_acf.py | results/collective_mode_response/CT_theta_m0_kn_88_L10_100fs_1ns_3rep/2026-08-27/scripts_stage/analyze_ct_theta_m0_kn_acf.py | results/collective_mode_response/axial_Cvz_m0_lowk_modecoupling_screen_88_L10_100fs_1ns_3rep/2026-08-27/scripts_stage/analyze_ct_theta_m0_kn_acf.py | results/collective_mode_response/m0_rotation_oxygen_stride_88_L10_100fs_10ns_3rep/2026-08-27/scripts/analyze_ct_theta_m0_kn_acf.py | results/collective_mode_response/relative_angular_current_m1m4_88_L10_100fs_10ns_3rep/2026-08-27/scripts/analyze_ct_theta_m0_kn_acf.py | results/collective_mode_response/theta_hydro_closure_recheck_88_L10_100fs_1ns_3rep/2026-08-27/scripts_stage/analyze_ct_theta_m0_kn_acf.py | results/collective_mode_response/theta_m0_weighted_factorization_m1m4_acf_88_L10_100fs_1ns_3rep/2026-08-27/scripts_stage/analyze_ct_theta_m0_kn_acf.py | stage_theta_decom_88_L2L10_100fs_10ns_20260826/analyze_ct_theta_m0_kn_acf.py
c3a7e393cfa7d1d7fd5b47d86fb322dc6b45b7115a4cc581d8bcabe186e7bb95,13,assets/library/collective_dynamics/cjj_k_t/88_10L_axial_Cvz_m0_lowk_modecoupling_2026-08-27/source/scripts_stage/analyze_helical_self_isf_k1.py | assets/library/collective_dynamics/cylindrical_helical_currents/88_10L_CT_theta_m0_kn_2026-08-27/source/scripts_stage/analyze_helical_self_isf_k1.py | assets/library/collective_dynamics/cylindrical_helical_currents/88_10L_m0_rotation_diagnostic_2026-08-27/source/scripts/analyze_helical_self_isf_k1.py | assets/library/collective_dynamics/cylindrical_helical_currents/88_10L_m0_weighted_factorization_m1m4_2026-08-27/source/scripts_stage/analyze_helical_self_isf_k1.py | assets/library/collective_dynamics/cylindrical_helical_currents/88_10L_relative_angular_current_m1m4_2026-08-27/source/scripts/analyze_helical_self_isf_k1.py | assets/library/collective_dynamics/cylindrical_helical_currents/88_10L_theta_hydro_closure_recheck_2026-08-27/source/scripts_stage/analyze_helical_self_isf_k1.py | results/collective_mode_response/CT_theta_m0_kn_88_L10_100fs_1ns_3rep/2026-08-27/scripts_stage/analyze_helical_self_isf_k1.py | results/collective_mode_response/axial_Cvz_m0_lowk_modecoupling_screen_88_L10_100fs_1ns_3rep/2026-08-27/scripts_stage/analyze_helical_self_isf_k1.py | results/collective_mode_response/m0_rotation_oxygen_stride_88_L10_100fs_10ns_3rep/2026-08-27/scripts/analyze_helical_self_isf_k1.py | results/collective_mode_response/relative_angular_current_m1m4_88_L10_100fs_10ns_3rep/2026-08-27/scripts/analyze_helical_self_isf_k1.py | results/collective_mode_response/theta_hydro_closure_recheck_88_L10_100fs_1ns_3rep/2026-08-27/scripts_stage/analyze_helical_self_isf_k1.py | results/collective_mode_response/theta_m0_weighted_factorization_m1m4_acf_88_L10_100fs_1ns_3rep/2026-08-27/scripts_stage/analyze_helical_self_isf_k1.py | stage_theta_decom_88_L2L10_100fs_10ns_20260826/analyze_helical_self_isf_k1.py
d538fc1a6d691ed232e9571324d3478d47d68d179f3a07ec56408dfb5e1fd881,13,assets/library/collective_dynamics/cjj_k_t/88_10L_axial_Cvz_m0_lowk_modecoupling_2026-08-27/source/scripts_stage/analyze_lowk_m1_dynamic_projection.py | assets/library/collective_dynamics/cylindrical_helical_currents/88_10L_CT_theta_m0_kn_2026-08-27/source/scripts_stage/analyze_lowk_m1_dynamic_projection.py | assets/library/collective_dynamics/cylindrical_helical_currents/88_10L_m0_rotation_diagnostic_2026-08-27/source/scripts/analyze_lowk_m1_dynamic_projection.py | assets/library/collective_dynamics/cylindrical_helical_currents/88_10L_m0_weighted_factorization_m1m4_2026-08-27/source/scripts_stage/analyze_lowk_m1_dynamic_projection.py | assets/library/collective_dynamics/cylindrical_helical_currents/88_10L_relative_angular_current_m1m4_2026-08-27/source/scripts/analyze_lowk_m1_dynamic_projection.py | assets/library/collective_dynamics/cylindrical_helical_currents/88_10L_theta_hydro_closure_recheck_2026-08-27/source/scripts_stage/analyze_lowk_m1_dynamic_projection.py | results/collective_mode_response/CT_theta_m0_kn_88_L10_100fs_1ns_3rep/2026-08-27/scripts_stage/analyze_lowk_m1_dynamic_projection.py | results/collective_mode_response/axial_Cvz_m0_lowk_modecoupling_screen_88_L10_100fs_1ns_3rep/2026-08-27/scripts_stage/analyze_lowk_m1_dynamic_projection.py | results/collective_mode_response/m0_rotation_oxygen_stride_88_L10_100fs_10ns_3rep/2026-08-27/scripts/analyze_lowk_m1_dynamic_projection.py | results/collective_mode_response/relative_angular_current_m1m4_88_L10_100fs_10ns_3rep/2026-08-27/scripts/analyze_lowk_m1_dynamic_projection.py | results/collective_mode_response/theta_hydro_closure_recheck_88_L10_100fs_1ns_3rep/2026-08-27/scripts_stage/analyze_lowk_m1_dynamic_projection.py | results/collective_mode_response/theta_m0_weighted_factorization_m1m4_acf_88_L10_100fs_1ns_3rep/2026-08-27/scripts_stage/analyze_lowk_m1_dynamic_projection.py | stage_theta_decom_88_L2L10_100fs_10ns_20260826/analyze_lowk_m1_dynamic_projection.py
27fc41aec2ccace6118508b3452b3bc786cbd2edce08df89f3a264631fc99a1c,13,assets/library/collective_dynamics/cjj_k_t/88_10L_axial_Cvz_m0_lowk_modecoupling_2026-08-27/source/scripts_stage/analyze_m0_n11n20_negative_lobe.py | assets/library/collective_dynamics/cylindrical_helical_currents/88_10L_CT_theta_m0_kn_2026-08-27/source/scripts_stage/analyze_m0_n11n20_negative_lobe.py | assets/library/collective_dynamics/cylindrical_helical_currents/88_10L_m0_rotation_diagnostic_2026-08-27/source/scripts/analyze_m0_n11n20_negative_lobe.py | assets/library/collective_dynamics/cylindrical_helical_currents/88_10L_m0_weighted_factorization_m1m4_2026-08-27/source/scripts_stage/analyze_m0_n11n20_negative_lobe.py | assets/library/collective_dynamics/cylindrical_helical_currents/88_10L_relative_angular_current_m1m4_2026-08-27/source/scripts/analyze_m0_n11n20_negative_lobe.py | assets/library/collective_dynamics/cylindrical_helical_currents/88_10L_theta_hydro_closure_recheck_2026-08-27/source/scripts_stage/analyze_m0_n11n20_negative_lobe.py | results/collective_mode_response/CT_theta_m0_kn_88_L10_100fs_1ns_3rep/2026-08-27/scripts_stage/analyze_m0_n11n20_negative_lobe.py | results/collective_mode_response/axial_Cvz_m0_lowk_modecoupling_screen_88_L10_100fs_1ns_3rep/2026-08-27/scripts_stage/analyze_m0_n11n20_negative_lobe.py | results/collective_mode_response/m0_rotation_oxygen_stride_88_L10_100fs_10ns_3rep/2026-08-27/scripts/analyze_m0_n11n20_negative_lobe.py | results/collective_mode_response/relative_angular_current_m1m4_88_L10_100fs_10ns_3rep/2026-08-27/scripts/analyze_m0_n11n20_negative_lobe.py | results/collective_mode_response/theta_hydro_closure_recheck_88_L10_100fs_1ns_3rep/2026-08-27/scripts_stage/analyze_m0_n11n20_negative_lobe.py | results/collective_mode_response/theta_m0_weighted_factorization_m1m4_acf_88_L10_100fs_1ns_3rep/2026-08-27/scripts_stage/analyze_m0_n11n20_negative_lobe.py | stage_theta_decom_88_L2L10_100fs_10ns_20260826/analyze_m0_n11n20_negative_lobe.py
c1823d2c37b317126bbaba4d04dd9d44e60d95b016f73bf80b20c61c7e897fc3,13,assets/library/collective_dynamics/cjj_k_t/88_10L_axial_Cvz_m0_lowk_modecoupling_2026-08-27/source/scripts_stage/analyze_m0_odd_even_counterfactual.py | assets/library/collective_dynamics/cylindrical_helical_currents/88_10L_CT_theta_m0_kn_2026-08-27/source/scripts_stage/analyze_m0_odd_even_counterfactual.py | assets/library/collective_dynamics/cylindrical_helical_currents/88_10L_m0_rotation_diagnostic_2026-08-27/source/scripts/analyze_m0_odd_even_counterfactual.py | assets/library/collective_dynamics/cylindrical_helical_currents/88_10L_m0_weighted_factorization_m1m4_2026-08-27/source/scripts_stage/analyze_m0_odd_even_counterfactual.py | assets/library/collective_dynamics/cylindrical_helical_currents/88_10L_relative_angular_current_m1m4_2026-08-27/source/scripts/analyze_m0_odd_even_counterfactual.py | assets/library/collective_dynamics/cylindrical_helical_currents/88_10L_theta_hydro_closure_recheck_2026-08-27/source/scripts_stage/analyze_m0_odd_even_counterfactual.py | results/collective_mode_response/CT_theta_m0_kn_88_L10_100fs_1ns_3rep/2026-08-27/scripts_stage/analyze_m0_odd_even_counterfactual.py | results/collective_mode_response/axial_Cvz_m0_lowk_modecoupling_screen_88_L10_100fs_1ns_3rep/2026-08-27/scripts_stage/analyze_m0_odd_even_counterfactual.py | results/collective_mode_response/m0_rotation_oxygen_stride_88_L10_100fs_10ns_3rep/2026-08-27/scripts/analyze_m0_odd_even_counterfactual.py | results/collective_mode_response/relative_angular_current_m1m4_88_L10_100fs_10ns_3rep/2026-08-27/scripts/analyze_m0_odd_even_counterfactual.py | results/collective_mode_response/theta_hydro_closure_recheck_88_L10_100fs_1ns_3rep/2026-08-27/scripts_stage/analyze_m0_odd_even_counterfactual.py | results/collective_mode_response/theta_m0_weighted_factorization_m1m4_acf_88_L10_100fs_1ns_3rep/2026-08-27/scripts_stage/analyze_m0_odd_even_counterfactual.py | stage_theta_decom_88_L2L10_100fs_10ns_20260826/analyze_m0_odd_even_counterfactual.py
bbbbe8eb7a09365e8e98ee1857f5a2422c70cf2ab0ca4b3313379adfd7c5d44f,13,assets/library/collective_dynamics/cjj_k_t/88_10L_axial_Cvz_m0_lowk_modecoupling_2026-08-27/source/scripts_stage/analyze_m0_rotation_oxygen_stride.py | assets/library/collective_dynamics/cylindrical_helical_currents/88_10L_CT_theta_m0_kn_2026-08-27/source/scripts_stage/analyze_m0_rotation_oxygen_stride.py | assets/library/collective_dynamics/cylindrical_helical_currents/88_10L_m0_rotation_diagnostic_2026-08-27/source/scripts/analyze_m0_rotation_oxygen_stride.py | assets/library/collective_dynamics/cylindrical_helical_currents/88_10L_m0_weighted_factorization_m1m4_2026-08-27/source/scripts_stage/analyze_m0_rotation_oxygen_stride.py | assets/library/collective_dynamics/cylindrical_helical_currents/88_10L_relative_angular_current_m1m4_2026-08-27/source/scripts/analyze_m0_rotation_oxygen_stride.py | assets/library/collective_dynamics/cylindrical_helical_currents/88_10L_theta_hydro_closure_recheck_2026-08-27/source/scripts_stage/analyze_m0_rotation_oxygen_stride.py | results/collective_mode_response/CT_theta_m0_kn_88_L10_100fs_1ns_3rep/2026-08-27/scripts_stage/analyze_m0_rotation_oxygen_stride.py | results/collective_mode_response/axial_Cvz_m0_lowk_modecoupling_screen_88_L10_100fs_1ns_3rep/2026-08-27/scripts_stage/analyze_m0_rotation_oxygen_stride.py | results/collective_mode_response/m0_rotation_oxygen_stride_88_L10_100fs_10ns_3rep/2026-08-27/scripts/analyze_m0_rotation_oxygen_stride.py | results/collective_mode_response/relative_angular_current_m1m4_88_L10_100fs_10ns_3rep/2026-08-27/scripts/analyze_m0_rotation_oxygen_stride.py | results/collective_mode_response/theta_hydro_closure_recheck_88_L10_100fs_1ns_3rep/2026-08-27/scripts_stage/analyze_m0_rotation_oxygen_stride.py | results/collective_mode_response/theta_m0_weighted_factorization_m1m4_acf_88_L10_100fs_1ns_3rep/2026-08-27/scripts_stage/analyze_m0_rotation_oxygen_stride.py | stage_theta_decom_88_L2L10_100fs_10ns_20260826/analyze_m0_rotation_oxygen_stride.py
b702f13ca22c0b73282d37c55f99e2354f0fb6b52320124dfa75713a6c90ad9a,13,assets/library/collective_dynamics/cjj_k_t/88_10L_axial_Cvz_m0_lowk_modecoupling_2026-08-27/source/scripts_stage/analyze_relative_angular_current_stride.py | assets/library/collective_dynamics/cylindrical_helical_currents/88_10L_CT_theta_m0_kn_2026-08-27/source/scripts_stage/analyze_relative_angular_current_stride.py | assets/library/collective_dynamics/cylindrical_helical_currents/88_10L_m0_rotation_diagnostic_2026-08-27/source/scripts/analyze_relative_angular_current_stride.py | assets/library/collective_dynamics/cylindrical_helical_currents/88_10L_m0_weighted_factorization_m1m4_2026-08-27/source/scripts_stage/analyze_relative_angular_current_stride.py | assets/library/collective_dynamics/cylindrical_helical_currents/88_10L_relative_angular_current_m1m4_2026-08-27/source/scripts/analyze_relative_angular_current_stride.py | assets/library/collective_dynamics/cylindrical_helical_currents/88_10L_theta_hydro_closure_recheck_2026-08-27/source/scripts_stage/analyze_relative_angular_current_stride.py | results/collective_mode_response/CT_theta_m0_kn_88_L10_100fs_1ns_3rep/2026-08-27/scripts_stage/analyze_relative_angular_current_stride.py | results/collective_mode_response/axial_Cvz_m0_lowk_modecoupling_screen_88_L10_100fs_1ns_3rep/2026-08-27/scripts_stage/analyze_relative_angular_current_stride.py | results/collective_mode_response/m0_rotation_oxygen_stride_88_L10_100fs_10ns_3rep/2026-08-27/scripts/analyze_relative_angular_current_stride.py | results/collective_mode_response/relative_angular_current_m1m4_88_L10_100fs_10ns_3rep/2026-08-27/scripts/analyze_relative_angular_current_stride.py | results/collective_mode_response/theta_hydro_closure_recheck_88_L10_100fs_1ns_3rep/2026-08-27/scripts_stage/analyze_relative_angular_current_stride.py | results/collective_mode_response/theta_m0_weighted_factorization_m1m4_acf_88_L10_100fs_1ns_3rep/2026-08-27/scripts_stage/analyze_relative_angular_current_stride.py | stage_theta_decom_88_L2L10_100fs_10ns_20260826/analyze_relative_angular_current_stride.py
b669dc5ba4bd91d4fe7f6cb6c4b93e8629b8a08ee79694fefa7675ae30aba28d,13,assets/library/collective_dynamics/cjj_k_t/88_10L_axial_Cvz_m0_lowk_modecoupling_2026-08-27/source/scripts_stage/analyze_smallm_polarization_lifetime.py | assets/library/collective_dynamics/cylindrical_helical_currents/88_10L_CT_theta_m0_kn_2026-08-27/source/scripts_stage/analyze_smallm_polarization_lifetime.py | assets/library/collective_dynamics/cylindrical_helical_currents/88_10L_m0_rotation_diagnostic_2026-08-27/source/scripts/analyze_smallm_polarization_lifetime.py | assets/library/collective_dynamics/cylindrical_helical_currents/88_10L_m0_weighted_factorization_m1m4_2026-08-27/source/scripts_stage/analyze_smallm_polarization_lifetime.py | assets/library/collective_dynamics/cylindrical_helical_currents/88_10L_relative_angular_current_m1m4_2026-08-27/source/scripts/analyze_smallm_polarization_lifetime.py | assets/library/collective_dynamics/cylindrical_helical_currents/88_10L_theta_hydro_closure_recheck_2026-08-27/source/scripts_stage/analyze_smallm_polarization_lifetime.py | results/collective_mode_response/CT_theta_m0_kn_88_L10_100fs_1ns_3rep/2026-08-27/scripts_stage/analyze_smallm_polarization_lifetime.py | results/collective_mode_response/axial_Cvz_m0_lowk_modecoupling_screen_88_L10_100fs_1ns_3rep/2026-08-27/scripts_stage/analyze_smallm_polarization_lifetime.py | results/collective_mode_response/m0_rotation_oxygen_stride_88_L10_100fs_10ns_3rep/2026-08-27/scripts/analyze_smallm_polarization_lifetime.py | results/collective_mode_response/relative_angular_current_m1m4_88_L10_100fs_10ns_3rep/2026-08-27/scripts/analyze_smallm_polarization_lifetime.py | results/collective_mode_response/theta_hydro_closure_recheck_88_L10_100fs_1ns_3rep/2026-08-27/scripts_stage/analyze_smallm_polarization_lifetime.py | results/collective_mode_response/theta_m0_weighted_factorization_m1m4_acf_88_L10_100fs_1ns_3rep/2026-08-27/scripts_stage/analyze_smallm_polarization_lifetime.py | stage_theta_decom_88_L2L10_100fs_10ns_20260826/analyze_smallm_polarization_lifetime.py
c484f4df67101151ccf8f457230b345b1f30ad241ea229b2335afebe21299595,13,assets/library/collective_dynamics/cjj_k_t/88_10L_axial_Cvz_m0_lowk_modecoupling_2026-08-27/source/scripts_stage/analyze_tagged_collective_vertex_m0.py | assets/library/collective_dynamics/cylindrical_helical_currents/88_10L_CT_theta_m0_kn_2026-08-27/source/scripts_stage/analyze_tagged_collective_vertex_m0.py | assets/library/collective_dynamics/cylindrical_helical_currents/88_10L_m0_rotation_diagnostic_2026-08-27/source/scripts/analyze_tagged_collective_vertex_m0.py | assets/library/collective_dynamics/cylindrical_helical_currents/88_10L_m0_weighted_factorization_m1m4_2026-08-27/source/scripts_stage/analyze_tagged_collective_vertex_m0.py | assets/library/collective_dynamics/cylindrical_helical_currents/88_10L_relative_angular_current_m1m4_2026-08-27/source/scripts/analyze_tagged_collective_vertex_m0.py | assets/library/collective_dynamics/cylindrical_helical_currents/88_10L_theta_hydro_closure_recheck_2026-08-27/source/scripts_stage/analyze_tagged_collective_vertex_m0.py | results/collective_mode_response/CT_theta_m0_kn_88_L10_100fs_1ns_3rep/2026-08-27/scripts_stage/analyze_tagged_collective_vertex_m0.py | results/collective_mode_response/axial_Cvz_m0_lowk_modecoupling_screen_88_L10_100fs_1ns_3rep/2026-08-27/scripts_stage/analyze_tagged_collective_vertex_m0.py | results/collective_mode_response/m0_rotation_oxygen_stride_88_L10_100fs_10ns_3rep/2026-08-27/scripts/analyze_tagged_collective_vertex_m0.py | results/collective_mode_response/relative_angular_current_m1m4_88_L10_100fs_10ns_3rep/2026-08-27/scripts/analyze_tagged_collective_vertex_m0.py | results/collective_mode_response/theta_hydro_closure_recheck_88_L10_100fs_1ns_3rep/2026-08-27/scripts_stage/analyze_tagged_collective_vertex_m0.py | results/collective_mode_response/theta_m0_weighted_factorization_m1m4_acf_88_L10_100fs_1ns_3rep/2026-08-27/scripts_stage/analyze_tagged_collective_vertex_m0.py | stage_theta_decom_88_L2L10_100fs_10ns_20260826/analyze_tagged_collective_vertex_m0.py
7dfe72108dac78f2b63bd2d0c17ff33219142ef7f1ab2dd5fee0750ca18afa3c,13,assets/library/collective_dynamics/cjj_k_t/88_10L_axial_Cvz_m0_lowk_modecoupling_2026-08-27/source/scripts_stage/analyze_tagged_collective_vertex_mixed_pairs.py | assets/library/collective_dynamics/cylindrical_helical_currents/88_10L_CT_theta_m0_kn_2026-08-27/source/scripts_stage/analyze_tagged_collective_vertex_mixed_pairs.py | assets/library/collective_dynamics/cylindrical_helical_currents/88_10L_m0_rotation_diagnostic_2026-08-27/source/scripts/analyze_tagged_collective_vertex_mixed_pairs.py | assets/library/collective_dynamics/cylindrical_helical_currents/88_10L_m0_weighted_factorization_m1m4_2026-08-27/source/scripts_stage/analyze_tagged_collective_vertex_mixed_pairs.py | assets/library/collective_dynamics/cylindrical_helical_currents/88_10L_relative_angular_current_m1m4_2026-08-27/source/scripts/analyze_tagged_collective_vertex_mixed_pairs.py | assets/library/collective_dynamics/cylindrical_helical_currents/88_10L_theta_hydro_closure_recheck_2026-08-27/source/scripts_stage/analyze_tagged_collective_vertex_mixed_pairs.py | results/collective_mode_response/CT_theta_m0_kn_88_L10_100fs_1ns_3rep/2026-08-27/scripts_stage/analyze_tagged_collective_vertex_mixed_pairs.py | results/collective_mode_response/axial_Cvz_m0_lowk_modecoupling_screen_88_L10_100fs_1ns_3rep/2026-08-27/scripts_stage/analyze_tagged_collective_vertex_mixed_pairs.py | results/collective_mode_response/m0_rotation_oxygen_stride_88_L10_100fs_10ns_3rep/2026-08-27/scripts/analyze_tagged_collective_vertex_mixed_pairs.py | results/collective_mode_response/relative_angular_current_m1m4_88_L10_100fs_10ns_3rep/2026-08-27/scripts/analyze_tagged_collective_vertex_mixed_pairs.py | results/collective_mode_response/theta_hydro_closure_recheck_88_L10_100fs_1ns_3rep/2026-08-27/scripts_stage/analyze_tagged_collective_vertex_mixed_pairs.py | results/collective_mode_response/theta_m0_weighted_factorization_m1m4_acf_88_L10_100fs_1ns_3rep/2026-08-27/scripts_stage/analyze_tagged_collective_vertex_mixed_pairs.py | stage_theta_decom_88_L2L10_100fs_10ns_20260826/analyze_tagged_collective_vertex_mixed_pairs.py
582bf28566a333e990b7841a9910ee5cad5b2cef48bd5397e2685d5d921a721d,13,assets/library/collective_dynamics/cjj_k_t/88_10L_axial_Cvz_m0_lowk_modecoupling_2026-08-27/source/scripts_stage/analyze_theta_m0_factorization_m1m4.py | assets/library/collective_dynamics/cylindrical_helical_currents/88_10L_CT_theta_m0_kn_2026-08-27/source/scripts_stage/analyze_theta_m0_factorization_m1m4.py | assets/library/collective_dynamics/cylindrical_helical_currents/88_10L_m0_rotation_diagnostic_2026-08-27/source/scripts/analyze_theta_m0_factorization_m1m4.py | assets/library/collective_dynamics/cylindrical_helical_currents/88_10L_m0_weighted_factorization_m1m4_2026-08-27/source/scripts_stage/analyze_theta_m0_factorization_m1m4.py | assets/library/collective_dynamics/cylindrical_helical_currents/88_10L_relative_angular_current_m1m4_2026-08-27/source/scripts/analyze_theta_m0_factorization_m1m4.py | assets/library/collective_dynamics/cylindrical_helical_currents/88_10L_theta_hydro_closure_recheck_2026-08-27/source/scripts_stage/analyze_theta_m0_factorization_m1m4.py | results/collective_mode_response/CT_theta_m0_kn_88_L10_100fs_1ns_3rep/2026-08-27/scripts_stage/analyze_theta_m0_factorization_m1m4.py | results/collective_mode_response/axial_Cvz_m0_lowk_modecoupling_screen_88_L10_100fs_1ns_3rep/2026-08-27/scripts_stage/analyze_theta_m0_factorization_m1m4.py | results/collective_mode_response/m0_rotation_oxygen_stride_88_L10_100fs_10ns_3rep/2026-08-27/scripts/analyze_theta_m0_factorization_m1m4.py | results/collective_mode_response/relative_angular_current_m1m4_88_L10_100fs_10ns_3rep/2026-08-27/scripts/analyze_theta_m0_factorization_m1m4.py | results/collective_mode_response/theta_hydro_closure_recheck_88_L10_100fs_1ns_3rep/2026-08-27/scripts_stage/analyze_theta_m0_factorization_m1m4.py | results/collective_mode_response/theta_m0_weighted_factorization_m1m4_acf_88_L10_100fs_1ns_3rep/2026-08-27/scripts_stage/analyze_theta_m0_factorization_m1m4.py | stage_theta_decom_88_L2L10_100fs_10ns_20260826/analyze_theta_m0_factorization_m1m4.py
8ce64a54e204e609ff9c3706f825e3da18954539d842d303a2d26a6902817165,13,assets/library/collective_dynamics/cjj_k_t/88_10L_axial_Cvz_m0_lowk_modecoupling_2026-08-27/source/scripts_stage/analyze_theta_rep_memmap.py | assets/library/collective_dynamics/cylindrical_helical_currents/88_10L_CT_theta_m0_kn_2026-08-27/source/scripts_stage/analyze_theta_rep_memmap.py | assets/library/collective_dynamics/cylindrical_helical_currents/88_10L_m0_rotation_diagnostic_2026-08-27/source/scripts/analyze_theta_rep_memmap.py | assets/library/collective_dynamics/cylindrical_helical_currents/88_10L_m0_weighted_factorization_m1m4_2026-08-27/source/scripts_stage/analyze_theta_rep_memmap.py | assets/library/collective_dynamics/cylindrical_helical_currents/88_10L_relative_angular_current_m1m4_2026-08-27/source/scripts/analyze_theta_rep_memmap.py | assets/library/collective_dynamics/cylindrical_helical_currents/88_10L_theta_hydro_closure_recheck_2026-08-27/source/scripts_stage/analyze_theta_rep_memmap.py | results/collective_mode_response/CT_theta_m0_kn_88_L10_100fs_1ns_3rep/2026-08-27/scripts_stage/analyze_theta_rep_memmap.py | results/collective_mode_response/axial_Cvz_m0_lowk_modecoupling_screen_88_L10_100fs_1ns_3rep/2026-08-27/scripts_stage/analyze_theta_rep_memmap.py | results/collective_mode_response/m0_rotation_oxygen_stride_88_L10_100fs_10ns_3rep/2026-08-27/scripts/analyze_theta_rep_memmap.py | results/collective_mode_response/relative_angular_current_m1m4_88_L10_100fs_10ns_3rep/2026-08-27/scripts/analyze_theta_rep_memmap.py | results/collective_mode_response/theta_hydro_closure_recheck_88_L10_100fs_1ns_3rep/2026-08-27/scripts_stage/analyze_theta_rep_memmap.py | results/collective_mode_response/theta_m0_weighted_factorization_m1m4_acf_88_L10_100fs_1ns_3rep/2026-08-27/scripts_stage/analyze_theta_rep_memmap.py | stage_theta_decom_88_L2L10_100fs_10ns_20260826/analyze_theta_rep_memmap.py
3a8748fbd4b31982b043c91e789b646c51aac8f4200437bee1510d5e348978cd,13,assets/library/collective_dynamics/cjj_k_t/88_10L_axial_Cvz_m0_lowk_modecoupling_2026-08-27/source/scripts_stage/analyze_unnormalized_cjj_static_screen.py | assets/library/collective_dynamics/cylindrical_helical_currents/88_10L_CT_theta_m0_kn_2026-08-27/source/scripts_stage/analyze_unnormalized_cjj_static_screen.py | assets/library/collective_dynamics/cylindrical_helical_currents/88_10L_m0_rotation_diagnostic_2026-08-27/source/scripts/analyze_unnormalized_cjj_static_screen.py | assets/library/collective_dynamics/cylindrical_helical_currents/88_10L_m0_weighted_factorization_m1m4_2026-08-27/source/scripts_stage/analyze_unnormalized_cjj_static_screen.py | assets/library/collective_dynamics/cylindrical_helical_currents/88_10L_relative_angular_current_m1m4_2026-08-27/source/scripts/analyze_unnormalized_cjj_static_screen.py | assets/library/collective_dynamics/cylindrical_helical_currents/88_10L_theta_hydro_closure_recheck_2026-08-27/source/scripts_stage/analyze_unnormalized_cjj_static_screen.py | results/collective_mode_response/CT_theta_m0_kn_88_L10_100fs_1ns_3rep/2026-08-27/scripts_stage/analyze_unnormalized_cjj_static_screen.py | results/collective_mode_response/axial_Cvz_m0_lowk_modecoupling_screen_88_L10_100fs_1ns_3rep/2026-08-27/scripts_stage/analyze_unnormalized_cjj_static_screen.py | results/collective_mode_response/m0_rotation_oxygen_stride_88_L10_100fs_10ns_3rep/2026-08-27/scripts/analyze_unnormalized_cjj_static_screen.py | results/collective_mode_response/relative_angular_current_m1m4_88_L10_100fs_10ns_3rep/2026-08-27/scripts/analyze_unnormalized_cjj_static_screen.py | results/collective_mode_response/theta_hydro_closure_recheck_88_L10_100fs_1ns_3rep/2026-08-27/scripts_stage/analyze_unnormalized_cjj_static_screen.py | results/collective_mode_response/theta_m0_weighted_factorization_m1m4_acf_88_L10_100fs_1ns_3rep/2026-08-27/scripts_stage/analyze_unnormalized_cjj_static_screen.py | stage_theta_decom_88_L2L10_100fs_10ns_20260826/analyze_unnormalized_cjj_static_screen.py
6da0937e6b7bdd80cbd557ddf0720a9942d84dc26b9526eb43f510240a6060c8,13,assets/library/collective_dynamics/cjj_k_t/88_10L_axial_Cvz_m0_lowk_modecoupling_2026-08-27/source/scripts_stage/analyze_viscoelastic_mixed_band.py | assets/library/collective_dynamics/cylindrical_helical_currents/88_10L_CT_theta_m0_kn_2026-08-27/source/scripts_stage/analyze_viscoelastic_mixed_band.py | assets/library/collective_dynamics/cylindrical_helical_currents/88_10L_m0_rotation_diagnostic_2026-08-27/source/scripts/analyze_viscoelastic_mixed_band.py | assets/library/collective_dynamics/cylindrical_helical_currents/88_10L_m0_weighted_factorization_m1m4_2026-08-27/source/scripts_stage/analyze_viscoelastic_mixed_band.py | assets/library/collective_dynamics/cylindrical_helical_currents/88_10L_relative_angular_current_m1m4_2026-08-27/source/scripts/analyze_viscoelastic_mixed_band.py | assets/library/collective_dynamics/cylindrical_helical_currents/88_10L_theta_hydro_closure_recheck_2026-08-27/source/scripts_stage/analyze_viscoelastic_mixed_band.py | results/collective_mode_response/CT_theta_m0_kn_88_L10_100fs_1ns_3rep/2026-08-27/scripts_stage/analyze_viscoelastic_mixed_band.py | results/collective_mode_response/axial_Cvz_m0_lowk_modecoupling_screen_88_L10_100fs_1ns_3rep/2026-08-27/scripts_stage/analyze_viscoelastic_mixed_band.py | results/collective_mode_response/m0_rotation_oxygen_stride_88_L10_100fs_10ns_3rep/2026-08-27/scripts/analyze_viscoelastic_mixed_band.py | results/collective_mode_response/relative_angular_current_m1m4_88_L10_100fs_10ns_3rep/2026-08-27/scripts/analyze_viscoelastic_mixed_band.py | results/collective_mode_response/theta_hydro_closure_recheck_88_L10_100fs_1ns_3rep/2026-08-27/scripts_stage/analyze_viscoelastic_mixed_band.py | results/collective_mode_response/theta_m0_weighted_factorization_m1m4_acf_88_L10_100fs_1ns_3rep/2026-08-27/scripts_stage/analyze_viscoelastic_mixed_band.py | stage_theta_decom_88_L2L10_100fs_10ns_20260826/analyze_viscoelastic_mixed_band.py
d6aeb8a50173f55ed6a371853ce1e881b61b361f6af1a5baa073322bf6be1040,13,assets/library/collective_dynamics/cjj_k_t/88_10L_axial_Cvz_m0_lowk_modecoupling_2026-08-27/source/scripts_stage/audit_alpha_exponential_source_10fs.py | assets/library/collective_dynamics/cylindrical_helical_currents/88_10L_CT_theta_m0_kn_2026-08-27/source/scripts_stage/audit_alpha_exponential_source_10fs.py | assets/library/collective_dynamics/cylindrical_helical_currents/88_10L_m0_rotation_diagnostic_2026-08-27/source/scripts/audit_alpha_exponential_source_10fs.py | assets/library/collective_dynamics/cylindrical_helical_currents/88_10L_m0_weighted_factorization_m1m4_2026-08-27/source/scripts_stage/audit_alpha_exponential_source_10fs.py | assets/library/collective_dynamics/cylindrical_helical_currents/88_10L_relative_angular_current_m1m4_2026-08-27/source/scripts/audit_alpha_exponential_source_10fs.py | assets/library/collective_dynamics/cylindrical_helical_currents/88_10L_theta_hydro_closure_recheck_2026-08-27/source/scripts_stage/audit_alpha_exponential_source_10fs.py | results/collective_mode_response/CT_theta_m0_kn_88_L10_100fs_1ns_3rep/2026-08-27/scripts_stage/audit_alpha_exponential_source_10fs.py | results/collective_mode_response/axial_Cvz_m0_lowk_modecoupling_screen_88_L10_100fs_1ns_3rep/2026-08-27/scripts_stage/audit_alpha_exponential_source_10fs.py | results/collective_mode_response/m0_rotation_oxygen_stride_88_L10_100fs_10ns_3rep/2026-08-27/scripts/audit_alpha_exponential_source_10fs.py | results/collective_mode_response/relative_angular_current_m1m4_88_L10_100fs_10ns_3rep/2026-08-27/scripts/audit_alpha_exponential_source_10fs.py | results/collective_mode_response/theta_hydro_closure_recheck_88_L10_100fs_1ns_3rep/2026-08-27/scripts_stage/audit_alpha_exponential_source_10fs.py | results/collective_mode_response/theta_m0_weighted_factorization_m1m4_acf_88_L10_100fs_1ns_3rep/2026-08-27/scripts_stage/audit_alpha_exponential_source_10fs.py | stage_theta_decom_88_L2L10_100fs_10ns_20260826/audit_alpha_exponential_source_10fs.py
f857b32cb22718ff95dbae4c1acd0dfc2a72ac02da25b5ec334cef2ccc7626d1,13,assets/library/collective_dynamics/cjj_k_t/88_10L_axial_Cvz_m0_lowk_modecoupling_2026-08-27/source/scripts_stage/check_merge.py | assets/library/collective_dynamics/cylindrical_helical_currents/88_10L_CT_theta_m0_kn_2026-08-27/source/scripts_stage/check_merge.py | assets/library/collective_dynamics/cylindrical_helical_currents/88_10L_m0_rotation_diagnostic_2026-08-27/source/scripts/check_merge.py | assets/library/collective_dynamics/cylindrical_helical_currents/88_10L_m0_weighted_factorization_m1m4_2026-08-27/source/scripts_stage/check_merge.py | assets/library/collective_dynamics/cylindrical_helical_currents/88_10L_relative_angular_current_m1m4_2026-08-27/source/scripts/check_merge.py | assets/library/collective_dynamics/cylindrical_helical_currents/88_10L_theta_hydro_closure_recheck_2026-08-27/source/scripts_stage/check_merge.py | results/collective_mode_response/CT_theta_m0_kn_88_L10_100fs_1ns_3rep/2026-08-27/scripts_stage/check_merge.py | results/collective_mode_response/axial_Cvz_m0_lowk_modecoupling_screen_88_L10_100fs_1ns_3rep/2026-08-27/scripts_stage/check_merge.py | results/collective_mode_response/m0_rotation_oxygen_stride_88_L10_100fs_10ns_3rep/2026-08-27/scripts/check_merge.py | results/collective_mode_response/relative_angular_current_m1m4_88_L10_100fs_10ns_3rep/2026-08-27/scripts/check_merge.py | results/collective_mode_response/theta_hydro_closure_recheck_88_L10_100fs_1ns_3rep/2026-08-27/scripts_stage/check_merge.py | results/collective_mode_response/theta_m0_weighted_factorization_m1m4_acf_88_L10_100fs_1ns_3rep/2026-08-27/scripts_stage/check_merge.py | stage_theta_decom_88_L2L10_100fs_10ns_20260826/check_merge.py
f7874759a598c1244c091e33898625e0553862c438bbe6ca1d52f73ac8884e20,13,assets/library/collective_dynamics/cjj_k_t/88_10L_axial_Cvz_m0_lowk_modecoupling_2026-08-27/source/scripts_stage/check_remote_parser.py | assets/library/collective_dynamics/cylindrical_helical_currents/88_10L_CT_theta_m0_kn_2026-08-27/source/scripts_stage/check_remote_parser.py | assets/library/collective_dynamics/cylindrical_helical_currents/88_10L_m0_rotation_diagnostic_2026-08-27/source/scripts/check_remote_parser.py | assets/library/collective_dynamics/cylindrical_helical_currents/88_10L_m0_weighted_factorization_m1m4_2026-08-27/source/scripts_stage/check_remote_parser.py | assets/library/collective_dynamics/cylindrical_helical_currents/88_10L_relative_angular_current_m1m4_2026-08-27/source/scripts/check_remote_parser.py | assets/library/collective_dynamics/cylindrical_helical_currents/88_10L_theta_hydro_closure_recheck_2026-08-27/source/scripts_stage/check_remote_parser.py | results/collective_mode_response/CT_theta_m0_kn_88_L10_100fs_1ns_3rep/2026-08-27/scripts_stage/check_remote_parser.py | results/collective_mode_response/axial_Cvz_m0_lowk_modecoupling_screen_88_L10_100fs_1ns_3rep/2026-08-27/scripts_stage/check_remote_parser.py | results/collective_mode_response/m0_rotation_oxygen_stride_88_L10_100fs_10ns_3rep/2026-08-27/scripts/check_remote_parser.py | results/collective_mode_response/relative_angular_current_m1m4_88_L10_100fs_10ns_3rep/2026-08-27/scripts/check_remote_parser.py | results/collective_mode_response/theta_hydro_closure_recheck_88_L10_100fs_1ns_3rep/2026-08-27/scripts_stage/check_remote_parser.py | results/collective_mode_response/theta_m0_weighted_factorization_m1m4_acf_88_L10_100fs_1ns_3rep/2026-08-27/scripts_stage/check_remote_parser.py | stage_theta_decom_88_L2L10_100fs_10ns_20260826/check_remote_parser.py
e53c41d43203e63df311fd1e61e5cb20537e8be83c74b2abdab7986a3e06eb0a,13,assets/library/collective_dynamics/cjj_k_t/88_10L_axial_Cvz_m0_lowk_modecoupling_2026-08-27/source/scripts_stage/check_sources.py | assets/library/collective_dynamics/cylindrical_helical_currents/88_10L_CT_theta_m0_kn_2026-08-27/source/scripts_stage/check_sources.py | assets/library/collective_dynamics/cylindrical_helical_currents/88_10L_m0_rotation_diagnostic_2026-08-27/source/scripts/check_sources.py | assets/library/collective_dynamics/cylindrical_helical_currents/88_10L_m0_weighted_factorization_m1m4_2026-08-27/source/scripts_stage/check_sources.py | assets/library/collective_dynamics/cylindrical_helical_currents/88_10L_relative_angular_current_m1m4_2026-08-27/source/scripts/check_sources.py | assets/library/collective_dynamics/cylindrical_helical_currents/88_10L_theta_hydro_closure_recheck_2026-08-27/source/scripts_stage/check_sources.py | results/collective_mode_response/CT_theta_m0_kn_88_L10_100fs_1ns_3rep/2026-08-27/scripts_stage/check_sources.py | results/collective_mode_response/axial_Cvz_m0_lowk_modecoupling_screen_88_L10_100fs_1ns_3rep/2026-08-27/scripts_stage/check_sources.py | results/collective_mode_response/m0_rotation_oxygen_stride_88_L10_100fs_10ns_3rep/2026-08-27/scripts/check_sources.py | results/collective_mode_response/relative_angular_current_m1m4_88_L10_100fs_10ns_3rep/2026-08-27/scripts/check_sources.py | results/collective_mode_response/theta_hydro_closure_recheck_88_L10_100fs_1ns_3rep/2026-08-27/scripts_stage/check_sources.py | results/collective_mode_response/theta_m0_weighted_factorization_m1m4_acf_88_L10_100fs_1ns_3rep/2026-08-27/scripts_stage/check_sources.py | stage_theta_decom_88_L2L10_100fs_10ns_20260826/check_sources.py
b6f7d2e299f5f9f408c324da65e8005caa52820ba27220cc30120a593e51c3d6,13,assets/library/collective_dynamics/cjj_k_t/88_10L_axial_Cvz_m0_lowk_modecoupling_2026-08-27/source/scripts_stage/compare_alpha_min_saturation_models.py | assets/library/collective_dynamics/cylindrical_helical_currents/88_10L_CT_theta_m0_kn_2026-08-27/source/scripts_stage/compare_alpha_min_saturation_models.py | assets/library/collective_dynamics/cylindrical_helical_currents/88_10L_m0_rotation_diagnostic_2026-08-27/source/scripts/compare_alpha_min_saturation_models.py | assets/library/collective_dynamics/cylindrical_helical_currents/88_10L_m0_weighted_factorization_m1m4_2026-08-27/source/scripts_stage/compare_alpha_min_saturation_models.py | assets/library/collective_dynamics/cylindrical_helical_currents/88_10L_relative_angular_current_m1m4_2026-08-27/source/scripts/compare_alpha_min_saturation_models.py | assets/library/collective_dynamics/cylindrical_helical_currents/88_10L_theta_hydro_closure_recheck_2026-08-27/source/scripts_stage/compare_alpha_min_saturation_models.py | results/collective_mode_response/CT_theta_m0_kn_88_L10_100fs_1ns_3rep/2026-08-27/scripts_stage/compare_alpha_min_saturation_models.py | results/collective_mode_response/axial_Cvz_m0_lowk_modecoupling_screen_88_L10_100fs_1ns_3rep/2026-08-27/scripts_stage/compare_alpha_min_saturation_models.py | results/collective_mode_response/m0_rotation_oxygen_stride_88_L10_100fs_10ns_3rep/2026-08-27/scripts/compare_alpha_min_saturation_models.py | results/collective_mode_response/relative_angular_current_m1m4_88_L10_100fs_10ns_3rep/2026-08-27/scripts/compare_alpha_min_saturation_models.py | results/collective_mode_response/theta_hydro_closure_recheck_88_L10_100fs_1ns_3rep/2026-08-27/scripts_stage/compare_alpha_min_saturation_models.py | results/collective_mode_response/theta_m0_weighted_factorization_m1m4_acf_88_L10_100fs_1ns_3rep/2026-08-27/scripts_stage/compare_alpha_min_saturation_models.py | stage_theta_decom_88_L2L10_100fs_10ns_20260826/compare_alpha_min_saturation_models.py
cc00a7ede78d2d66c01b5f8bb317557f2ddcdf6babf481717a8380750194560e,13,assets/library/collective_dynamics/cjj_k_t/88_10L_axial_Cvz_m0_lowk_modecoupling_2026-08-27/source/scripts_stage/finalize_viscoelastic_mixed_band.py | assets/library/collective_dynamics/cylindrical_helical_currents/88_10L_CT_theta_m0_kn_2026-08-27/source/scripts_stage/finalize_viscoelastic_mixed_band.py | assets/library/collective_dynamics/cylindrical_helical_currents/88_10L_m0_rotation_diagnostic_2026-08-27/source/scripts/finalize_viscoelastic_mixed_band.py | assets/library/collective_dynamics/cylindrical_helical_currents/88_10L_m0_weighted_factorization_m1m4_2026-08-27/source/scripts_stage/finalize_viscoelastic_mixed_band.py | assets/library/collective_dynamics/cylindrical_helical_currents/88_10L_relative_angular_current_m1m4_2026-08-27/source/scripts/finalize_viscoelastic_mixed_band.py | assets/library/collective_dynamics/cylindrical_helical_currents/88_10L_theta_hydro_closure_recheck_2026-08-27/source/scripts_stage/finalize_viscoelastic_mixed_band.py | results/collective_mode_response/CT_theta_m0_kn_88_L10_100fs_1ns_3rep/2026-08-27/scripts_stage/finalize_viscoelastic_mixed_band.py | results/collective_mode_response/axial_Cvz_m0_lowk_modecoupling_screen_88_L10_100fs_1ns_3rep/2026-08-27/scripts_stage/finalize_viscoelastic_mixed_band.py | results/collective_mode_response/m0_rotation_oxygen_stride_88_L10_100fs_10ns_3rep/2026-08-27/scripts/finalize_viscoelastic_mixed_band.py | results/collective_mode_response/relative_angular_current_m1m4_88_L10_100fs_10ns_3rep/2026-08-27/scripts/finalize_viscoelastic_mixed_band.py | results/collective_mode_response/theta_hydro_closure_recheck_88_L10_100fs_1ns_3rep/2026-08-27/scripts_stage/finalize_viscoelastic_mixed_band.py | results/collective_mode_response/theta_m0_weighted_factorization_m1m4_acf_88_L10_100fs_1ns_3rep/2026-08-27/scripts_stage/finalize_viscoelastic_mixed_band.py | stage_theta_decom_88_L2L10_100fs_10ns_20260826/finalize_viscoelastic_mixed_band.py
f090394696507c6b0facc3b698023b224466e1f31957a9a51a26e215c69cbc2f,13,assets/library/collective_dynamics/cjj_k_t/88_10L_axial_Cvz_m0_lowk_modecoupling_2026-08-27/source/scripts_stage/fit_axial_lowk_hydro_component.py | assets/library/collective_dynamics/cylindrical_helical_currents/88_10L_CT_theta_m0_kn_2026-08-27/source/scripts_stage/fit_axial_lowk_hydro_component.py | assets/library/collective_dynamics/cylindrical_helical_currents/88_10L_m0_rotation_diagnostic_2026-08-27/source/scripts/fit_axial_lowk_hydro_component.py | assets/library/collective_dynamics/cylindrical_helical_currents/88_10L_m0_weighted_factorization_m1m4_2026-08-27/source/scripts_stage/fit_axial_lowk_hydro_component.py | assets/library/collective_dynamics/cylindrical_helical_currents/88_10L_relative_angular_current_m1m4_2026-08-27/source/scripts/fit_axial_lowk_hydro_component.py | assets/library/collective_dynamics/cylindrical_helical_currents/88_10L_theta_hydro_closure_recheck_2026-08-27/source/scripts_stage/fit_axial_lowk_hydro_component.py | results/collective_mode_response/CT_theta_m0_kn_88_L10_100fs_1ns_3rep/2026-08-27/scripts_stage/fit_axial_lowk_hydro_component.py | results/collective_mode_response/axial_Cvz_m0_lowk_modecoupling_screen_88_L10_100fs_1ns_3rep/2026-08-27/scripts_stage/fit_axial_lowk_hydro_component.py | results/collective_mode_response/m0_rotation_oxygen_stride_88_L10_100fs_10ns_3rep/2026-08-27/scripts/fit_axial_lowk_hydro_component.py | results/collective_mode_response/relative_angular_current_m1m4_88_L10_100fs_10ns_3rep/2026-08-27/scripts/fit_axial_lowk_hydro_component.py | results/collective_mode_response/theta_hydro_closure_recheck_88_L10_100fs_1ns_3rep/2026-08-27/scripts_stage/fit_axial_lowk_hydro_component.py | results/collective_mode_response/theta_m0_weighted_factorization_m1m4_acf_88_L10_100fs_1ns_3rep/2026-08-27/scripts_stage/fit_axial_lowk_hydro_component.py | stage_theta_decom_88_L2L10_100fs_10ns_20260826/fit_axial_lowk_hydro_component.py
95f29d89622ac4e5223f3723468ea2b5ddce23a9b8dab0940d5ada09e1cdd824,13,assets/library/collective_dynamics/cjj_k_t/88_10L_axial_Cvz_m0_lowk_modecoupling_2026-08-27/source/scripts_stage/fit_axial_lowk_hydro_component_nmax.py | assets/library/collective_dynamics/cylindrical_helical_currents/88_10L_CT_theta_m0_kn_2026-08-27/source/scripts_stage/fit_axial_lowk_hydro_component_nmax.py | assets/library/collective_dynamics/cylindrical_helical_currents/88_10L_m0_rotation_diagnostic_2026-08-27/source/scripts/fit_axial_lowk_hydro_component_nmax.py | assets/library/collective_dynamics/cylindrical_helical_currents/88_10L_m0_weighted_factorization_m1m4_2026-08-27/source/scripts_stage/fit_axial_lowk_hydro_component_nmax.py | assets/library/collective_dynamics/cylindrical_helical_currents/88_10L_relative_angular_current_m1m4_2026-08-27/source/scripts/fit_axial_lowk_hydro_component_nmax.py | assets/library/collective_dynamics/cylindrical_helical_currents/88_10L_theta_hydro_closure_recheck_2026-08-27/source/scripts_stage/fit_axial_lowk_hydro_component_nmax.py | results/collective_mode_response/CT_theta_m0_kn_88_L10_100fs_1ns_3rep/2026-08-27/scripts_stage/fit_axial_lowk_hydro_component_nmax.py | results/collective_mode_response/axial_Cvz_m0_lowk_modecoupling_screen_88_L10_100fs_1ns_3rep/2026-08-27/scripts_stage/fit_axial_lowk_hydro_component_nmax.py | results/collective_mode_response/m0_rotation_oxygen_stride_88_L10_100fs_10ns_3rep/2026-08-27/scripts/fit_axial_lowk_hydro_component_nmax.py | results/collective_mode_response/relative_angular_current_m1m4_88_L10_100fs_10ns_3rep/2026-08-27/scripts/fit_axial_lowk_hydro_component_nmax.py | results/collective_mode_response/theta_hydro_closure_recheck_88_L10_100fs_1ns_3rep/2026-08-27/scripts_stage/fit_axial_lowk_hydro_component_nmax.py | results/collective_mode_response/theta_m0_weighted_factorization_m1m4_acf_88_L10_100fs_1ns_3rep/2026-08-27/scripts_stage/fit_axial_lowk_hydro_component_nmax.py | stage_theta_decom_88_L2L10_100fs_10ns_20260826/fit_axial_lowk_hydro_component_nmax.py
7a8c62de70d2eb87d14993c5603de586c87363a546198a0d8292373457a63445,13,assets/library/collective_dynamics/cjj_k_t/88_10L_axial_Cvz_m0_lowk_modecoupling_2026-08-27/source/scripts_stage/fit_theta_m0_hydro_component.py | assets/library/collective_dynamics/cylindrical_helical_currents/88_10L_CT_theta_m0_kn_2026-08-27/source/scripts_stage/fit_theta_m0_hydro_component.py | assets/library/collective_dynamics/cylindrical_helical_currents/88_10L_m0_rotation_diagnostic_2026-08-27/source/scripts/fit_theta_m0_hydro_component.py | assets/library/collective_dynamics/cylindrical_helical_currents/88_10L_m0_weighted_factorization_m1m4_2026-08-27/source/scripts_stage/fit_theta_m0_hydro_component.py | assets/library/collective_dynamics/cylindrical_helical_currents/88_10L_relative_angular_current_m1m4_2026-08-27/source/scripts/fit_theta_m0_hydro_component.py | assets/library/collective_dynamics/cylindrical_helical_currents/88_10L_theta_hydro_closure_recheck_2026-08-27/source/scripts_stage/fit_theta_m0_hydro_component.py | results/collective_mode_response/CT_theta_m0_kn_88_L10_100fs_1ns_3rep/2026-08-27/scripts_stage/fit_theta_m0_hydro_component.py | results/collective_mode_response/axial_Cvz_m0_lowk_modecoupling_screen_88_L10_100fs_1ns_3rep/2026-08-27/scripts_stage/fit_theta_m0_hydro_component.py | results/collective_mode_response/m0_rotation_oxygen_stride_88_L10_100fs_10ns_3rep/2026-08-27/scripts/fit_theta_m0_hydro_component.py | results/collective_mode_response/relative_angular_current_m1m4_88_L10_100fs_10ns_3rep/2026-08-27/scripts/fit_theta_m0_hydro_component.py | results/collective_mode_response/theta_hydro_closure_recheck_88_L10_100fs_1ns_3rep/2026-08-27/scripts_stage/fit_theta_m0_hydro_component.py | results/collective_mode_response/theta_m0_weighted_factorization_m1m4_acf_88_L10_100fs_1ns_3rep/2026-08-27/scripts_stage/fit_theta_m0_hydro_component.py | stage_theta_decom_88_L2L10_100fs_10ns_20260826/fit_theta_m0_hydro_component.py
26a4664fde5680461466205161e331bfb18329fe3f3f4d9f463c816d89cbf0f6,13,assets/library/collective_dynamics/cjj_k_t/88_10L_axial_Cvz_m0_lowk_modecoupling_2026-08-27/source/scripts_stage/monitor_theta.py | assets/library/collective_dynamics/cylindrical_helical_currents/88_10L_CT_theta_m0_kn_2026-08-27/source/scripts_stage/monitor_theta.py | assets/library/collective_dynamics/cylindrical_helical_currents/88_10L_m0_rotation_diagnostic_2026-08-27/source/scripts/monitor_theta.py | assets/library/collective_dynamics/cylindrical_helical_currents/88_10L_m0_weighted_factorization_m1m4_2026-08-27/source/scripts_stage/monitor_theta.py | assets/library/collective_dynamics/cylindrical_helical_currents/88_10L_relative_angular_current_m1m4_2026-08-27/source/scripts/monitor_theta.py | assets/library/collective_dynamics/cylindrical_helical_currents/88_10L_theta_hydro_closure_recheck_2026-08-27/source/scripts_stage/monitor_theta.py | results/collective_mode_response/CT_theta_m0_kn_88_L10_100fs_1ns_3rep/2026-08-27/scripts_stage/monitor_theta.py | results/collective_mode_response/axial_Cvz_m0_lowk_modecoupling_screen_88_L10_100fs_1ns_3rep/2026-08-27/scripts_stage/monitor_theta.py | results/collective_mode_response/m0_rotation_oxygen_stride_88_L10_100fs_10ns_3rep/2026-08-27/scripts/monitor_theta.py | results/collective_mode_response/relative_angular_current_m1m4_88_L10_100fs_10ns_3rep/2026-08-27/scripts/monitor_theta.py | results/collective_mode_response/theta_hydro_closure_recheck_88_L10_100fs_1ns_3rep/2026-08-27/scripts_stage/monitor_theta.py | results/collective_mode_response/theta_m0_weighted_factorization_m1m4_acf_88_L10_100fs_1ns_3rep/2026-08-27/scripts_stage/monitor_theta.py | stage_theta_decom_88_L2L10_100fs_10ns_20260826/monitor_theta.py
012c5fa29ef2def6fb7ec2821c882253e0acae2ae064f53b971835b8b5ae5041,13,assets/library/collective_dynamics/cjj_k_t/88_10L_axial_Cvz_m0_lowk_modecoupling_2026-08-27/source/scripts_stage/plot_L2L5L10_vacf_exit_offset.py | assets/library/collective_dynamics/cylindrical_helical_currents/88_10L_CT_theta_m0_kn_2026-08-27/source/scripts_stage/plot_L2L5L10_vacf_exit_offset.py | assets/library/collective_dynamics/cylindrical_helical_currents/88_10L_m0_rotation_diagnostic_2026-08-27/source/scripts/plot_L2L5L10_vacf_exit_offset.py | assets/library/collective_dynamics/cylindrical_helical_currents/88_10L_m0_weighted_factorization_m1m4_2026-08-27/source/scripts_stage/plot_L2L5L10_vacf_exit_offset.py | assets/library/collective_dynamics/cylindrical_helical_currents/88_10L_relative_angular_current_m1m4_2026-08-27/source/scripts/plot_L2L5L10_vacf_exit_offset.py | assets/library/collective_dynamics/cylindrical_helical_currents/88_10L_theta_hydro_closure_recheck_2026-08-27/source/scripts_stage/plot_L2L5L10_vacf_exit_offset.py | results/collective_mode_response/CT_theta_m0_kn_88_L10_100fs_1ns_3rep/2026-08-27/scripts_stage/plot_L2L5L10_vacf_exit_offset.py | results/collective_mode_response/axial_Cvz_m0_lowk_modecoupling_screen_88_L10_100fs_1ns_3rep/2026-08-27/scripts_stage/plot_L2L5L10_vacf_exit_offset.py | results/collective_mode_response/m0_rotation_oxygen_stride_88_L10_100fs_10ns_3rep/2026-08-27/scripts/plot_L2L5L10_vacf_exit_offset.py | results/collective_mode_response/relative_angular_current_m1m4_88_L10_100fs_10ns_3rep/2026-08-27/scripts/plot_L2L5L10_vacf_exit_offset.py | results/collective_mode_response/theta_hydro_closure_recheck_88_L10_100fs_1ns_3rep/2026-08-27/scripts_stage/plot_L2L5L10_vacf_exit_offset.py | results/collective_mode_response/theta_m0_weighted_factorization_m1m4_acf_88_L10_100fs_1ns_3rep/2026-08-27/scripts_stage/plot_L2L5L10_vacf_exit_offset.py | stage_theta_decom_88_L2L10_100fs_10ns_20260826/plot_L2L5L10_vacf_exit_offset.py
93ba4ce3cccffa701a349f32d6026886a0f3ab13ad885e0b80e2aebf5fb6090e,13,assets/library/collective_dynamics/cjj_k_t/88_10L_axial_Cvz_m0_lowk_modecoupling_2026-08-27/source/scripts_stage/plot_L2L5_vacf_kmin_Fs_mechanism.py | assets/library/collective_dynamics/cylindrical_helical_currents/88_10L_CT_theta_m0_kn_2026-08-27/source/scripts_stage/plot_L2L5_vacf_kmin_Fs_mechanism.py | assets/library/collective_dynamics/cylindrical_helical_currents/88_10L_m0_rotation_diagnostic_2026-08-27/source/scripts/plot_L2L5_vacf_kmin_Fs_mechanism.py | assets/library/collective_dynamics/cylindrical_helical_currents/88_10L_m0_weighted_factorization_m1m4_2026-08-27/source/scripts_stage/plot_L2L5_vacf_kmin_Fs_mechanism.py | assets/library/collective_dynamics/cylindrical_helical_currents/88_10L_relative_angular_current_m1m4_2026-08-27/source/scripts/plot_L2L5_vacf_kmin_Fs_mechanism.py | assets/library/collective_dynamics/cylindrical_helical_currents/88_10L_theta_hydro_closure_recheck_2026-08-27/source/scripts_stage/plot_L2L5_vacf_kmin_Fs_mechanism.py | results/collective_mode_response/CT_theta_m0_kn_88_L10_100fs_1ns_3rep/2026-08-27/scripts_stage/plot_L2L5_vacf_kmin_Fs_mechanism.py | results/collective_mode_response/axial_Cvz_m0_lowk_modecoupling_screen_88_L10_100fs_1ns_3rep/2026-08-27/scripts_stage/plot_L2L5_vacf_kmin_Fs_mechanism.py | results/collective_mode_response/m0_rotation_oxygen_stride_88_L10_100fs_10ns_3rep/2026-08-27/scripts/plot_L2L5_vacf_kmin_Fs_mechanism.py | results/collective_mode_response/relative_angular_current_m1m4_88_L10_100fs_10ns_3rep/2026-08-27/scripts/plot_L2L5_vacf_kmin_Fs_mechanism.py | results/collective_mode_response/theta_hydro_closure_recheck_88_L10_100fs_1ns_3rep/2026-08-27/scripts_stage/plot_L2L5_vacf_kmin_Fs_mechanism.py | results/collective_mode_response/theta_m0_weighted_factorization_m1m4_acf_88_L10_100fs_1ns_3rep/2026-08-27/scripts_stage/plot_L2L5_vacf_kmin_Fs_mechanism.py | stage_theta_decom_88_L2L10_100fs_10ns_20260826/plot_L2L5_vacf_kmin_Fs_mechanism.py
a8ed074491c12987fbd324dce86e7acd9daa156b04d8c6bde6ad801e8c10223b,13,assets/library/collective_dynamics/cjj_k_t/88_10L_axial_Cvz_m0_lowk_modecoupling_2026-08-27/source/scripts_stage/plot_Lz_vacf_positive_alpha.py | assets/library/collective_dynamics/cylindrical_helical_currents/88_10L_CT_theta_m0_kn_2026-08-27/source/scripts_stage/plot_Lz_vacf_positive_alpha.py | assets/library/collective_dynamics/cylindrical_helical_currents/88_10L_m0_rotation_diagnostic_2026-08-27/source/scripts/plot_Lz_vacf_positive_alpha.py | assets/library/collective_dynamics/cylindrical_helical_currents/88_10L_m0_weighted_factorization_m1m4_2026-08-27/source/scripts_stage/plot_Lz_vacf_positive_alpha.py | assets/library/collective_dynamics/cylindrical_helical_currents/88_10L_relative_angular_current_m1m4_2026-08-27/source/scripts/plot_Lz_vacf_positive_alpha.py | assets/library/collective_dynamics/cylindrical_helical_currents/88_10L_theta_hydro_closure_recheck_2026-08-27/source/scripts_stage/plot_Lz_vacf_positive_alpha.py | results/collective_mode_response/CT_theta_m0_kn_88_L10_100fs_1ns_3rep/2026-08-27/scripts_stage/plot_Lz_vacf_positive_alpha.py | results/collective_mode_response/axial_Cvz_m0_lowk_modecoupling_screen_88_L10_100fs_1ns_3rep/2026-08-27/scripts_stage/plot_Lz_vacf_positive_alpha.py | results/collective_mode_response/m0_rotation_oxygen_stride_88_L10_100fs_10ns_3rep/2026-08-27/scripts/plot_Lz_vacf_positive_alpha.py | results/collective_mode_response/relative_angular_current_m1m4_88_L10_100fs_10ns_3rep/2026-08-27/scripts/plot_Lz_vacf_positive_alpha.py | results/collective_mode_response/theta_hydro_closure_recheck_88_L10_100fs_1ns_3rep/2026-08-27/scripts_stage/plot_Lz_vacf_positive_alpha.py | results/collective_mode_response/theta_m0_weighted_factorization_m1m4_acf_88_L10_100fs_1ns_3rep/2026-08-27/scripts_stage/plot_Lz_vacf_positive_alpha.py | stage_theta_decom_88_L2L10_100fs_10ns_20260826/plot_Lz_vacf_positive_alpha.py
09daa905375f7d96606b7f8e0f75b31d66358a7c67eaca3ed17e15b88e6fa5f5,13,assets/library/collective_dynamics/cjj_k_t/88_10L_axial_Cvz_m0_lowk_modecoupling_2026-08-27/source/scripts_stage/plot_axial_m0_modecoupling_screen.py | assets/library/collective_dynamics/cylindrical_helical_currents/88_10L_CT_theta_m0_kn_2026-08-27/source/scripts_stage/plot_axial_m0_modecoupling_screen.py | assets/library/collective_dynamics/cylindrical_helical_currents/88_10L_m0_rotation_diagnostic_2026-08-27/source/scripts/plot_axial_m0_modecoupling_screen.py | assets/library/collective_dynamics/cylindrical_helical_currents/88_10L_m0_weighted_factorization_m1m4_2026-08-27/source/scripts_stage/plot_axial_m0_modecoupling_screen.py | assets/library/collective_dynamics/cylindrical_helical_currents/88_10L_relative_angular_current_m1m4_2026-08-27/source/scripts/plot_axial_m0_modecoupling_screen.py | assets/library/collective_dynamics/cylindrical_helical_currents/88_10L_theta_hydro_closure_recheck_2026-08-27/source/scripts_stage/plot_axial_m0_modecoupling_screen.py | results/collective_mode_response/CT_theta_m0_kn_88_L10_100fs_1ns_3rep/2026-08-27/scripts_stage/plot_axial_m0_modecoupling_screen.py | results/collective_mode_response/axial_Cvz_m0_lowk_modecoupling_screen_88_L10_100fs_1ns_3rep/2026-08-27/scripts_stage/plot_axial_m0_modecoupling_screen.py | results/collective_mode_response/m0_rotation_oxygen_stride_88_L10_100fs_10ns_3rep/2026-08-27/scripts/plot_axial_m0_modecoupling_screen.py | results/collective_mode_response/relative_angular_current_m1m4_88_L10_100fs_10ns_3rep/2026-08-27/scripts/plot_axial_m0_modecoupling_screen.py | results/collective_mode_response/theta_hydro_closure_recheck_88_L10_100fs_1ns_3rep/2026-08-27/scripts_stage/plot_axial_m0_modecoupling_screen.py | results/collective_mode_response/theta_m0_weighted_factorization_m1m4_acf_88_L10_100fs_1ns_3rep/2026-08-27/scripts_stage/plot_axial_m0_modecoupling_screen.py | stage_theta_decom_88_L2L10_100fs_10ns_20260826/plot_axial_m0_modecoupling_screen.py
b4cb59dfe9d2ebf212373fa0bc32d9ed40b6be302ef04c803948d2e5e1135cdd,13,assets/library/collective_dynamics/cjj_k_t/88_10L_axial_Cvz_m0_lowk_modecoupling_2026-08-27/source/scripts_stage/plot_ct_theta_m0_kn.py | assets/library/collective_dynamics/cylindrical_helical_currents/88_10L_CT_theta_m0_kn_2026-08-27/source/scripts_stage/plot_ct_theta_m0_kn.py | assets/library/collective_dynamics/cylindrical_helical_currents/88_10L_m0_rotation_diagnostic_2026-08-27/source/scripts/plot_ct_theta_m0_kn.py | assets/library/collective_dynamics/cylindrical_helical_currents/88_10L_m0_weighted_factorization_m1m4_2026-08-27/source/scripts_stage/plot_ct_theta_m0_kn.py | assets/library/collective_dynamics/cylindrical_helical_currents/88_10L_relative_angular_current_m1m4_2026-08-27/source/scripts/plot_ct_theta_m0_kn.py | assets/library/collective_dynamics/cylindrical_helical_currents/88_10L_theta_hydro_closure_recheck_2026-08-27/source/scripts_stage/plot_ct_theta_m0_kn.py | results/collective_mode_response/CT_theta_m0_kn_88_L10_100fs_1ns_3rep/2026-08-27/scripts_stage/plot_ct_theta_m0_kn.py | results/collective_mode_response/axial_Cvz_m0_lowk_modecoupling_screen_88_L10_100fs_1ns_3rep/2026-08-27/scripts_stage/plot_ct_theta_m0_kn.py | results/collective_mode_response/m0_rotation_oxygen_stride_88_L10_100fs_10ns_3rep/2026-08-27/scripts/plot_ct_theta_m0_kn.py | results/collective_mode_response/relative_angular_current_m1m4_88_L10_100fs_10ns_3rep/2026-08-27/scripts/plot_ct_theta_m0_kn.py | results/collective_mode_response/theta_hydro_closure_recheck_88_L10_100fs_1ns_3rep/2026-08-27/scripts_stage/plot_ct_theta_m0_kn.py | results/collective_mode_response/theta_m0_weighted_factorization_m1m4_acf_88_L10_100fs_1ns_3rep/2026-08-27/scripts_stage/plot_ct_theta_m0_kn.py | stage_theta_decom_88_L2L10_100fs_10ns_20260826/plot_ct_theta_m0_kn.py
ec6a3bfed0671f81399c9767c06e2b081760d75173220b5f9bbd1a4749dd5d7e,13,assets/library/collective_dynamics/cjj_k_t/88_10L_axial_Cvz_m0_lowk_modecoupling_2026-08-27/source/scripts_stage/plot_ct_theta_m0_kn_acf.py | assets/library/collective_dynamics/cylindrical_helical_currents/88_10L_CT_theta_m0_kn_2026-08-27/source/scripts_stage/plot_ct_theta_m0_kn_acf.py | assets/library/collective_dynamics/cylindrical_helical_currents/88_10L_m0_rotation_diagnostic_2026-08-27/source/scripts/plot_ct_theta_m0_kn_acf.py | assets/library/collective_dynamics/cylindrical_helical_currents/88_10L_m0_weighted_factorization_m1m4_2026-08-27/source/scripts_stage/plot_ct_theta_m0_kn_acf.py | assets/library/collective_dynamics/cylindrical_helical_currents/88_10L_relative_angular_current_m1m4_2026-08-27/source/scripts/plot_ct_theta_m0_kn_acf.py | assets/library/collective_dynamics/cylindrical_helical_currents/88_10L_theta_hydro_closure_recheck_2026-08-27/source/scripts_stage/plot_ct_theta_m0_kn_acf.py | results/collective_mode_response/CT_theta_m0_kn_88_L10_100fs_1ns_3rep/2026-08-27/scripts_stage/plot_ct_theta_m0_kn_acf.py | results/collective_mode_response/axial_Cvz_m0_lowk_modecoupling_screen_88_L10_100fs_1ns_3rep/2026-08-27/scripts_stage/plot_ct_theta_m0_kn_acf.py | results/collective_mode_response/m0_rotation_oxygen_stride_88_L10_100fs_10ns_3rep/2026-08-27/scripts/plot_ct_theta_m0_kn_acf.py | results/collective_mode_response/relative_angular_current_m1m4_88_L10_100fs_10ns_3rep/2026-08-27/scripts/plot_ct_theta_m0_kn_acf.py | results/collective_mode_response/theta_hydro_closure_recheck_88_L10_100fs_1ns_3rep/2026-08-27/scripts_stage/plot_ct_theta_m0_kn_acf.py | results/collective_mode_response/theta_m0_weighted_factorization_m1m4_acf_88_L10_100fs_1ns_3rep/2026-08-27/scripts_stage/plot_ct_theta_m0_kn_acf.py | stage_theta_decom_88_L2L10_100fs_10ns_20260826/plot_ct_theta_m0_kn_acf.py
5ad435c493376fdf78ec7c00e609b07fbdda31008096370ae00ee0fe1b17b7a7,13,assets/library/collective_dynamics/cjj_k_t/88_10L_axial_Cvz_m0_lowk_modecoupling_2026-08-27/source/scripts_stage/plot_lowk_m1_dynamic_projection.py | assets/library/collective_dynamics/cylindrical_helical_currents/88_10L_CT_theta_m0_kn_2026-08-27/source/scripts_stage/plot_lowk_m1_dynamic_projection.py | assets/library/collective_dynamics/cylindrical_helical_currents/88_10L_m0_rotation_diagnostic_2026-08-27/source/scripts/plot_lowk_m1_dynamic_projection.py | assets/library/collective_dynamics/cylindrical_helical_currents/88_10L_m0_weighted_factorization_m1m4_2026-08-27/source/scripts_stage/plot_lowk_m1_dynamic_projection.py | assets/library/collective_dynamics/cylindrical_helical_currents/88_10L_relative_angular_current_m1m4_2026-08-27/source/scripts/plot_lowk_m1_dynamic_projection.py | assets/library/collective_dynamics/cylindrical_helical_currents/88_10L_theta_hydro_closure_recheck_2026-08-27/source/scripts_stage/plot_lowk_m1_dynamic_projection.py | results/collective_mode_response/CT_theta_m0_kn_88_L10_100fs_1ns_3rep/2026-08-27/scripts_stage/plot_lowk_m1_dynamic_projection.py | results/collective_mode_response/axial_Cvz_m0_lowk_modecoupling_screen_88_L10_100fs_1ns_3rep/2026-08-27/scripts_stage/plot_lowk_m1_dynamic_projection.py | results/collective_mode_response/m0_rotation_oxygen_stride_88_L10_100fs_10ns_3rep/2026-08-27/scripts/plot_lowk_m1_dynamic_projection.py | results/collective_mode_response/relative_angular_current_m1m4_88_L10_100fs_10ns_3rep/2026-08-27/scripts/plot_lowk_m1_dynamic_projection.py | results/collective_mode_response/theta_hydro_closure_recheck_88_L10_100fs_1ns_3rep/2026-08-27/scripts_stage/plot_lowk_m1_dynamic_projection.py | results/collective_mode_response/theta_m0_weighted_factorization_m1m4_acf_88_L10_100fs_1ns_3rep/2026-08-27/scripts_stage/plot_lowk_m1_dynamic_projection.py | stage_theta_decom_88_L2L10_100fs_10ns_20260826/plot_lowk_m1_dynamic_projection.py
d07bfa57f1f9e21a8cd8a531329edfd9c9eddcc06f2e5492acbb247f5870a773,13,assets/library/collective_dynamics/cjj_k_t/88_10L_axial_Cvz_m0_lowk_modecoupling_2026-08-27/source/scripts_stage/plot_m0_n11n20_negative_lobe.py | assets/library/collective_dynamics/cylindrical_helical_currents/88_10L_CT_theta_m0_kn_2026-08-27/source/scripts_stage/plot_m0_n11n20_negative_lobe.py | assets/library/collective_dynamics/cylindrical_helical_currents/88_10L_m0_rotation_diagnostic_2026-08-27/source/scripts/plot_m0_n11n20_negative_lobe.py | assets/library/collective_dynamics/cylindrical_helical_currents/88_10L_m0_weighted_factorization_m1m4_2026-08-27/source/scripts_stage/plot_m0_n11n20_negative_lobe.py | assets/library/collective_dynamics/cylindrical_helical_currents/88_10L_relative_angular_current_m1m4_2026-08-27/source/scripts/plot_m0_n11n20_negative_lobe.py | assets/library/collective_dynamics/cylindrical_helical_currents/88_10L_theta_hydro_closure_recheck_2026-08-27/source/scripts_stage/plot_m0_n11n20_negative_lobe.py | results/collective_mode_response/CT_theta_m0_kn_88_L10_100fs_1ns_3rep/2026-08-27/scripts_stage/plot_m0_n11n20_negative_lobe.py | results/collective_mode_response/axial_Cvz_m0_lowk_modecoupling_screen_88_L10_100fs_1ns_3rep/2026-08-27/scripts_stage/plot_m0_n11n20_negative_lobe.py | results/collective_mode_response/m0_rotation_oxygen_stride_88_L10_100fs_10ns_3rep/2026-08-27/scripts/plot_m0_n11n20_negative_lobe.py | results/collective_mode_response/relative_angular_current_m1m4_88_L10_100fs_10ns_3rep/2026-08-27/scripts/plot_m0_n11n20_negative_lobe.py | results/collective_mode_response/theta_hydro_closure_recheck_88_L10_100fs_1ns_3rep/2026-08-27/scripts_stage/plot_m0_n11n20_negative_lobe.py | results/collective_mode_response/theta_m0_weighted_factorization_m1m4_acf_88_L10_100fs_1ns_3rep/2026-08-27/scripts_stage/plot_m0_n11n20_negative_lobe.py | stage_theta_decom_88_L2L10_100fs_10ns_20260826/plot_m0_n11n20_negative_lobe.py
f319b99821bd815d20a2bb66841d5788f86338802b01460506a3f0e598c12582,13,assets/library/collective_dynamics/cjj_k_t/88_10L_axial_Cvz_m0_lowk_modecoupling_2026-08-27/source/scripts_stage/plot_m0_odd_even_5L10L_1x3.py | assets/library/collective_dynamics/cylindrical_helical_currents/88_10L_CT_theta_m0_kn_2026-08-27/source/scripts_stage/plot_m0_odd_even_5L10L_1x3.py | assets/library/collective_dynamics/cylindrical_helical_currents/88_10L_m0_rotation_diagnostic_2026-08-27/source/scripts/plot_m0_odd_even_5L10L_1x3.py | assets/library/collective_dynamics/cylindrical_helical_currents/88_10L_m0_weighted_factorization_m1m4_2026-08-27/source/scripts_stage/plot_m0_odd_even_5L10L_1x3.py | assets/library/collective_dynamics/cylindrical_helical_currents/88_10L_relative_angular_current_m1m4_2026-08-27/source/scripts/plot_m0_odd_even_5L10L_1x3.py | assets/library/collective_dynamics/cylindrical_helical_currents/88_10L_theta_hydro_closure_recheck_2026-08-27/source/scripts_stage/plot_m0_odd_even_5L10L_1x3.py | results/collective_mode_response/CT_theta_m0_kn_88_L10_100fs_1ns_3rep/2026-08-27/scripts_stage/plot_m0_odd_even_5L10L_1x3.py | results/collective_mode_response/axial_Cvz_m0_lowk_modecoupling_screen_88_L10_100fs_1ns_3rep/2026-08-27/scripts_stage/plot_m0_odd_even_5L10L_1x3.py | results/collective_mode_response/m0_rotation_oxygen_stride_88_L10_100fs_10ns_3rep/2026-08-27/scripts/plot_m0_odd_even_5L10L_1x3.py | results/collective_mode_response/relative_angular_current_m1m4_88_L10_100fs_10ns_3rep/2026-08-27/scripts/plot_m0_odd_even_5L10L_1x3.py | results/collective_mode_response/theta_hydro_closure_recheck_88_L10_100fs_1ns_3rep/2026-08-27/scripts_stage/plot_m0_odd_even_5L10L_1x3.py | results/collective_mode_response/theta_m0_weighted_factorization_m1m4_acf_88_L10_100fs_1ns_3rep/2026-08-27/scripts_stage/plot_m0_odd_even_5L10L_1x3.py | stage_theta_decom_88_L2L10_100fs_10ns_20260826/plot_m0_odd_even_5L10L_1x3.py
3a6d53c0a37bb61bc34f1ff8c122120fc748262a98e61a7dc9c074be7fe719db,13,assets/library/collective_dynamics/cjj_k_t/88_10L_axial_Cvz_m0_lowk_modecoupling_2026-08-27/source/scripts_stage/plot_m0_odd_even_counterfactual.py | assets/library/collective_dynamics/cylindrical_helical_currents/88_10L_CT_theta_m0_kn_2026-08-27/source/scripts_stage/plot_m0_odd_even_counterfactual.py | assets/library/collective_dynamics/cylindrical_helical_currents/88_10L_m0_rotation_diagnostic_2026-08-27/source/scripts/plot_m0_odd_even_counterfactual.py | assets/library/collective_dynamics/cylindrical_helical_currents/88_10L_m0_weighted_factorization_m1m4_2026-08-27/source/scripts_stage/plot_m0_odd_even_counterfactual.py | assets/library/collective_dynamics/cylindrical_helical_currents/88_10L_relative_angular_current_m1m4_2026-08-27/source/scripts/plot_m0_odd_even_counterfactual.py | assets/library/collective_dynamics/cylindrical_helical_currents/88_10L_theta_hydro_closure_recheck_2026-08-27/source/scripts_stage/plot_m0_odd_even_counterfactual.py | results/collective_mode_response/CT_theta_m0_kn_88_L10_100fs_1ns_3rep/2026-08-27/scripts_stage/plot_m0_odd_even_counterfactual.py | results/collective_mode_response/axial_Cvz_m0_lowk_modecoupling_screen_88_L10_100fs_1ns_3rep/2026-08-27/scripts_stage/plot_m0_odd_even_counterfactual.py | results/collective_mode_response/m0_rotation_oxygen_stride_88_L10_100fs_10ns_3rep/2026-08-27/scripts/plot_m0_odd_even_counterfactual.py | results/collective_mode_response/relative_angular_current_m1m4_88_L10_100fs_10ns_3rep/2026-08-27/scripts/plot_m0_odd_even_counterfactual.py | results/collective_mode_response/theta_hydro_closure_recheck_88_L10_100fs_1ns_3rep/2026-08-27/scripts_stage/plot_m0_odd_even_counterfactual.py | results/collective_mode_response/theta_m0_weighted_factorization_m1m4_acf_88_L10_100fs_1ns_3rep/2026-08-27/scripts_stage/plot_m0_odd_even_counterfactual.py | stage_theta_decom_88_L2L10_100fs_10ns_20260826/plot_m0_odd_even_counterfactual.py
96d1497415895c0028b5bd7f74377c13b6051a171185c8387c393780775368d1,13,assets/library/collective_dynamics/cjj_k_t/88_10L_axial_Cvz_m0_lowk_modecoupling_2026-08-27/source/scripts_stage/plot_native100fs_alpha_min_peak_dependence.py | assets/library/collective_dynamics/cylindrical_helical_currents/88_10L_CT_theta_m0_kn_2026-08-27/source/scripts_stage/plot_native100fs_alpha_min_peak_dependence.py | assets/library/collective_dynamics/cylindrical_helical_currents/88_10L_m0_rotation_diagnostic_2026-08-27/source/scripts/plot_native100fs_alpha_min_peak_dependence.py | assets/library/collective_dynamics/cylindrical_helical_currents/88_10L_m0_weighted_factorization_m1m4_2026-08-27/source/scripts_stage/plot_native100fs_alpha_min_peak_dependence.py | assets/library/collective_dynamics/cylindrical_helical_currents/88_10L_relative_angular_current_m1m4_2026-08-27/source/scripts/plot_native100fs_alpha_min_peak_dependence.py | assets/library/collective_dynamics/cylindrical_helical_currents/88_10L_theta_hydro_closure_recheck_2026-08-27/source/scripts_stage/plot_native100fs_alpha_min_peak_dependence.py | results/collective_mode_response/CT_theta_m0_kn_88_L10_100fs_1ns_3rep/2026-08-27/scripts_stage/plot_native100fs_alpha_min_peak_dependence.py | results/collective_mode_response/axial_Cvz_m0_lowk_modecoupling_screen_88_L10_100fs_1ns_3rep/2026-08-27/scripts_stage/plot_native100fs_alpha_min_peak_dependence.py | results/collective_mode_response/m0_rotation_oxygen_stride_88_L10_100fs_10ns_3rep/2026-08-27/scripts/plot_native100fs_alpha_min_peak_dependence.py | results/collective_mode_response/relative_angular_current_m1m4_88_L10_100fs_10ns_3rep/2026-08-27/scripts/plot_native100fs_alpha_min_peak_dependence.py | results/collective_mode_response/theta_hydro_closure_recheck_88_L10_100fs_1ns_3rep/2026-08-27/scripts_stage/plot_native100fs_alpha_min_peak_dependence.py | results/collective_mode_response/theta_m0_weighted_factorization_m1m4_acf_88_L10_100fs_1ns_3rep/2026-08-27/scripts_stage/plot_native100fs_alpha_min_peak_dependence.py | stage_theta_decom_88_L2L10_100fs_10ns_20260826/plot_native100fs_alpha_min_peak_dependence.py
a94323672d8c4a66a6e02955dcf6b4c2a7506687389cd47e5be6c16205fc7b52,13,assets/library/collective_dynamics/cjj_k_t/88_10L_axial_Cvz_m0_lowk_modecoupling_2026-08-27/source/scripts_stage/plot_native100fs_k1_semilog_extrema.py | assets/library/collective_dynamics/cylindrical_helical_currents/88_10L_CT_theta_m0_kn_2026-08-27/source/scripts_stage/plot_native100fs_k1_semilog_extrema.py | assets/library/collective_dynamics/cylindrical_helical_currents/88_10L_m0_rotation_diagnostic_2026-08-27/source/scripts/plot_native100fs_k1_semilog_extrema.py | assets/library/collective_dynamics/cylindrical_helical_currents/88_10L_m0_weighted_factorization_m1m4_2026-08-27/source/scripts_stage/plot_native100fs_k1_semilog_extrema.py | assets/library/collective_dynamics/cylindrical_helical_currents/88_10L_relative_angular_current_m1m4_2026-08-27/source/scripts/plot_native100fs_k1_semilog_extrema.py | assets/library/collective_dynamics/cylindrical_helical_currents/88_10L_theta_hydro_closure_recheck_2026-08-27/source/scripts_stage/plot_native100fs_k1_semilog_extrema.py | results/collective_mode_response/CT_theta_m0_kn_88_L10_100fs_1ns_3rep/2026-08-27/scripts_stage/plot_native100fs_k1_semilog_extrema.py | results/collective_mode_response/axial_Cvz_m0_lowk_modecoupling_screen_88_L10_100fs_1ns_3rep/2026-08-27/scripts_stage/plot_native100fs_k1_semilog_extrema.py | results/collective_mode_response/m0_rotation_oxygen_stride_88_L10_100fs_10ns_3rep/2026-08-27/scripts/plot_native100fs_k1_semilog_extrema.py | results/collective_mode_response/relative_angular_current_m1m4_88_L10_100fs_10ns_3rep/2026-08-27/scripts/plot_native100fs_k1_semilog_extrema.py | results/collective_mode_response/theta_hydro_closure_recheck_88_L10_100fs_1ns_3rep/2026-08-27/scripts_stage/plot_native100fs_k1_semilog_extrema.py | results/collective_mode_response/theta_m0_weighted_factorization_m1m4_acf_88_L10_100fs_1ns_3rep/2026-08-27/scripts_stage/plot_native100fs_k1_semilog_extrema.py | stage_theta_decom_88_L2L10_100fs_10ns_20260826/plot_native100fs_k1_semilog_extrema.py
10de05958144894d970a58e603595199cfcc1c6a05f6333316d314ca3f038673,13,assets/library/collective_dynamics/cjj_k_t/88_10L_axial_Cvz_m0_lowk_modecoupling_2026-08-27/source/scripts_stage/plot_paired_helical_tagged_vertex.py | assets/library/collective_dynamics/cylindrical_helical_currents/88_10L_CT_theta_m0_kn_2026-08-27/source/scripts_stage/plot_paired_helical_tagged_vertex.py | assets/library/collective_dynamics/cylindrical_helical_currents/88_10L_m0_rotation_diagnostic_2026-08-27/source/scripts/plot_paired_helical_tagged_vertex.py | assets/library/collective_dynamics/cylindrical_helical_currents/88_10L_m0_weighted_factorization_m1m4_2026-08-27/source/scripts_stage/plot_paired_helical_tagged_vertex.py | assets/library/collective_dynamics/cylindrical_helical_currents/88_10L_relative_angular_current_m1m4_2026-08-27/source/scripts/plot_paired_helical_tagged_vertex.py | assets/library/collective_dynamics/cylindrical_helical_currents/88_10L_theta_hydro_closure_recheck_2026-08-27/source/scripts_stage/plot_paired_helical_tagged_vertex.py | results/collective_mode_response/CT_theta_m0_kn_88_L10_100fs_1ns_3rep/2026-08-27/scripts_stage/plot_paired_helical_tagged_vertex.py | results/collective_mode_response/axial_Cvz_m0_lowk_modecoupling_screen_88_L10_100fs_1ns_3rep/2026-08-27/scripts_stage/plot_paired_helical_tagged_vertex.py | results/collective_mode_response/m0_rotation_oxygen_stride_88_L10_100fs_10ns_3rep/2026-08-27/scripts/plot_paired_helical_tagged_vertex.py | results/collective_mode_response/relative_angular_current_m1m4_88_L10_100fs_10ns_3rep/2026-08-27/scripts/plot_paired_helical_tagged_vertex.py | results/collective_mode_response/theta_hydro_closure_recheck_88_L10_100fs_1ns_3rep/2026-08-27/scripts_stage/plot_paired_helical_tagged_vertex.py | results/collective_mode_response/theta_m0_weighted_factorization_m1m4_acf_88_L10_100fs_1ns_3rep/2026-08-27/scripts_stage/plot_paired_helical_tagged_vertex.py | stage_theta_decom_88_L2L10_100fs_10ns_20260826/plot_paired_helical_tagged_vertex.py
21ccd390d5e02e3a69284e7c733efffba32d99c3474fe8e1320af7a0d629f863,13,assets/library/collective_dynamics/cjj_k_t/88_10L_axial_Cvz_m0_lowk_modecoupling_2026-08-27/source/scripts_stage/plot_raw_vacf_alpha_realLz_100fs.py | assets/library/collective_dynamics/cylindrical_helical_currents/88_10L_CT_theta_m0_kn_2026-08-27/source/scripts_stage/plot_raw_vacf_alpha_realLz_100fs.py | assets/library/collective_dynamics/cylindrical_helical_currents/88_10L_m0_rotation_diagnostic_2026-08-27/source/scripts/plot_raw_vacf_alpha_realLz_100fs.py | assets/library/collective_dynamics/cylindrical_helical_currents/88_10L_m0_weighted_factorization_m1m4_2026-08-27/source/scripts_stage/plot_raw_vacf_alpha_realLz_100fs.py | assets/library/collective_dynamics/cylindrical_helical_currents/88_10L_relative_angular_current_m1m4_2026-08-27/source/scripts/plot_raw_vacf_alpha_realLz_100fs.py | assets/library/collective_dynamics/cylindrical_helical_currents/88_10L_theta_hydro_closure_recheck_2026-08-27/source/scripts_stage/plot_raw_vacf_alpha_realLz_100fs.py | results/collective_mode_response/CT_theta_m0_kn_88_L10_100fs_1ns_3rep/2026-08-27/scripts_stage/plot_raw_vacf_alpha_realLz_100fs.py | results/collective_mode_response/axial_Cvz_m0_lowk_modecoupling_screen_88_L10_100fs_1ns_3rep/2026-08-27/scripts_stage/plot_raw_vacf_alpha_realLz_100fs.py | results/collective_mode_response/m0_rotation_oxygen_stride_88_L10_100fs_10ns_3rep/2026-08-27/scripts/plot_raw_vacf_alpha_realLz_100fs.py | results/collective_mode_response/relative_angular_current_m1m4_88_L10_100fs_10ns_3rep/2026-08-27/scripts/plot_raw_vacf_alpha_realLz_100fs.py | results/collective_mode_response/theta_hydro_closure_recheck_88_L10_100fs_1ns_3rep/2026-08-27/scripts_stage/plot_raw_vacf_alpha_realLz_100fs.py | results/collective_mode_response/theta_m0_weighted_factorization_m1m4_acf_88_L10_100fs_1ns_3rep/2026-08-27/scripts_stage/plot_raw_vacf_alpha_realLz_100fs.py | stage_theta_decom_88_L2L10_100fs_10ns_20260826/plot_raw_vacf_alpha_realLz_100fs.py
75e970f706b53cc46f1b6530291d89e1d3dec7800efa1fe55dced8f5ddc044e5,13,assets/library/collective_dynamics/cjj_k_t/88_10L_axial_Cvz_m0_lowk_modecoupling_2026-08-27/source/scripts_stage/plot_tagged_collective_vertex_m0.py | assets/library/collective_dynamics/cylindrical_helical_currents/88_10L_CT_theta_m0_kn_2026-08-27/source/scripts_stage/plot_tagged_collective_vertex_m0.py | assets/library/collective_dynamics/cylindrical_helical_currents/88_10L_m0_rotation_diagnostic_2026-08-27/source/scripts/plot_tagged_collective_vertex_m0.py | assets/library/collective_dynamics/cylindrical_helical_currents/88_10L_m0_weighted_factorization_m1m4_2026-08-27/source/scripts_stage/plot_tagged_collective_vertex_m0.py | assets/library/collective_dynamics/cylindrical_helical_currents/88_10L_relative_angular_current_m1m4_2026-08-27/source/scripts/plot_tagged_collective_vertex_m0.py | assets/library/collective_dynamics/cylindrical_helical_currents/88_10L_theta_hydro_closure_recheck_2026-08-27/source/scripts_stage/plot_tagged_collective_vertex_m0.py | results/collective_mode_response/CT_theta_m0_kn_88_L10_100fs_1ns_3rep/2026-08-27/scripts_stage/plot_tagged_collective_vertex_m0.py | results/collective_mode_response/axial_Cvz_m0_lowk_modecoupling_screen_88_L10_100fs_1ns_3rep/2026-08-27/scripts_stage/plot_tagged_collective_vertex_m0.py | results/collective_mode_response/m0_rotation_oxygen_stride_88_L10_100fs_10ns_3rep/2026-08-27/scripts/plot_tagged_collective_vertex_m0.py | results/collective_mode_response/relative_angular_current_m1m4_88_L10_100fs_10ns_3rep/2026-08-27/scripts/plot_tagged_collective_vertex_m0.py | results/collective_mode_response/theta_hydro_closure_recheck_88_L10_100fs_1ns_3rep/2026-08-27/scripts_stage/plot_tagged_collective_vertex_m0.py | results/collective_mode_response/theta_m0_weighted_factorization_m1m4_acf_88_L10_100fs_1ns_3rep/2026-08-27/scripts_stage/plot_tagged_collective_vertex_m0.py | stage_theta_decom_88_L2L10_100fs_10ns_20260826/plot_tagged_collective_vertex_m0.py
09a3da828fcba19623c549b72fb0ba54c57da0996c3e6b33fc1e840dd9fcc9b7,13,assets/library/collective_dynamics/cjj_k_t/88_10L_axial_Cvz_m0_lowk_modecoupling_2026-08-27/source/scripts_stage/plot_theta_hydro_closure_recheck.py | assets/library/collective_dynamics/cylindrical_helical_currents/88_10L_CT_theta_m0_kn_2026-08-27/source/scripts_stage/plot_theta_hydro_closure_recheck.py | assets/library/collective_dynamics/cylindrical_helical_currents/88_10L_m0_rotation_diagnostic_2026-08-27/source/scripts/plot_theta_hydro_closure_recheck.py | assets/library/collective_dynamics/cylindrical_helical_currents/88_10L_m0_weighted_factorization_m1m4_2026-08-27/source/scripts_stage/plot_theta_hydro_closure_recheck.py | assets/library/collective_dynamics/cylindrical_helical_currents/88_10L_relative_angular_current_m1m4_2026-08-27/source/scripts/plot_theta_hydro_closure_recheck.py | assets/library/collective_dynamics/cylindrical_helical_currents/88_10L_theta_hydro_closure_recheck_2026-08-27/source/scripts_stage/plot_theta_hydro_closure_recheck.py | results/collective_mode_response/CT_theta_m0_kn_88_L10_100fs_1ns_3rep/2026-08-27/scripts_stage/plot_theta_hydro_closure_recheck.py | results/collective_mode_response/axial_Cvz_m0_lowk_modecoupling_screen_88_L10_100fs_1ns_3rep/2026-08-27/scripts_stage/plot_theta_hydro_closure_recheck.py | results/collective_mode_response/m0_rotation_oxygen_stride_88_L10_100fs_10ns_3rep/2026-08-27/scripts/plot_theta_hydro_closure_recheck.py | results/collective_mode_response/relative_angular_current_m1m4_88_L10_100fs_10ns_3rep/2026-08-27/scripts/plot_theta_hydro_closure_recheck.py | results/collective_mode_response/theta_hydro_closure_recheck_88_L10_100fs_1ns_3rep/2026-08-27/scripts_stage/plot_theta_hydro_closure_recheck.py | results/collective_mode_response/theta_m0_weighted_factorization_m1m4_acf_88_L10_100fs_1ns_3rep/2026-08-27/scripts_stage/plot_theta_hydro_closure_recheck.py | stage_theta_decom_88_L2L10_100fs_10ns_20260826/plot_theta_hydro_closure_recheck.py
cc17fc665f3fe9e0165543b5d5a5586cae8de280be198110abb01ee5fde3ff18,13,assets/library/collective_dynamics/cjj_k_t/88_10L_axial_Cvz_m0_lowk_modecoupling_2026-08-27/source/scripts_stage/plot_theta_m0_factorization_m1m4.py | assets/library/collective_dynamics/cylindrical_helical_currents/88_10L_CT_theta_m0_kn_2026-08-27/source/scripts_stage/plot_theta_m0_factorization_m1m4.py | assets/library/collective_dynamics/cylindrical_helical_currents/88_10L_m0_rotation_diagnostic_2026-08-27/source/scripts/plot_theta_m0_factorization_m1m4.py | assets/library/collective_dynamics/cylindrical_helical_currents/88_10L_m0_weighted_factorization_m1m4_2026-08-27/source/scripts_stage/plot_theta_m0_factorization_m1m4.py | assets/library/collective_dynamics/cylindrical_helical_currents/88_10L_relative_angular_current_m1m4_2026-08-27/source/scripts/plot_theta_m0_factorization_m1m4.py | assets/library/collective_dynamics/cylindrical_helical_currents/88_10L_theta_hydro_closure_recheck_2026-08-27/source/scripts_stage/plot_theta_m0_factorization_m1m4.py | results/collective_mode_response/CT_theta_m0_kn_88_L10_100fs_1ns_3rep/2026-08-27/scripts_stage/plot_theta_m0_factorization_m1m4.py | results/collective_mode_response/axial_Cvz_m0_lowk_modecoupling_screen_88_L10_100fs_1ns_3rep/2026-08-27/scripts_stage/plot_theta_m0_factorization_m1m4.py | results/collective_mode_response/m0_rotation_oxygen_stride_88_L10_100fs_10ns_3rep/2026-08-27/scripts/plot_theta_m0_factorization_m1m4.py | results/collective_mode_response/relative_angular_current_m1m4_88_L10_100fs_10ns_3rep/2026-08-27/scripts/plot_theta_m0_factorization_m1m4.py | results/collective_mode_response/theta_hydro_closure_recheck_88_L10_100fs_1ns_3rep/2026-08-27/scripts_stage/plot_theta_m0_factorization_m1m4.py | results/collective_mode_response/theta_m0_weighted_factorization_m1m4_acf_88_L10_100fs_1ns_3rep/2026-08-27/scripts_stage/plot_theta_m0_factorization_m1m4.py | stage_theta_decom_88_L2L10_100fs_10ns_20260826/plot_theta_m0_factorization_m1m4.py
3cc02ac0631aadde2564d92ebb7aa871c176b2bd02ddd409cd1b797a42d3760b,13,assets/library/collective_dynamics/cjj_k_t/88_10L_axial_Cvz_m0_lowk_modecoupling_2026-08-27/source/scripts_stage/plot_unnormalized_cjj_static_screen.py | assets/library/collective_dynamics/cylindrical_helical_currents/88_10L_CT_theta_m0_kn_2026-08-27/source/scripts_stage/plot_unnormalized_cjj_static_screen.py | assets/library/collective_dynamics/cylindrical_helical_currents/88_10L_m0_rotation_diagnostic_2026-08-27/source/scripts/plot_unnormalized_cjj_static_screen.py | assets/library/collective_dynamics/cylindrical_helical_currents/88_10L_m0_weighted_factorization_m1m4_2026-08-27/source/scripts_stage/plot_unnormalized_cjj_static_screen.py | assets/library/collective_dynamics/cylindrical_helical_currents/88_10L_relative_angular_current_m1m4_2026-08-27/source/scripts/plot_unnormalized_cjj_static_screen.py | assets/library/collective_dynamics/cylindrical_helical_currents/88_10L_theta_hydro_closure_recheck_2026-08-27/source/scripts_stage/plot_unnormalized_cjj_static_screen.py | results/collective_mode_response/CT_theta_m0_kn_88_L10_100fs_1ns_3rep/2026-08-27/scripts_stage/plot_unnormalized_cjj_static_screen.py | results/collective_mode_response/axial_Cvz_m0_lowk_modecoupling_screen_88_L10_100fs_1ns_3rep/2026-08-27/scripts_stage/plot_unnormalized_cjj_static_screen.py | results/collective_mode_response/m0_rotation_oxygen_stride_88_L10_100fs_10ns_3rep/2026-08-27/scripts/plot_unnormalized_cjj_static_screen.py | results/collective_mode_response/relative_angular_current_m1m4_88_L10_100fs_10ns_3rep/2026-08-27/scripts/plot_unnormalized_cjj_static_screen.py | results/collective_mode_response/theta_hydro_closure_recheck_88_L10_100fs_1ns_3rep/2026-08-27/scripts_stage/plot_unnormalized_cjj_static_screen.py | results/collective_mode_response/theta_m0_weighted_factorization_m1m4_acf_88_L10_100fs_1ns_3rep/2026-08-27/scripts_stage/plot_unnormalized_cjj_static_screen.py | stage_theta_decom_88_L2L10_100fs_10ns_20260826/plot_unnormalized_cjj_static_screen.py
35a7f1d1f54002c730193910fa0b56ba007fafa780a2f2a757f31ac45762b10e,13,assets/library/collective_dynamics/cjj_k_t/88_10L_axial_Cvz_m0_lowk_modecoupling_2026-08-27/source/scripts_stage/run_local_10L_88_memmap.ps1 | assets/library/collective_dynamics/cylindrical_helical_currents/88_10L_CT_theta_m0_kn_2026-08-27/source/scripts_stage/run_local_10L_88_memmap.ps1 | assets/library/collective_dynamics/cylindrical_helical_currents/88_10L_m0_rotation_diagnostic_2026-08-27/source/scripts/run_local_10L_88_memmap.ps1 | assets/library/collective_dynamics/cylindrical_helical_currents/88_10L_m0_weighted_factorization_m1m4_2026-08-27/source/scripts_stage/run_local_10L_88_memmap.ps1 | assets/library/collective_dynamics/cylindrical_helical_currents/88_10L_relative_angular_current_m1m4_2026-08-27/source/scripts/run_local_10L_88_memmap.ps1 | assets/library/collective_dynamics/cylindrical_helical_currents/88_10L_theta_hydro_closure_recheck_2026-08-27/source/scripts_stage/run_local_10L_88_memmap.ps1 | results/collective_mode_response/CT_theta_m0_kn_88_L10_100fs_1ns_3rep/2026-08-27/scripts_stage/run_local_10L_88_memmap.ps1 | results/collective_mode_response/axial_Cvz_m0_lowk_modecoupling_screen_88_L10_100fs_1ns_3rep/2026-08-27/scripts_stage/run_local_10L_88_memmap.ps1 | results/collective_mode_response/m0_rotation_oxygen_stride_88_L10_100fs_10ns_3rep/2026-08-27/scripts/run_local_10L_88_memmap.ps1 | results/collective_mode_response/relative_angular_current_m1m4_88_L10_100fs_10ns_3rep/2026-08-27/scripts/run_local_10L_88_memmap.ps1 | results/collective_mode_response/theta_hydro_closure_recheck_88_L10_100fs_1ns_3rep/2026-08-27/scripts_stage/run_local_10L_88_memmap.ps1 | results/collective_mode_response/theta_m0_weighted_factorization_m1m4_acf_88_L10_100fs_1ns_3rep/2026-08-27/scripts_stage/run_local_10L_88_memmap.ps1 | stage_theta_decom_88_L2L10_100fs_10ns_20260826/run_local_10L_88_memmap.ps1
56b510c630e671494f3607f265d26e196d89601015ee47e28caa7e950338c25b,13,assets/library/collective_dynamics/cjj_k_t/88_10L_axial_Cvz_m0_lowk_modecoupling_2026-08-27/source/scripts_stage/submit_2L5L.sh | assets/library/collective_dynamics/cylindrical_helical_currents/88_10L_CT_theta_m0_kn_2026-08-27/source/scripts_stage/submit_2L5L.sh | assets/library/collective_dynamics/cylindrical_helical_currents/88_10L_m0_rotation_diagnostic_2026-08-27/source/scripts/submit_2L5L.sh | assets/library/collective_dynamics/cylindrical_helical_currents/88_10L_m0_weighted_factorization_m1m4_2026-08-27/source/scripts_stage/submit_2L5L.sh | assets/library/collective_dynamics/cylindrical_helical_currents/88_10L_relative_angular_current_m1m4_2026-08-27/source/scripts/submit_2L5L.sh | assets/library/collective_dynamics/cylindrical_helical_currents/88_10L_theta_hydro_closure_recheck_2026-08-27/source/scripts_stage/submit_2L5L.sh | results/collective_mode_response/CT_theta_m0_kn_88_L10_100fs_1ns_3rep/2026-08-27/scripts_stage/submit_2L5L.sh | results/collective_mode_response/axial_Cvz_m0_lowk_modecoupling_screen_88_L10_100fs_1ns_3rep/2026-08-27/scripts_stage/submit_2L5L.sh | results/collective_mode_response/m0_rotation_oxygen_stride_88_L10_100fs_10ns_3rep/2026-08-27/scripts/submit_2L5L.sh | results/collective_mode_response/relative_angular_current_m1m4_88_L10_100fs_10ns_3rep/2026-08-27/scripts/submit_2L5L.sh | results/collective_mode_response/theta_hydro_closure_recheck_88_L10_100fs_1ns_3rep/2026-08-27/scripts_stage/submit_2L5L.sh | results/collective_mode_response/theta_m0_weighted_factorization_m1m4_acf_88_L10_100fs_1ns_3rep/2026-08-27/scripts_stage/submit_2L5L.sh | stage_theta_decom_88_L2L10_100fs_10ns_20260826/submit_2L5L.sh
62d96ab86bf0be521943c9a938d74b5c6a95c0418ec98f1fbb185db9dab3ffaf,13,assets/library/collective_dynamics/cjj_k_t/88_10L_axial_Cvz_m0_lowk_modecoupling_2026-08-27/source/scripts_stage/submit_final_parserfix.sh | assets/library/collective_dynamics/cylindrical_helical_currents/88_10L_CT_theta_m0_kn_2026-08-27/source/scripts_stage/submit_final_parserfix.sh | assets/library/collective_dynamics/cylindrical_helical_currents/88_10L_m0_rotation_diagnostic_2026-08-27/source/scripts/submit_final_parserfix.sh | assets/library/collective_dynamics/cylindrical_helical_currents/88_10L_m0_weighted_factorization_m1m4_2026-08-27/source/scripts_stage/submit_final_parserfix.sh | assets/library/collective_dynamics/cylindrical_helical_currents/88_10L_relative_angular_current_m1m4_2026-08-27/source/scripts/submit_final_parserfix.sh | assets/library/collective_dynamics/cylindrical_helical_currents/88_10L_theta_hydro_closure_recheck_2026-08-27/source/scripts_stage/submit_final_parserfix.sh | results/collective_mode_response/CT_theta_m0_kn_88_L10_100fs_1ns_3rep/2026-08-27/scripts_stage/submit_final_parserfix.sh | results/collective_mode_response/axial_Cvz_m0_lowk_modecoupling_screen_88_L10_100fs_1ns_3rep/2026-08-27/scripts_stage/submit_final_parserfix.sh | results/collective_mode_response/m0_rotation_oxygen_stride_88_L10_100fs_10ns_3rep/2026-08-27/scripts/submit_final_parserfix.sh | results/collective_mode_response/relative_angular_current_m1m4_88_L10_100fs_10ns_3rep/2026-08-27/scripts/submit_final_parserfix.sh | results/collective_mode_response/theta_hydro_closure_recheck_88_L10_100fs_1ns_3rep/2026-08-27/scripts_stage/submit_final_parserfix.sh | results/collective_mode_response/theta_m0_weighted_factorization_m1m4_acf_88_L10_100fs_1ns_3rep/2026-08-27/scripts_stage/submit_final_parserfix.sh | stage_theta_decom_88_L2L10_100fs_10ns_20260826/submit_final_parserfix.sh
9b6b54be70ca8fada9b804f84fde1991c6f120549b8126b96d6cd6f0eeb05dfa,13,assets/library/collective_dynamics/cjj_k_t/88_10L_axial_Cvz_m0_lowk_modecoupling_2026-08-27/source/scripts_stage/submit_headerfix_resubmission.sh | assets/library/collective_dynamics/cylindrical_helical_currents/88_10L_CT_theta_m0_kn_2026-08-27/source/scripts_stage/submit_headerfix_resubmission.sh | assets/library/collective_dynamics/cylindrical_helical_currents/88_10L_m0_rotation_diagnostic_2026-08-27/source/scripts/submit_headerfix_resubmission.sh | assets/library/collective_dynamics/cylindrical_helical_currents/88_10L_m0_weighted_factorization_m1m4_2026-08-27/source/scripts_stage/submit_headerfix_resubmission.sh | assets/library/collective_dynamics/cylindrical_helical_currents/88_10L_relative_angular_current_m1m4_2026-08-27/source/scripts/submit_headerfix_resubmission.sh | assets/library/collective_dynamics/cylindrical_helical_currents/88_10L_theta_hydro_closure_recheck_2026-08-27/source/scripts_stage/submit_headerfix_resubmission.sh | results/collective_mode_response/CT_theta_m0_kn_88_L10_100fs_1ns_3rep/2026-08-27/scripts_stage/submit_headerfix_resubmission.sh | results/collective_mode_response/axial_Cvz_m0_lowk_modecoupling_screen_88_L10_100fs_1ns_3rep/2026-08-27/scripts_stage/submit_headerfix_resubmission.sh | results/collective_mode_response/m0_rotation_oxygen_stride_88_L10_100fs_10ns_3rep/2026-08-27/scripts/submit_headerfix_resubmission.sh | results/collective_mode_response/relative_angular_current_m1m4_88_L10_100fs_10ns_3rep/2026-08-27/scripts/submit_headerfix_resubmission.sh | results/collective_mode_response/theta_hydro_closure_recheck_88_L10_100fs_1ns_3rep/2026-08-27/scripts_stage/submit_headerfix_resubmission.sh | results/collective_mode_response/theta_m0_weighted_factorization_m1m4_acf_88_L10_100fs_1ns_3rep/2026-08-27/scripts_stage/submit_headerfix_resubmission.sh | stage_theta_decom_88_L2L10_100fs_10ns_20260826/submit_headerfix_resubmission.sh
0ded27d292d4a4d8ab28fae8a2e349b22dfb53c157037b4cbce007960156126a,13,assets/library/collective_dynamics/cjj_k_t/88_10L_axial_Cvz_m0_lowk_modecoupling_2026-08-27/source/scripts_stage/submit_resourcefix_resubmission.sh | assets/library/collective_dynamics/cylindrical_helical_currents/88_10L_CT_theta_m0_kn_2026-08-27/source/scripts_stage/submit_resourcefix_resubmission.sh | assets/library/collective_dynamics/cylindrical_helical_currents/88_10L_m0_rotation_diagnostic_2026-08-27/source/scripts/submit_resourcefix_resubmission.sh | assets/library/collective_dynamics/cylindrical_helical_currents/88_10L_m0_weighted_factorization_m1m4_2026-08-27/source/scripts_stage/submit_resourcefix_resubmission.sh | assets/library/collective_dynamics/cylindrical_helical_currents/88_10L_relative_angular_current_m1m4_2026-08-27/source/scripts/submit_resourcefix_resubmission.sh | assets/library/collective_dynamics/cylindrical_helical_currents/88_10L_theta_hydro_closure_recheck_2026-08-27/source/scripts_stage/submit_resourcefix_resubmission.sh | results/collective_mode_response/CT_theta_m0_kn_88_L10_100fs_1ns_3rep/2026-08-27/scripts_stage/submit_resourcefix_resubmission.sh | results/collective_mode_response/axial_Cvz_m0_lowk_modecoupling_screen_88_L10_100fs_1ns_3rep/2026-08-27/scripts_stage/submit_resourcefix_resubmission.sh | results/collective_mode_response/m0_rotation_oxygen_stride_88_L10_100fs_10ns_3rep/2026-08-27/scripts/submit_resourcefix_resubmission.sh | results/collective_mode_response/relative_angular_current_m1m4_88_L10_100fs_10ns_3rep/2026-08-27/scripts/submit_resourcefix_resubmission.sh | results/collective_mode_response/theta_hydro_closure_recheck_88_L10_100fs_1ns_3rep/2026-08-27/scripts_stage/submit_resourcefix_resubmission.sh | results/collective_mode_response/theta_m0_weighted_factorization_m1m4_acf_88_L10_100fs_1ns_3rep/2026-08-27/scripts_stage/submit_resourcefix_resubmission.sh | stage_theta_decom_88_L2L10_100fs_10ns_20260826/submit_resourcefix_resubmission.sh
47cf34e7ecdf081bacee7405b7b6354b4194c7d92fd176f7c0bd070c6cb427e1,13,assets/library/collective_dynamics/cjj_k_t/88_10L_axial_Cvz_m0_lowk_modecoupling_2026-08-27/source/scripts_stage/summarize_axial_m0_nmax_convergence.py | assets/library/collective_dynamics/cylindrical_helical_currents/88_10L_CT_theta_m0_kn_2026-08-27/source/scripts_stage/summarize_axial_m0_nmax_convergence.py | assets/library/collective_dynamics/cylindrical_helical_currents/88_10L_m0_rotation_diagnostic_2026-08-27/source/scripts/summarize_axial_m0_nmax_convergence.py | assets/library/collective_dynamics/cylindrical_helical_currents/88_10L_m0_weighted_factorization_m1m4_2026-08-27/source/scripts_stage/summarize_axial_m0_nmax_convergence.py | assets/library/collective_dynamics/cylindrical_helical_currents/88_10L_relative_angular_current_m1m4_2026-08-27/source/scripts/summarize_axial_m0_nmax_convergence.py | assets/library/collective_dynamics/cylindrical_helical_currents/88_10L_theta_hydro_closure_recheck_2026-08-27/source/scripts_stage/summarize_axial_m0_nmax_convergence.py | results/collective_mode_response/CT_theta_m0_kn_88_L10_100fs_1ns_3rep/2026-08-27/scripts_stage/summarize_axial_m0_nmax_convergence.py | results/collective_mode_response/axial_Cvz_m0_lowk_modecoupling_screen_88_L10_100fs_1ns_3rep/2026-08-27/scripts_stage/summarize_axial_m0_nmax_convergence.py | results/collective_mode_response/m0_rotation_oxygen_stride_88_L10_100fs_10ns_3rep/2026-08-27/scripts/summarize_axial_m0_nmax_convergence.py | results/collective_mode_response/relative_angular_current_m1m4_88_L10_100fs_10ns_3rep/2026-08-27/scripts/summarize_axial_m0_nmax_convergence.py | results/collective_mode_response/theta_hydro_closure_recheck_88_L10_100fs_1ns_3rep/2026-08-27/scripts_stage/summarize_axial_m0_nmax_convergence.py | results/collective_mode_response/theta_m0_weighted_factorization_m1m4_acf_88_L10_100fs_1ns_3rep/2026-08-27/scripts_stage/summarize_axial_m0_nmax_convergence.py | stage_theta_decom_88_L2L10_100fs_10ns_20260826/summarize_axial_m0_nmax_convergence.py
03f761ae0bc9ce558c14bed1b96c253187ca3ccb90ac9a71e77485b817a511f0,3,assets/library/collective_dynamics/cjj_k_t/5L_all_modes_2026-08-19/source/analyze_cjj_negative_lobes.py | assets/library/collective_dynamics/current_spectra/5L_LA_TAr_TAtheta_2026-08-19/source/analyze_cjj_negative_lobes.py | results/collective_mode_response/88_5L_LA_TAr_TAtheta_dispersion/2026-08-19/analyze_cjj_negative_lobes.py
4d428c99085ab0c425541348cb1d200d8f1513ef6dc3e784651b8ad37f23268b,3,assets/library/collective_dynamics/dsf/vdos_dsf_L2L10_2026-08-13/source/scripts/analyze_vdos_dsf_L2L10.py | results/collective_mode_response/vdos_dsf_L2L10_weakNH_zvz/2026-08-13/vdos_dsf_L2L10/scripts/analyze_vdos_dsf_L2L10.py | stage_vacf_tail_8_8_L2L10_8rep_weaknh_zvz_20260812/analyze_vdos_dsf_L2L10.py
c3fbef081bd2c5ecb69338f51d237259a9f1b0dff10887ee32bd25aba79af112,3,assets/library/collective_dynamics/dsf/vdos_dsf_L2L10_2026-08-13/source/scripts/plot_vdos_dsf_L2L10.py | results/collective_mode_response/vdos_dsf_L2L10_weakNH_zvz/2026-08-13/vdos_dsf_L2L10/scripts/plot_vdos_dsf_L2L10.py | stage_vacf_tail_8_8_L2L10_8rep_weaknh_zvz_20260812/plot_vdos_dsf_L2L10.py
084046fe72472c5f113969bc2331a0fddc811ab999ba50f34b0ca706a79c821a,3,assets/library/collective_dynamics/dsf/vdos_dsf_L2L10_2026-08-13/source/scripts/run_analyze_vdos_dsf_L2L10.sh | results/collective_mode_response/vdos_dsf_L2L10_weakNH_zvz/2026-08-13/vdos_dsf_L2L10/scripts/run_analyze_vdos_dsf_L2L10.sh | stage_vacf_tail_8_8_L2L10_8rep_weaknh_zvz_20260812/run_analyze_vdos_dsf_L2L10.sh
6148070a3460d9600d99d9aef296d5e646b6603763c4b51485c4650fd1830fa7,3,heartbeat_fetch/stage_absolute_cvj_1L10L_20260809/analyze_absolute_cvj.py | results/collective_mode_response/absolute_cvj_first_negative_lobe/2026-08-09/remote_raw/stage_absolute_cvj_1L10L/analyze_absolute_cvj.py | stage_absolute_cvj_1L10L_20260809/analyze_absolute_cvj.py
73fdc2a3ee86c6d2fb373a6418ae4c2bb36caf77156995371be1a79e11092943,3,heartbeat_fetch/stage_absolute_cvj_1L10L_20260809/run_17_0.sh | results/collective_mode_response/absolute_cvj_first_negative_lobe/2026-08-09/remote_raw/stage_absolute_cvj_1L10L/run_17_0.sh | stage_absolute_cvj_1L10L_20260809/run_17_0.sh
bdf13194fd53ffa52d573be2b78675bfb7a56db3fbfa0997d44698b38457e960,3,heartbeat_fetch/stage_absolute_cvj_1L10L_20260809/run_7_7.sh | results/collective_mode_response/absolute_cvj_first_negative_lobe/2026-08-09/remote_raw/stage_absolute_cvj_1L10L/run_7_7.sh | stage_absolute_cvj_1L10L_20260809/run_7_7.sh
f5b3c5fd70df3a6c7fea50af11d4ade597b85915a49288a08ca9503a3fa67527,3,heartbeat_fetch/stage_absolute_cvj_1L10L_20260809/run_8_8.sh | results/collective_mode_response/absolute_cvj_first_negative_lobe/2026-08-09/remote_raw/stage_absolute_cvj_1L10L/run_8_8.sh | stage_absolute_cvj_1L10L_20260809/run_8_8.sh
e398f05a61362a43781930a92d58d6418a631ff1d8d84398bed958b6294fc98c,3,heartbeat_fetch/stage_absolute_cvj_1L10L_20260809/run_9_9.sh | results/collective_mode_response/absolute_cvj_first_negative_lobe/2026-08-09/remote_raw/stage_absolute_cvj_1L10L/run_9_9.sh | stage_absolute_cvj_1L10L_20260809/run_9_9.sh
2a472911b97e0161ec4fa1e12e22a7e36988309f5d9183cd796f5e9d913dae48,3,heartbeat_fetch/stage_alpha200ps_crosschirality_20260809/run_17_0.sh | results/collective_mode_response/absolute_cvj_first_negative_lobe/2026-08-09/remote_raw/alpha_z_200ps/run_17_0.sh | stage_alpha200ps_crosschirality_20260809/run_17_0.sh
46984fa73c300b5f08b63abe87f10acecfa752eeb9b16ad74167c831bc439d99,3,heartbeat_fetch/stage_alpha200ps_crosschirality_20260809/run_7_7.sh | results/collective_mode_response/absolute_cvj_first_negative_lobe/2026-08-09/remote_raw/alpha_z_200ps/run_7_7.sh | stage_alpha200ps_crosschirality_20260809/run_7_7.sh
478e68e58adbf75c0d065432e57864bcc161bbbafd94da77d3468aa656391539,3,heartbeat_fetch/stage_alpha200ps_crosschirality_20260809/run_8_8.sh | results/collective_mode_response/absolute_cvj_first_negative_lobe/2026-08-09/remote_raw/alpha_z_200ps/run_8_8.sh | stage_alpha200ps_crosschirality_20260809/run_8_8.sh
3d8f841a2aa949ce645f3a6abedc249532d88502694e6d5405d3194ee1d411fc,3,heartbeat_fetch/stage_alpha200ps_crosschirality_20260809/run_9_9.sh | results/collective_mode_response/absolute_cvj_first_negative_lobe/2026-08-09/remote_raw/alpha_z_200ps/run_9_9.sh | stage_alpha200ps_crosschirality_20260809/run_9_9.sh
bff174fc13158d4c8891b078d66f14249cbb0682c826e6392f642abfc7c23a7a,3,results/collective_mode_response/L20_fixed10ns_remote_alignment_audit/2026-08-28/remote_fetch/stage_L20_fixed10ns_vacf_msd_alpha_20260828/merge_fixed10ns_ensemble.py | results/collective_mode_response/vacf_msd_alpha_88_L20_veryweakNH_nomom_100fs_fixed10ns/2026-08-28/merge_fixed10ns_ensemble.py | stage_L20_fixed10ns_vacf_msd_alpha_20260828/merge_fixed10ns_ensemble.py
555174c925bda78782022208fc3b2c861988040d5c71483bbe064968a5f9cee5,3,results/collective_mode_response/L20_fixed10ns_remote_alignment_audit/2026-08-28/remote_fetch/stage_L20_fixed10ns_vacf_msd_alpha_20260828/run_fixed10ns_array.sh | results/collective_mode_response/vacf_msd_alpha_88_L20_veryweakNH_nomom_100fs_fixed10ns/2026-08-28/run_fixed10ns_array.sh | stage_L20_fixed10ns_vacf_msd_alpha_20260828/run_fixed10ns_array.sh
8c7a6c094bbd35792a9081f467d7a1114dbc8254cf7e671224b5a3fb27f4794e,3,results/collective_mode_response/L20_fixed10ns_remote_alignment_audit/2026-08-28/remote_fetch/stage_L20_fixed10ns_vacf_msd_alpha_20260828/run_merge_fixed10ns.sh | results/collective_mode_response/vacf_msd_alpha_88_L20_veryweakNH_nomom_100fs_fixed10ns/2026-08-28/run_merge_fixed10ns.sh | stage_L20_fixed10ns_vacf_msd_alpha_20260828/run_merge_fixed10ns.sh
cbc9b217fcf5472e5e62ce3e52961101a16ac18b0a4227b30e0bee1d119e5a69,3,results/collective_mode_response/fig2_longitudinal_modes_88_rh75_330k/2026-08-11/remote_raw/stage_Wk_crossfit_88_L2to10_20260812_corrected/run.sh | results/collective_mode_response/fig2_longitudinal_modes_88_rh75_330k/2026-08-11/remote_raw/stage_Wk_crossfit_88_L2to10_20260812_corrected2/run.sh | stage_Wk_crossfit_88_L2to10_20260812_corrected2/run.sh
7d1411ddab8b12506fee480456f1a4d42dbffaef71e625a10ac401c7234d8566,2,assets/library/collective_dynamics/cjj_k_t/88_10L_LA_DHO_lowk_tests_2026-08-26/source/scripts/analyze_lowk_dho_tests.py | results/collective_mode_response/88_10L_LA_DHO_lowk_tests/2026-08-26/scripts/analyze_lowk_dho_tests.py
fce141cc8cda61769202e0905e377d1b3b7e79384daaff80fb40e02b0e6a4c14,2,assets/library/collective_dynamics/cjj_k_t/88_10L_LA_DHO_lowk_tests_2026-08-26/source/scripts/test_dho_thermal_relaxation_term.py | results/collective_mode_response/88_10L_LA_DHO_lowk_tests/2026-08-26/scripts/test_dho_thermal_relaxation_term.py
f4fef76be80920fb01fa8d743a1fde660bafca67b3c3a90ba77e36e807a65ae0,2,assets/library/collective_dynamics/cjj_k_t/88_10L_LA_beating_vs_fast_relaxation_2026-08-26/source/scripts/compare_beating_models.py | results/collective_mode_response/88_10L_LA_beating_vs_fast_relaxation/2026-08-26/scripts/compare_beating_models.py
5f39eb493d10902fe8c36d87a5fe7fe6b7f828e5d82c0f000fc25542d44bfb63,2,assets/library/collective_dynamics/cjj_k_t/88_10L_LA_beating_vs_fast_relaxation_2026-08-26/source/scripts/leave_one_replica_prediction.py | results/collective_mode_response/88_10L_LA_beating_vs_fast_relaxation/2026-08-26/scripts/leave_one_replica_prediction.py
ab2971d955ad3473b395ef59545c53bd532854ed41b4833688a33e5c1c21a9e8,2,assets/library/collective_dynamics/cjj_k_t/88_10L_LA_late_tail_coherence_2026-08-26/source/scripts/late_tail_coherence.py | results/collective_mode_response/88_10L_LA_late_tail_coherence/2026-08-26/scripts/late_tail_coherence.py
48f9e702b900ac5ff2dd8911a95979803b9ddeb502270e2541652af8e7d63684,2,assets/library/collective_dynamics/cjj_k_t/88_10L_LA_n1_500ps_beating_retest_2026-08-26/source/scripts/render_from_saved_500ps.py | results/collective_mode_response/88_10L_LA_n1_500ps_beating_retest/2026-08-26/scripts/render_from_saved_500ps.py
21dd9da1d8377b14fcbb1c7abddfdf3b0c29e17ae2f7eabf846b74d23ffd309f,2,assets/library/collective_dynamics/cjj_k_t/88_10L_LA_n1_500ps_beating_retest_2026-08-26/source/scripts/retest_n1_beating_500ps.py | results/collective_mode_response/88_10L_LA_n1_500ps_beating_retest/2026-08-26/scripts/retest_n1_beating_500ps.py
350d0bf437d771e95606560db93ec6eb8441fa5465813e7720fe97e9a06d73a6,2,assets/library/collective_dynamics/cjj_k_t/88_10L_LA_n2n3_beating_longwindow_2026-08-26/source/scripts/render_from_saved.py | results/collective_mode_response/88_10L_LA_n2n3_beating_longwindow/2026-08-26/scripts/render_from_saved.py
cc3c7a4a014d611f1b216e8bc8d5cfda058d9926ec30dda6b28e9f5fe63e4ad6,2,assets/library/collective_dynamics/cjj_k_t/88_10L_LA_n2n3_beating_longwindow_2026-08-26/source/scripts/retest_n2n3_beating.py | results/collective_mode_response/88_10L_LA_n2n3_beating_longwindow/2026-08-26/scripts/retest_n2n3_beating.py
e602ba516957f185a9dde440c292f0e30b5e4db7f897ebae7977fb1aee464f31,2,assets/library/collective_dynamics/cjj_k_t/crosschirality_10L_2026-08-14/source/analyze_cjj_all_modes.py | stage_cjj_dispersion_crosschirality_10L_20260814/analyze_cjj_all_modes.py
1b55d7c77d957562afb18458e7141f3589c59fd4e9163e39378feb777638d653,2,assets/library/collective_dynamics/cjj_k_t/crosschirality_10L_2026-08-14/source/fit_cjj_dispersion.py | stage_cjj_dispersion_crosschirality_10L_20260814/fit_cjj_dispersion.py
f86fe23a21c88242e83c7e2440d265c6f6c8d78fc149124e7b2f329d4eae2e23,2,assets/library/collective_dynamics/cjj_k_t/crosschirality_10L_2026-08-14/source/run_cjj_crosschirality_10L.pbs | stage_cjj_dispersion_crosschirality_10L_20260814/run_cjj_crosschirality_10L.pbs
9ee34c83d1a3a6aba2ab38e2e09a323134b984a3e6d5d9db97c07505aa1c452a,2,assets/library/collective_dynamics/cjj_k_t/implicit_C99_unified_longitudinal_500ps_2026-08-29/source/scripts/aggregate_C99_unified_longitudinal_500ps.py | results/collective_mode_response/implicit_C99_unified_longitudinal_500ps/2026-08-29/scripts/aggregate_C99_unified_longitudinal_500ps.py
8592b7b1dcd843df603249165266f30ac48e7af95d3f5b8e561d6ea4c36c84f4,2,assets/library/collective_dynamics/cjj_k_t/implicit_C99_unified_longitudinal_500ps_2026-08-29/source/scripts/analyze_C99_allbox_bigOmega_dispersion.py | results/collective_mode_response/implicit_C99_unified_longitudinal_500ps/2026-08-29/scripts/analyze_C99_allbox_bigOmega_dispersion.py
6d989a13ad429c3cc3415091243c080bb1b58480f025e0e1ac9de0bf43611122,2,assets/library/collective_dynamics/cjj_k_t/implicit_C99_unified_longitudinal_500ps_2026-08-29/source/scripts/analyze_C99_allbox_matched_k.py | results/collective_mode_response/implicit_C99_unified_longitudinal_500ps/2026-08-29/scripts/analyze_C99_allbox_matched_k.py
de46aa43e91740f044dffcb8cecef33328af8aac8f9c7a18659a6721cc26e12b,2,assets/library/collective_dynamics/cjj_k_t/implicit_C99_unified_longitudinal_500ps_2026-08-29/source/scripts/fit_C99_allbox_allmodes_omega_gamma_weight.py | results/collective_mode_response/implicit_C99_unified_longitudinal_500ps/2026-08-29/scripts/fit_C99_allbox_allmodes_omega_gamma_weight.py
2b3f5e6fa01ac2c4b93d426d85a73704dee869d0564d7acbde059ad0ef378761,2,assets/library/collective_dynamics/cjj_k_t/implicit_C99_unified_longitudinal_500ps_2026-08-29/source/scripts/fit_C99_allbox_matched_k_effective_DHO.py | results/collective_mode_response/implicit_C99_unified_longitudinal_500ps/2026-08-29/scripts/fit_C99_allbox_matched_k_effective_DHO.py
8d0dbbaf058f4db25b62095393891aa75d50b20d8dc5ef0bc09911c7c00138b1,2,assets/library/collective_dynamics/cjj_k_t/implicit_C99_unified_longitudinal_500ps_2026-08-29/source/scripts/transfer_N1600_to_N3200_all_odd_DHO.py | results/collective_mode_response/implicit_C99_unified_longitudinal_500ps/2026-08-29/scripts/transfer_N1600_to_N3200_all_odd_DHO.py
748515212ab2d111d9b543ebcdc215cd95299c7ce2142c85ca5891a40d674d13,2,assets/library/collective_dynamics/cjj_k_t/implicit_C99_unified_longitudinal_500ps_2026-08-29/source/scripts/transfer_N1600_to_N3200_interpolated_modes.py | results/collective_mode_response/implicit_C99_unified_longitudinal_500ps/2026-08-29/scripts/transfer_N1600_to_N3200_interpolated_modes.py
808a30da8f1ed44162905d8684d914e5e7f482a223b329b6d7246bb55414affb,2,assets/library/collective_dynamics/cjj_k_t/implicit_C99_unified_longitudinal_500ps_2026-08-29/source/scripts/transfer_N1600_to_N3200_lowest_mode_DHO.py | results/collective_mode_response/implicit_C99_unified_longitudinal_500ps/2026-08-29/scripts/transfer_N1600_to_N3200_lowest_mode_DHO.py
89c65f3b50b29d5208c26861f8cea36c7455cbc7a4279e9b53f265ebb3f9f057,2,assets/library/collective_dynamics/current_spectra/10L_TAtheta_Gamma2_linewidth_2026-08-26/source/scripts/analyze_tatheta_gamma2_linewidth.py | results/collective_mode_response/88_10L_per_k_semilog_Skw_pm10_LA_TAr_TAtheta/2026-08-26_gamma2_TAtheta_spectral_linewidth/scripts/analyze_tatheta_gamma2_linewidth.py
c16f7f4705014cfcc04d6cc7eadb64e73a9048c7f78a93d3d805fe32d1c876cf,2,assets/library/collective_dynamics/current_spectra/10L_TAtheta_Gamma2_linewidth_2026-08-26/source/scripts/plot_tatheta_n001_n004_fit_quality.py | results/collective_mode_response/88_10L_per_k_semilog_Skw_pm10_LA_TAr_TAtheta/2026-08-26_gamma2_TAtheta_spectral_linewidth/scripts/plot_tatheta_n001_n004_fit_quality.py
2e4ead83da723b0168fd2cc4ff912548937290b659cf386467e974fe1acfe29c,2,assets/library/collective_dynamics/current_spectra/kmin_from_acf_2026-08-18/source/plot_absolute_and_highfreq_kmin_spectra.py | results/collective_mode_response/cjj_kmin_spectrum_from_acf/2026-08-18/plot_absolute_and_highfreq_kmin_spectra.py
2c448b24b8abc3a2ea6b78b2fefa4f9e0941486a6d5906149724d373c7c0ee97,2,assets/library/collective_dynamics/current_spectra/kmin_from_acf_2026-08-18/source/plot_highfreq_sampling_alias_control.py | results/collective_mode_response/cjj_kmin_spectrum_from_acf/2026-08-18/plot_highfreq_sampling_alias_control.py
4ee536458edf12708bd7f60f80b702cc12632ae2a895296c5337ba86e56183e4,2,assets/library/collective_dynamics/current_spectra/kmin_from_acf_2026-08-18/source/plot_kmin_current_spectra.py | results/collective_mode_response/cjj_kmin_spectrum_from_acf/2026-08-18/plot_kmin_current_spectra.py
db78890481c22f44fe37c644dd982a90c981febf54f181b241a43ceaf5d4c5d9,2,assets/library/collective_dynamics/cylindrical_helical_currents/88_10L_nm_screen_2026-08-27/source/scripts/analyze_88_10L_helical_cylindrical_currents.py | results/collective_mode_response/88_10L_helical_cylindrical_current_nm_screen/2026-08-27/scripts/analyze_88_10L_helical_cylindrical_currents.py
a2134a57b7be8a486459072141935e33e540abbe720dfc24d26ec485dc20591c,2,assets/library/collective_dynamics/dsf/k1_matrix_2026-08-18/source/scripts/analyze_dsf_k1_asset.py | results/collective_mode_response/dsf_k1_all_10fs_assets/2026-08-18/scripts/analyze_dsf_k1_asset.py
d6a2991871c010744b4d60c10c292401e1edaf716ca8b17833adcc8d5646694b,2,assets/library/collective_dynamics/dsf/k1_matrix_2026-08-18/source/scripts/make_dsf_k1_166_figures.py | results/collective_mode_response/dsf_k1_all_10fs_assets/2026-08-18/scripts/make_dsf_k1_166_figures.py
53196a3aa968b4fc4e1ba1c48bddca01a1f6841d160b93c68fdd03f232ba8a63,2,assets/library/collective_dynamics/dsf/k1_matrix_2026-08-18/source/scripts/make_dsf_k1_semilog_matrices.py | results/collective_mode_response/dsf_k1_all_10fs_assets/2026-08-18/scripts/make_dsf_k1_semilog_matrices.py
c1527938ba81af7155fd2c84c95d253e5f1d9014aff4c1b80cb225ce32f23181,2,assets/library/collective_dynamics/dsf/k1_matrix_2026-08-18/source/scripts/run_dsf_k1_all_166.pbs | results/collective_mode_response/dsf_k1_all_10fs_assets/2026-08-18/scripts/run_dsf_k1_all_166.pbs
f3cf0a4e40f28aab1dc2cd699f7944b7a4c23d4603e900bde099352f01f2299d,2,assets/library/collective_dynamics/dsf/self_kn_main64_2026-08-24/source/scripts/analyze_self_dsf_kn.py | results/collective_mode_response/self_dsf_kn_longitudinal_screen/2026-08-24/scripts/analyze_self_dsf_kn.py
e7ab67cf6f974c55554e5ff88309fe8eadad4f11dfd93bea80430b7caaf3e88e,2,assets/library/collective_dynamics/dsf/self_kn_main64_2026-08-24/source/scripts/make_self_dsf_figures.py | results/collective_mode_response/self_dsf_kn_longitudinal_screen/2026-08-24/scripts/make_self_dsf_figures.py
028d50d2fef25a8d62d3cf87b07b43c18b3b1b672515cbb765129a29ccda6f0f,2,assets/library/collective_dynamics/dsf/self_kn_main64_2026-08-24/source/scripts/run_self_dsf_kn_main64.pbs | results/collective_mode_response/self_dsf_kn_longitudinal_screen/2026-08-24/scripts/run_self_dsf_kn_main64.pbs
794569517282d59937f257b1b82ec1db2c0760ffbab7107dc06605e39d1661b3,2,remote_fetch/stage_10L_alpha_cvj_crosschirality_20260808/run_17_0.sh | stage_10L_alpha_cvj_crosschirality_20260808/run_17_0.sh
3ddd952da0d881c4ecbe720e49242239ef31b34857adfd5ab8ebe50ae7ce4295,2,remote_fetch/stage_10L_alpha_cvj_crosschirality_20260808/run_7_7.sh | stage_10L_alpha_cvj_crosschirality_20260808/run_7_7.sh
eed52d6a352f125f3c603d03b521e6149698885f4e8e8c9a31d22f20ad94ee68,2,remote_fetch/stage_10L_alpha_cvj_crosschirality_20260808/run_8_8.sh | stage_10L_alpha_cvj_crosschirality_20260808/run_8_8.sh
9e81375e8939298c3cef629132eff42a0692f118f90011a135562ed85adb26ab,2,remote_fetch/stage_10L_alpha_cvj_crosschirality_20260808/run_9_9.sh | stage_10L_alpha_cvj_crosschirality_20260808/run_9_9.sh
fd646b732704b0d8e6031addc2ceee2db792867c82d1edef01c22b91dce4130b,2,remote_fetch/stage_C99_earlytime_highk_measured_kernel_20260830/run_C99_earlytime_highk_array.pbs | stage_C99_earlytime_highk_measured_kernel_20260830/run_C99_earlytime_highk_array.pbs
e22d5cf96f3cf9d7a3bd6bfe565fc11c0709e24fb860304f0823b0e86c81e85a,2,remote_fetch/stage_C99_multirate_LT_production_wave1_N800_N1600_rerun_20260830_compact_receipt/run_reaudit_ready_members.pbs | stage_C99_multirate_LT_production_wave1_N800_N1600_rerun_20260830/run_reaudit_ready_members.pbs
4deae8fd540cb5f4fd0ae74b1a2d4fceca44965357a9438f8f76f564ae1f0c5c,2,remote_fetch/stage_C99_multirate_LT_production_wave1_N800_N1600_rerun_20260830_compact_receipt/scripts/audit_production_layout.py | stage_C99_multirate_LT_production_wave1_N800_N1600_rerun_20260830/scripts/audit_production_layout.py
81dcf85607c97e2e40bd9cbbf6ef80a2c1d45ce6ebcbaafb8ea3e05b82606931,2,remote_fetch/stage_C99_static_vertex_lowk_block_audit_20260829/run_array.pbs | stage_C99_static_vertex_lowk_block_audit_20260829/run_array.pbs
c0f9e13787427d4c6ce4dd60da93a5f2bb536e0e65ceed005bdf8e9fe52bad74,2,remote_fetch/stage_C99_static_vertex_lowk_block_audit_20260829/scripts/audit_static_vertex_blocks.py | stage_C99_static_vertex_lowk_block_audit_20260829/scripts/audit_static_vertex_blocks.py
297a7ff1191ca7e173d918a44d2b5ee1de0a3c1cd5c37daf6dee10beb17abe32,2,remote_fetch/stage_C99_unified_longitudinal_current_VACF_500ps_20260829/run_C99_unified_array.pbs | stage_C99_unified_longitudinal_current_VACF_500ps_20260829/run_C99_unified_array.pbs
52abf345331a1a243b1af8952d6ea04b669ce0102b625f6627253f806f37e0b5,2,remote_fetch/stage_C99_unified_longitudinal_current_VACF_500ps_20260829/scripts/analyze_C99_m0_unified.py | stage_C99_unified_longitudinal_current_VACF_500ps_20260829/scripts/analyze_C99_m0_unified.py
b59aca82e3a8e0b38aa1fce2f3a4ac7b41af8cd1522583dc2149c3486e3eeca5,2,results/collective_mode_response/_quarantine/superseded/alpha_z_crosschirality_10L_100fs_10ns/2026-08-10/remote_raw/stage_crosschirality_10L_decom_msd_stability_20260810/run_17_0.sh | stage_crosschirality_10L_decom_msd_stability_20260810/run_17_0.sh
cae9dadbb3942044c1b38bc7cba5c47f2b5b87330082c7dd5424a95d55faa493,2,results/collective_mode_response/_quarantine/superseded/alpha_z_crosschirality_10L_100fs_10ns/2026-08-10/remote_raw/stage_crosschirality_10L_decom_msd_stability_20260810/run_7_7.sh | stage_crosschirality_10L_decom_msd_stability_20260810/run_7_7.sh
bec860b435d2646cde96a8c25f731871208cfb224f4f3a85652253e46219f8bb,2,results/collective_mode_response/_quarantine/superseded/alpha_z_crosschirality_10L_100fs_10ns/2026-08-10/remote_raw/stage_crosschirality_10L_decom_msd_stability_20260810/run_9_9.sh | stage_crosschirality_10L_decom_msd_stability_20260810/run_9_9.sh
88d996fea11f8fdbc4aec3dc3639a4e6eb6aef067b8ca8c14a138adf16618d33,2,results/collective_mode_response/alpha_z_collapse_decom_20ns_1ps/2026-08-09/remote_raw/stage_10L_decom_msd_stability_20260809/export_10L_decom_msd.py | stage_10L_decom_msd_stability_20260809/export_10L_decom_msd.py
491cb3e648f88248d490f25be2f1522834ba074f1f92cf06ab27a4c4873eb26a,2,results/collective_mode_response/alpha_z_collapse_decom_20ns_1ps/2026-08-09/remote_raw/stage_10L_decom_msd_stability_20260809/run.sh | stage_10L_decom_msd_stability_20260809/run.sh
51bbe2aba55bc1d71e3bb0e1d9ee347bb705d3060a83e1879a84f8678b55b2dd,2,results/collective_mode_response/alpha_z_collapse_decom_20ns_1ps/2026-08-09/remote_raw/stage_lowfreq_decom_alpha_collapse_20260809/analyze_decom_msd_loglog_decade.py | stage_lowfreq_decom_alpha_collapse_20260809/analyze_decom_msd_loglog_decade.py
aa87b8ee267a55628ccea3db01b10722edf41ddddafd6d0f4e5d637cfe544d20,2,results/collective_mode_response/alpha_z_collapse_decom_20ns_1ps/2026-08-09/remote_raw/stage_lowfreq_decom_alpha_collapse_20260809/run.sh | stage_lowfreq_decom_alpha_collapse_20260809/run.sh
7a4f9cceddcdb4126855971f75c888099a2a2436f0445fdbaee8e69438714afc,2,results/collective_mode_response/alpha_z_collapse_decom_20ns_1ps/2026-08-09/remote_raw/stage_lowfreq_decom_alpha_stability_20260809/export_decom_msd_blocks.py | stage_lowfreq_decom_alpha_stability_20260809/export_decom_msd_blocks.py
6617542a536928db2ddc36b690857a0fb272d6102398e032c912bbdfc84ebb5c,2,results/collective_mode_response/alpha_z_collapse_decom_20ns_1ps/2026-08-09/remote_raw/stage_lowfreq_decom_alpha_stability_20260809/run.sh | stage_lowfreq_decom_alpha_stability_20260809/run.sh
c43ddc5f8ede7ea4497fa9040c796a992cf50032d4ff3e6b680c7e6ab988025c,2,results/collective_mode_response/alpha_z_crosschirality_C075/2026-08-10/remote_raw/stage_crosschirality_C075_long_assets_20260810/run_17_0.sh | stage_crosschirality_C075_long_assets_20260810/run_17_0.sh
66d335ca630474427c44f51ddacb1d3e6d5757de690c3787dbe905b97e3e011b,2,results/collective_mode_response/alpha_z_crosschirality_C075/2026-08-10/remote_raw/stage_crosschirality_C075_long_assets_20260810/run_7_7.sh | stage_crosschirality_C075_long_assets_20260810/run_7_7.sh
f67a9d6f1d606fe3fd0c57f226d0157368c68e3c93d8b05cc77a42c92e4c65c0,2,results/collective_mode_response/alpha_z_crosschirality_C075/2026-08-10/remote_raw/stage_crosschirality_C075_long_assets_20260810/run_9_9.sh | stage_crosschirality_C075_long_assets_20260810/run_9_9.sh
cf49e32499d72f9c63392189b1ac8cdb74c40af6194a30c489025d0a314d8e5a,2,results/collective_mode_response/alpha_z_functional_t_over_L_collapse_1ps_cadence/2026-08-10/remote_raw/stage_cadence_1ps_decom_t_over_L_20260810/downsample_decom_msd.py | stage_cadence_1ps_decom_t_over_L_20260810/downsample_decom_msd.py
c303100c21b4d49925b1c7570cc347739f722f240a7726506dbc4945ce12081d,2,results/collective_mode_response/alpha_z_functional_t_over_L_collapse_1ps_cadence/2026-08-10/remote_raw/stage_cadence_1ps_decom_t_over_L_20260810/run_17_0.sh | stage_cadence_1ps_decom_t_over_L_20260810/run_17_0.sh
822ee20bf95c1ba9ec8d4326f796e8f7cbaadf6d9671c3d66fc6ed639aaf6d9f,2,results/collective_mode_response/alpha_z_functional_t_over_L_collapse_1ps_cadence/2026-08-10/remote_raw/stage_cadence_1ps_decom_t_over_L_20260810/run_7_7.sh | stage_cadence_1ps_decom_t_over_L_20260810/run_7_7.sh
68eb33c0a7fd2d64a24d64ce17b9b169690f52946fc73f53a923f1611b964658,2,results/collective_mode_response/alpha_z_functional_t_over_L_collapse_1ps_cadence/2026-08-10/remote_raw/stage_cadence_1ps_decom_t_over_L_20260810/run_8_8.sh | stage_cadence_1ps_decom_t_over_L_20260810/run_8_8.sh
4a09332ffa72d097ae4c192ae8e4e626a7a180242dd49865b64888ac12a896e0,2,results/collective_mode_response/alpha_z_functional_t_over_L_collapse_1ps_cadence/2026-08-10/remote_raw/stage_cadence_1ps_decom_t_over_L_20260810/run_9_9.sh | stage_cadence_1ps_decom_t_over_L_20260810/run_9_9.sh
de3cca07eda8600e759f306de520f8615a6c96305a4e50caa437012002a2341e,2,results/collective_mode_response/crosschirality_vacf_10fs_8rep_2ns_200ps_2026-08-18/analyze_vacf_10fs_2ns_stream.py | results/collective_mode_response/crosschirality_vacf_10fs_8rep_2ns_200ps_2026-08-18/archive/scripts/analyze_vacf_10fs_2ns_stream.py
a2bad1e1882a8284cce2db55f8895487f30e07538ffc181f2628d4dd2d012971,2,results/collective_mode_response/crosschirality_vacf_10fs_8rep_2ns_200ps_2026-08-18/archive/scripts/merge_vacf_10fs_2ns.py | results/collective_mode_response/crosschirality_vacf_10fs_8rep_2ns_200ps_2026-08-18/merge_vacf_10fs_2ns.py
660dda69a915341c359a5213e450e4c19945e900f2175d3b2a8cf01b090c4476,2,results/collective_mode_response/crosschirality_vacf_10fs_8rep_2ns_200ps_2026-08-18/archive/scripts/run_vacf_200ps_case.template.sh | results/collective_mode_response/crosschirality_vacf_10fs_8rep_2ns_200ps_2026-08-18/run_vacf_200ps_case.sh
cfc77cdb3b25565b8ee8f9d095c1b5f20e6dc6d13dd8bad3e9d11e042b389ad5,2,results/collective_mode_response/crosschirality_vacf_cvv_alpha_ode/2026-08-14/analyze_cvv_alpha_crosschirality.py | stage_crosschirality_vacf_alpha_2L10_weaknh_20260814/analyze_cvv_alpha_crosschirality.py
982cf21da526f4b949aeb4a465f04ebc01152379d9f78e7a54d82eacaac3490d,2,results/collective_mode_response/crosschirality_vacf_cvv_alpha_ode/2026-08-14/recovery_9_9_L3_rep2/run.sh | stage_crosschirality_vacf_alpha_2L10_weaknh_20260814/recovery_9_9_L3_rep2/run.sh
92567def2a5db647fa474ec8215b5867ecc6d1425e6a0145ec9636d45d7214e8,2,results/collective_mode_response/crosschirality_vacf_cvv_alpha_ode/2026-08-14/run_crosschirality_cvv_alpha_ode.sh | stage_crosschirality_vacf_alpha_2L10_weaknh_20260814/run_crosschirality_cvv_alpha_ode.sh
18238a65c9a643f4a2748dc355e6f6550c3a0bdeaab8b2c4d1a3a249e4947f48,2,results/collective_mode_response/decom_msd_cvv_alpha_L2L10_weakNH_zvz/2026-08-13/analyze_decom_msd_by_length.py | stage_vacf_tail_8_8_L2L10_8rep_weaknh_zvz_20260812/analyze_decom_msd_by_length.py
7473f1eaa7ed19cda31bb675b78d546fa5abd299f4afe33350a1c9be1f671526,2,results/collective_mode_response/decom_msd_cvv_alpha_L2L10_weakNH_zvz/2026-08-13/plot_decom_msd_alpha.py | stage_vacf_tail_8_8_L2L10_8rep_weaknh_zvz_20260812/plot_decom_msd_alpha.py
0db07a215fcd9336045c95782f791abd4e13bedd53cced5bacec096d520bde49,2,results/collective_mode_response/decom_msd_cvv_alpha_L2L10_weakNH_zvz/2026-08-13/run_analyze_msd_alpha_L2L10.sh | stage_vacf_tail_8_8_L2L10_8rep_weaknh_zvz_20260812/run_analyze_msd_alpha_L2L10.sh
a4a02530e5625d2f9b41fc723c4045b85714786dc94e31cf67ceb6f7aafda1d4,2,results/collective_mode_response/fig2_longitudinal_modes_88_rh75_330k/2026-08-11/remote_raw/stage_Wk_crossfit_88_L2to10_20260812_corrected2/analyze_Wk_crossfit.py | stage_Wk_crossfit_88_L2to10_20260812_corrected2/analyze_Wk_crossfit.py
14a38c12a574e265849115f2f02db215eda428a96284e21e76da4da1bf66b553,2,results/collective_mode_response/fig2_longitudinal_modes_88_rh75_330k/2026-08-11/remote_raw/stage_cjj_n1_block_audit_88_20260812/audit_cjj_blocks.py | stage_cjj_n1_block_audit_88_20260812/audit_cjj_blocks.py
08d230d7c0c18cf6f21ef052ba85ad8c8f55f331d1646ca6917e412391c214d3,2,results/collective_mode_response/fig2_longitudinal_modes_88_rh75_330k/2026-08-11/remote_raw/stage_cjj_n1_block_audit_88_20260812/run.sh | stage_cjj_n1_block_audit_88_20260812/run.sh
9bb615b3d08e6bf1f2e0f97c6547dca8f4bf4ae8af46c24f790a443639573141,2,results/collective_mode_response/fig2_longitudinal_modes_88_rh75_330k/2026-08-11/remote_raw/stage_cjj_raw_vs_peculiar_88_20260812/analyze_cjj_raw_vs_peculiar.py | stage_cjj_raw_vs_peculiar_88_20260812/analyze_cjj_raw_vs_peculiar.py
c4160e9b3646a6ec79be1ec7d03ef18c8d0e95ccdcb90192071d0bfed73100d4,2,results/collective_mode_response/fig2_longitudinal_modes_88_rh75_330k/2026-08-11/remote_raw/stage_cjj_raw_vs_peculiar_88_20260812/run.sh | stage_cjj_raw_vs_peculiar_88_20260812/run.sh
69295104f26c13c9308e3db977276ff7973c76aa2fa0688966fd2afa1c5d5110,2,results/collective_mode_response/implicit_C88_N1600_old_weakNH_TAtheta/2026-08-25/analyze_implicitCNT_TAtheta_linewidth.py | scripts/analyze_implicitCNT_TAtheta_linewidth.py
719c3e3e0e36ba54aaedaec8c67fd324b61ecc9dfb25389e7c2788e0b7dfea0d,2,results/collective_mode_response/implicit_C88_N1600_old_weakNH_TAtheta/2026-08-25/run_implicit_C88_N1600_TAtheta_CCFEP.sh | scripts/run_implicit_C88_N1600_TAtheta_CCFEP.sh
3e548c53b7ac7c2eda3b4341891e481e2268c67e8749c4658efd2d9bb4d412c5,2,results/collective_mode_response/implicit_C88_static_weight_VACF_closure/2026-08-31/scripts/summarize_implicit_C88_static_vertex_partial.py | scripts/summarize_implicit_C88_static_vertex_partial.py
91bd0ad8addceb5f10b02108fa70f071bcba40153b731de58bbb253c092571fd,2,results/collective_mode_response/msd_numerical_alpha_cjj_phase/2026-08-11/remote_raw/stage_Wk_crossfit_88_L2to10_20260812/analyze_Wk_crossfit.py | stage_Wk_crossfit_88_L2to10_20260812/analyze_Wk_crossfit.py
00e19408ca0a86372ff6c9270ca310e6202e70d6b570c5b3d70abc92aef1ef74,2,results/collective_mode_response/msd_numerical_alpha_cjj_phase/2026-08-11/remote_raw/stage_Wk_crossfit_88_L2to10_20260812/run.sh | stage_Wk_crossfit_88_L2to10_20260812/run.sh
ef8e4f8b018cf5804bedaa1b3a11262ea88a6372b13ac1e2a6b5896973d4d72b,2,results/collective_mode_response/msd_numerical_alpha_cjj_phase/2026-08-11/remote_raw/stage_coherent_spectrum_88_L2to10_20260812/run.sh | stage_coherent_spectrum_88_L2to10_20260812/run.sh
de604e08ffb1c4436f7a68f7ab2e158232f7c78cad1a4cee38bb70762e4c5445,2,results/collective_mode_response/msd_numerical_alpha_cjj_phase/2026-08-11/remote_raw/stage_vacf_coherent_10L_n1to4_20260812/analyze_multimode_coherent_vacf.py | stage_vacf_coherent_10L_n1to4_20260812/analyze_multimode_coherent_vacf.py
b0eb6370b56f4e7c65b616c4d276718fd6534023bb55b540b11a88512979c130,2,results/collective_mode_response/msd_numerical_alpha_cjj_phase/2026-08-11/remote_raw/stage_vacf_coherent_10L_n1to4_20260812/run.sh | stage_vacf_coherent_10L_n1to4_20260812/run.sh
67d0daa2e9fcff6db49a16534ef42b13764aa036b87379feb4fcc6313f64b4b9,2,results/collective_mode_response/theta_decom_msd_88_L2L5_100fs_10ns_4rep/2026-08-26/receipts/run_L2_rep1.sh | results/collective_mode_response/theta_decom_msd_88_L2L5_100fs_10ns_4rep/2026-08-26/receipts/run_headerfix_L2_rep1.sh
85a79187c8928db3a68f1f0d64ac98045dbd54065e8865b42904b2ea3802bb52,2,results/collective_mode_response/theta_decom_msd_88_L2L5_100fs_10ns_4rep/2026-08-26/receipts/run_L2_rep2.sh | results/collective_mode_response/theta_decom_msd_88_L2L5_100fs_10ns_4rep/2026-08-26/receipts/run_headerfix_L2_rep2.sh
fb92f3ab36cb1d9050d745276dcf9af9747aa91480438f0a1a9288110140f7c5,2,results/collective_mode_response/theta_decom_msd_88_L2L5_100fs_10ns_4rep/2026-08-26/receipts/run_L2_rep3.sh | results/collective_mode_response/theta_decom_msd_88_L2L5_100fs_10ns_4rep/2026-08-26/receipts/run_headerfix_L2_rep3.sh
a08996bc9c7f05c2c54a03af5b0ea77150821ac88583c68422260a012edc0818,2,results/collective_mode_response/theta_decom_msd_88_L2L5_100fs_10ns_4rep/2026-08-26/receipts/run_L2_rep4.sh | results/collective_mode_response/theta_decom_msd_88_L2L5_100fs_10ns_4rep/2026-08-26/receipts/run_headerfix_L2_rep4.sh
7715525b99f998e90456e774d0f5cd18de37297c8ee53d049fcbe3d2c2222d64,2,results/collective_mode_response/theta_decom_msd_88_L2L5_100fs_10ns_4rep/2026-08-26/receipts/run_L3_rep1.sh | results/collective_mode_response/theta_decom_msd_88_L2L5_100fs_10ns_4rep/2026-08-26/receipts/run_headerfix_L3_rep1.sh
6e9923ac414e38b2f36803f0c9fcc4fd0d57599172948c153b797677fadca9be,2,results/collective_mode_response/theta_decom_msd_88_L2L5_100fs_10ns_4rep/2026-08-26/receipts/run_L3_rep2.sh | results/collective_mode_response/theta_decom_msd_88_L2L5_100fs_10ns_4rep/2026-08-26/receipts/run_headerfix_L3_rep2.sh
ea258d46dab66c23563a09dc737765206e3436ce0d9a0f74b0e037ac43a79d54,2,results/collective_mode_response/theta_decom_msd_88_L2L5_100fs_10ns_4rep/2026-08-26/receipts/run_L3_rep3.sh | results/collective_mode_response/theta_decom_msd_88_L2L5_100fs_10ns_4rep/2026-08-26/receipts/run_headerfix_L3_rep3.sh
3e7153eee9eceeb8e941933229a5271534a4268dfebe95e0ad65b5769dc4a613,2,results/collective_mode_response/theta_decom_msd_88_L2L5_100fs_10ns_4rep/2026-08-26/receipts/run_L3_rep4.sh | results/collective_mode_response/theta_decom_msd_88_L2L5_100fs_10ns_4rep/2026-08-26/receipts/run_headerfix_L3_rep4.sh
4abc21633095027e5d7c3da6d85d501b7faef3119ad53ac59b52421506b5e29e,2,results/collective_mode_response/theta_decom_msd_88_L2L5_100fs_10ns_4rep/2026-08-26/receipts/run_L4_rep1.sh | results/collective_mode_response/theta_decom_msd_88_L2L5_100fs_10ns_4rep/2026-08-26/receipts/run_headerfix_L4_rep1.sh
4e482074e1b2ab43877b3eff9206ba5cd570910a008c9eb424652f7c425311c0,2,results/collective_mode_response/theta_decom_msd_88_L2L5_100fs_10ns_4rep/2026-08-26/receipts/run_L4_rep2.sh | results/collective_mode_response/theta_decom_msd_88_L2L5_100fs_10ns_4rep/2026-08-26/receipts/run_headerfix_L4_rep2.sh
51bd71ba2315a140ff73020a8f288b891396b9a3db275cbf2d3c0c0ed816e1f2,2,results/collective_mode_response/theta_decom_msd_88_L2L5_100fs_10ns_4rep/2026-08-26/receipts/run_L4_rep3.sh | results/collective_mode_response/theta_decom_msd_88_L2L5_100fs_10ns_4rep/2026-08-26/receipts/run_headerfix_L4_rep3.sh
431554aa89a803e0731009f8530939bb0d70e6a8688533ef3e2caa62f819c738,2,results/collective_mode_response/theta_decom_msd_88_L2L5_100fs_10ns_4rep/2026-08-26/receipts/run_L4_rep4.sh | results/collective_mode_response/theta_decom_msd_88_L2L5_100fs_10ns_4rep/2026-08-26/receipts/run_headerfix_L4_rep4.sh
9ed003804d484d96dc36a82173377cdfe7759a4b746448cbc5e8f3f41c27e782,2,results/collective_mode_response/theta_decom_msd_88_L2L5_100fs_10ns_4rep/2026-08-26/receipts/run_L5_rep1.sh | results/collective_mode_response/theta_decom_msd_88_L2L5_100fs_10ns_4rep/2026-08-26/receipts/run_headerfix_L5_rep1.sh
2ef488eb21edcced0e264754ea06ff62c5a998c0ff13bad68961e91ea4918bf0,2,results/collective_mode_response/theta_decom_msd_88_L2L5_100fs_10ns_4rep/2026-08-26/receipts/run_L5_rep2.sh | results/collective_mode_response/theta_decom_msd_88_L2L5_100fs_10ns_4rep/2026-08-26/receipts/run_headerfix_L5_rep2.sh
78a00bd8a623edc365d385ba0be23df254d37b7f4b5e67480b2c3387881b850c,2,results/collective_mode_response/theta_decom_msd_88_L2L5_100fs_10ns_4rep/2026-08-26/receipts/run_L5_rep3.sh | results/collective_mode_response/theta_decom_msd_88_L2L5_100fs_10ns_4rep/2026-08-26/receipts/run_headerfix_L5_rep3.sh
8215b79573f19ab9197514a865a1ec675efdebed47505079eabe13d2ddda389c,2,results/collective_mode_response/theta_decom_msd_88_L2L5_100fs_10ns_4rep/2026-08-26/receipts/run_L5_rep4.sh | results/collective_mode_response/theta_decom_msd_88_L2L5_100fs_10ns_4rep/2026-08-26/receipts/run_headerfix_L5_rep4.sh
9daa093f92e214728a00a154b2393921ba12b77be041ddb08f56157f80fe8219,2,results/collective_mode_response/theta_decom_msd_88_L2L5_100fs_10ns_4rep/2026-08-26/receipts/run_finalparserfix_L2_rep1.sh | results/collective_mode_response/theta_decom_msd_88_L2L5_100fs_10ns_4rep/2026-08-26/receipts/run_resourcefix_L2_rep1.sh
9f15c54c3bc0318d25be054cb69d937b6164197bf16ffdd8574a6efd6cfba637,2,results/collective_mode_response/theta_decom_msd_88_L2L5_100fs_10ns_4rep/2026-08-26/receipts/run_finalparserfix_L2_rep2.sh | results/collective_mode_response/theta_decom_msd_88_L2L5_100fs_10ns_4rep/2026-08-26/receipts/run_resourcefix_L2_rep2.sh
605456a6a7946a33572cc538213306ec7046f515bfb6449cc1353ad65a277b3c,2,results/collective_mode_response/theta_decom_msd_88_L2L5_100fs_10ns_4rep/2026-08-26/receipts/run_finalparserfix_L2_rep3.sh | results/collective_mode_response/theta_decom_msd_88_L2L5_100fs_10ns_4rep/2026-08-26/receipts/run_resourcefix_L2_rep3.sh
c801b8160186e2c78e479437690c1689a83fed107bed5a732751ad9e9d6d2931,2,results/collective_mode_response/theta_decom_msd_88_L2L5_100fs_10ns_4rep/2026-08-26/receipts/run_finalparserfix_L2_rep4.sh | results/collective_mode_response/theta_decom_msd_88_L2L5_100fs_10ns_4rep/2026-08-26/receipts/run_resourcefix_L2_rep4.sh
76b545759739b7f1bd0f11dc116a25998931f8d16ea686ab9b682ad8d9437ff1,2,results/collective_mode_response/theta_decom_msd_88_L2L5_100fs_10ns_4rep/2026-08-26/receipts/run_finalparserfix_L3_rep1.sh | results/collective_mode_response/theta_decom_msd_88_L2L5_100fs_10ns_4rep/2026-08-26/receipts/run_resourcefix_L3_rep1.sh
367f5dd7cbb2015f45f46de80bb37bd6752e88f1d9563f8931d8efdb9ee58e93,2,results/collective_mode_response/theta_decom_msd_88_L2L5_100fs_10ns_4rep/2026-08-26/receipts/run_finalparserfix_L3_rep2.sh | results/collective_mode_response/theta_decom_msd_88_L2L5_100fs_10ns_4rep/2026-08-26/receipts/run_resourcefix_L3_rep2.sh
cf375b01e3c9f030636ffe082ee112102c1289bfe18d0e602fd477125bee38d1,2,results/collective_mode_response/theta_decom_msd_88_L2L5_100fs_10ns_4rep/2026-08-26/receipts/run_finalparserfix_L3_rep3.sh | results/collective_mode_response/theta_decom_msd_88_L2L5_100fs_10ns_4rep/2026-08-26/receipts/run_resourcefix_L3_rep3.sh
f2f0a06448d2f1fa5799b42735a9bb8464bf9c19179064ef8844d1af2851be23,2,results/collective_mode_response/theta_decom_msd_88_L2L5_100fs_10ns_4rep/2026-08-26/receipts/run_finalparserfix_L3_rep4.sh | results/collective_mode_response/theta_decom_msd_88_L2L5_100fs_10ns_4rep/2026-08-26/receipts/run_resourcefix_L3_rep4.sh
d8f2512e1e425f6092f82cfcefd82d1a849d62c3f46b439a78209cacd8908bb5,2,results/collective_mode_response/theta_decom_msd_88_L2L5_100fs_10ns_4rep/2026-08-26/receipts/run_finalparserfix_L4_rep1.sh | results/collective_mode_response/theta_decom_msd_88_L2L5_100fs_10ns_4rep/2026-08-26/receipts/run_resourcefix_L4_rep1.sh
0565e1a60d5c5aacb28fdead8797a16db443d0b784e702c91b06b28ef4b4408a,2,results/collective_mode_response/theta_decom_msd_88_L2L5_100fs_10ns_4rep/2026-08-26/receipts/run_finalparserfix_L4_rep2.sh | results/collective_mode_response/theta_decom_msd_88_L2L5_100fs_10ns_4rep/2026-08-26/receipts/run_resourcefix_L4_rep2.sh
f9036cd15fecc85f0b6593867f1d40a08d1f4a275d6c5067fdd057abcfdb63ca,2,results/collective_mode_response/theta_decom_msd_88_L2L5_100fs_10ns_4rep/2026-08-26/receipts/run_finalparserfix_L4_rep3.sh | results/collective_mode_response/theta_decom_msd_88_L2L5_100fs_10ns_4rep/2026-08-26/receipts/run_resourcefix_L4_rep3.sh
c63147ac72820c3ec11c7b9c3e2c4602eb2930316535bb80e8eeae8c872d04d3,2,results/collective_mode_response/theta_decom_msd_88_L2L5_100fs_10ns_4rep/2026-08-26/receipts/run_finalparserfix_L4_rep4.sh | results/collective_mode_response/theta_decom_msd_88_L2L5_100fs_10ns_4rep/2026-08-26/receipts/run_resourcefix_L4_rep4.sh
5926dbaf8269a5a8423ef387136cdd32cf931852a1cdcbcd3675cd0f90a76682,2,results/collective_mode_response/theta_decom_msd_88_L2L5_100fs_10ns_4rep/2026-08-26/receipts/run_finalparserfix_L5_rep1.sh | results/collective_mode_response/theta_decom_msd_88_L2L5_100fs_10ns_4rep/2026-08-26/receipts/run_resourcefix_L5_rep1.sh
890200722528432edb1c4c919fea4c02c1c658558ea8ce50dc68a404a786eca0,2,results/collective_mode_response/theta_decom_msd_88_L2L5_100fs_10ns_4rep/2026-08-26/receipts/run_finalparserfix_L5_rep2.sh | results/collective_mode_response/theta_decom_msd_88_L2L5_100fs_10ns_4rep/2026-08-26/receipts/run_resourcefix_L5_rep2.sh
549d31eba5f7520d9d353877664b04c1e2a3e652dff84fa401cad834c25662f0,2,results/collective_mode_response/theta_decom_msd_88_L2L5_100fs_10ns_4rep/2026-08-26/receipts/run_finalparserfix_L5_rep3.sh | results/collective_mode_response/theta_decom_msd_88_L2L5_100fs_10ns_4rep/2026-08-26/receipts/run_resourcefix_L5_rep3.sh
aa700a6e21ef36e18982239aeca74f5c7f1c85c40a5a52f267e6c66c122bf427,2,results/collective_mode_response/theta_decom_msd_88_L2L5_100fs_10ns_4rep/2026-08-26/receipts/run_finalparserfix_L5_rep4.sh | results/collective_mode_response/theta_decom_msd_88_L2L5_100fs_10ns_4rep/2026-08-26/receipts/run_resourcefix_L5_rep4.sh
9d4685b4a930eee3e80716e44da9d508e7baeddc1f76093b0dc88e91ff8bd69b,2,results/collective_mode_response/vacf_2L_vs_4L_oddmode_projection/2026-08-13/2L_vs_4L_oddn1to11_projection/make_original_variance_normalization.py | results/collective_mode_response/vacf_2L_vs_4L_oddmode_projection/2026-08-13/recovered_corrected/2L_vs_4L_oddn1to11_projection/make_original_variance_normalization.py
7f1891746c7c4b02a8813adee6258af010069e7ebe1bf9cb806210b11dfa3d55,2,results/collective_mode_response/vacf_cjj_L3L5_weakNH_zvz/2026-08-13/analyze_vacf_cjj_by_length.py | stage_vacf_tail_8_8_L2L10_8rep_weaknh_zvz_20260812/analyze_vacf_cjj_by_length.py
25b88bb06bf325fd7572b9e0ed78974db6d322759dcb5b176836376c972c4bca,2,results/collective_mode_response/vacf_cjj_L3L5_weakNH_zvz/2026-08-13/plot_vacf_cjj_L3L5.py | stage_vacf_tail_8_8_L2L10_8rep_weaknh_zvz_20260812/plot_vacf_cjj_L3L5.py
5c7bfc2ad7319b9e0070c1ffaffbddcffb72ddaa200e0ba284b249d1619071a1,2,results/collective_mode_response/vacf_cjj_L3L5_weakNH_zvz/2026-08-13/run_analyze_L3L5.sh | stage_vacf_tail_8_8_L2L10_8rep_weaknh_zvz_20260812/run_analyze_L3L5.sh
1e2fa17ee80ff59bcd3e6f72d9f77f89f8d004c5b05436d3f434e033f7b718bb,2,results/collective_mode_response/vacf_msd_88_L2L5_100fs_10ns_4rep/2026-08-23/scripts/analyze_rep_vacf_msd.py | stage_vacf_tail_8_8_L2L5_4rep_weaknh_nomom_10ns_100fs_20260821/analyze_rep_vacf_msd.py
c6812cad6da032aab3716afbe922b11ee4bfd70bb2b14806ae9437f40b4e3eef,2,results/collective_mode_response/vacf_msd_88_L2L5_100fs_10ns_4rep/2026-08-23/scripts/merge_ensemble_vacf_msd.py | stage_vacf_tail_8_8_L2L5_4rep_weaknh_nomom_10ns_100fs_20260821/merge_ensemble_vacf_msd.py
7c7e89ea9aee6f5bf8356be10b58d2d661ecb2f3fde82b4c3d7a1ba3fff3664f,2,results/collective_mode_response/vacf_msd_88_L2L5_100fs_10ns_4rep/2026-08-23/scripts/run_analyze_ready.template.sh | stage_vacf_tail_8_8_L2L5_4rep_weaknh_nomom_10ns_100fs_20260821/run_analyze_ready.template.sh
02f483bb8e62fabb552eb9672b0323cbf59ce7fa41f92a4b3cc8a9be77dfe23d,2,results/collective_mode_response/vacf_msd_alpha_88_L20_veryweakNH_nomom_100fs_snapshot/2026-08-28/merge_snapshot_ensemble.py | stage_L20_preliminary_vacf_msd_alpha_20260828/merge_snapshot_ensemble.py
a1110e79b98fa6308d3e4c29ac5b39b774c506595c85f3cb179d3d221e6cddc8,2,results/collective_mode_response/vacf_msd_alpha_88_L20_veryweakNH_nomom_100fs_snapshot/2026-08-28/run_merge_snapshot.sh | stage_L20_preliminary_vacf_msd_alpha_20260828/run_merge_snapshot.sh
6c4379a44a98b6cc832e3d9287879c85a8d37a4bdf16f6f5aea97b549d84d2ec,2,results/collective_mode_response/vacf_msd_alpha_88_L20_veryweakNH_nomom_100fs_snapshot/2026-08-28/run_snapshot_array.sh | stage_L20_preliminary_vacf_msd_alpha_20260828/run_snapshot_array.sh
ba6674c24e320fb09d4ee1ae12b51859dbced0f7abc34ebfbfbfa3a77c441098,2,results/collective_mode_response/vacf_tail_2L_weakNH_8rep/2026-08-12/analyze_ensemble_vacf.py | stage_vacf_tail_8_8_2L_8rep_weaknh_20260812/analyze_ensemble_vacf.py
e62668c9577eb2501f95c82980251f04ab403ce53adf0b3201f7eb410197f137,2,results/collective_mode_response/vacf_tail_2L_weakNH_8rep/2026-08-12/run_analyze_ensemble.sh | stage_vacf_tail_8_8_2L_8rep_weaknh_20260812/run_analyze_ensemble.sh
a95f522ee6c364c7b2068d0e2a5cb1cc7e9ad7c5aa9b3e28469e8c2cc3f39514,2,results/collective_mode_response/vacf_tail_8_8_L10_10fs_8rep_1ns_2026-08-19/scripts/analyze_cvv_alpha_10L_8rep.py | stage_vacf_tail_8_8_L10_8rep_weaknh_nomom_1ns_10fs_20260819/analyze_cvv_alpha_10L_8rep.py
fb1746fcf2134fe159f4a639cde8e97ef35864281e2538500abef1bdad01152a,2,results/collective_mode_response/vacf_tail_8_8_L10_10fs_8rep_1ns_2026-08-19/scripts/run_analyze_cvv_alpha_200ps.sh | stage_vacf_tail_8_8_L10_8rep_weaknh_nomom_1ns_10fs_20260819/run_analyze_cvv_alpha_200ps.sh
a3252f3c6d66981f7dc2b2e448a5b430b1f2761c82969c6c823e6547f6af819a,2,stage_nve_drift_8_8_L2L4_1ns_20260821/run.template.sh | stage_nve_drift_8_8_L2L4_1ns_20260821_v2/run.template.sh
c75514119dbdb83ccfa926ec5823db449b59930c277805bcfe6c214cba551d1d,2,stage_nve_drift_8_8_L2L4_1ns_20260821/stage_submit.sh | stage_nve_drift_8_8_L2L4_1ns_20260821_v2/stage_submit.sh
931f0b889db40acd09926db599e9d20545c2d52d0cb80fbdc81a921fb28943da,2,stage_vacf_tail_8_8_L2L5_extra5rep_weaknh_nomom_1ns_10fs_20260820/run.template.sh | stage_vacf_tail_8_8_L2L5_extra5rep_weaknh_nomom_1ns_10fs_20260820_v2/run.template.sh
