relative_path,bytes,modified_utc,suffix,top_level,role,sha256_if_small,basename,remote_path_count,remote_paths
analyze_transverse_cjj_kmin_200ps.py,5153,2026-08-18T13:01:49.743123+00:00,.py,analyze_transverse_cjj_kmin_200ps.py,unclassified_script,fedd1e4d16ba0aa154cd5d9280cf23394c25765f44baa9b9e24fb37e9295dd47,analyze_transverse_cjj_kmin_200ps.py,0,
assets/library/collective_dynamics/cjj_k_t/5L_all_modes_2026-08-19/source/analyze_cjj_negative_lobes.py,9636,2026-08-19T08:12:03.351771+00:00,.py,assets,display_asset,03f761ae0bc9ce558c14bed1b96c253187ca3ccb90ac9a71e77485b817a511f0,analyze_cjj_negative_lobes.py,0,
assets/library/collective_dynamics/cjj_k_t/88_10L_LA_DHO_lowk_tests_2026-08-26/source/scripts/analyze_lowk_dho_tests.py,7759,2026-08-25T15:44:08.136155+00:00,.py,assets,display_asset,7d1411ddab8b12506fee480456f1a4d42dbffaef71e625a10ac401c7234d8566,analyze_lowk_dho_tests.py,0,
assets/library/collective_dynamics/cjj_k_t/88_10L_LA_DHO_lowk_tests_2026-08-26/source/scripts/test_dho_thermal_relaxation_term.py,3406,2026-08-25T23:21:35.827495+00:00,.py,assets,display_asset,fce141cc8cda61769202e0905e377d1b3b7e79384daaff80fb40e02b0e6a4c14,test_dho_thermal_relaxation_term.py,0,
assets/library/collective_dynamics/cjj_k_t/88_10L_LA_beating_vs_fast_relaxation_2026-08-26/source/scripts/compare_beating_models.py,9824,2026-08-25T23:44:48.562203+00:00,.py,assets,display_asset,f4fef76be80920fb01fa8d743a1fde660bafca67b3c3a90ba77e36e807a65ae0,compare_beating_models.py,0,
assets/library/collective_dynamics/cjj_k_t/88_10L_LA_beating_vs_fast_relaxation_2026-08-26/source/scripts/leave_one_replica_prediction.py,1827,2026-08-25T23:32:06.377964+00:00,.py,assets,display_asset,5f39eb493d10902fe8c36d87a5fe7fe6b7f828e5d82c0f000fc25542d44bfb63,leave_one_replica_prediction.py,0,
assets/library/collective_dynamics/cjj_k_t/88_10L_LA_late_tail_coherence_2026-08-26/source/scripts/late_tail_coherence.py,2644,2026-08-26T01:38:55.082574+00:00,.py,assets,display_asset,ab2971d955ad3473b395ef59545c53bd532854ed41b4833688a33e5c1c21a9e8,late_tail_coherence.py,0,
assets/library/collective_dynamics/cjj_k_t/88_10L_LA_n1_500ps_beating_retest_2026-08-26/source/scripts/render_from_saved_500ps.py,997,2026-08-26T01:15:06.465152+00:00,.py,assets,display_asset,48f9e702b900ac5ff2dd8911a95979803b9ddeb502270e2541652af8e7d63684,render_from_saved_500ps.py,0,
assets/library/collective_dynamics/cjj_k_t/88_10L_LA_n1_500ps_beating_retest_2026-08-26/source/scripts/retest_n1_beating_500ps.py,7541,2026-08-26T01:16:12.651007+00:00,.py,assets,display_asset,21dd9da1d8377b14fcbb1c7abddfdf3b0c29e17ae2f7eabf846b74d23ffd309f,retest_n1_beating_500ps.py,0,
assets/library/collective_dynamics/cjj_k_t/88_10L_LA_n2n3_beating_longwindow_2026-08-26/source/scripts/render_from_saved.py,1045,2026-08-26T01:29:58.001202+00:00,.py,assets,display_asset,350d0bf437d771e95606560db93ec6eb8441fa5465813e7720fe97e9a06d73a6,render_from_saved.py,0,
assets/library/collective_dynamics/cjj_k_t/88_10L_LA_n2n3_beating_longwindow_2026-08-26/source/scripts/retest_n2n3_beating.py,5114,2026-08-26T01:29:10.342316+00:00,.py,assets,display_asset,cc3c7a4a014d611f1b216e8bc8d5cfda058d9926ec30dda6b28e9f5fe63e4ad6,retest_n2n3_beating.py,0,
assets/library/collective_dynamics/cjj_k_t/88_10L_axial_Cvz_m0_lowk_modecoupling_2026-08-27/source/scripts_stage/aggregate_m0_rotation_oxygen_stride.py,6660,2026-08-27T01:45:52.458535+00:00,.py,assets,display_asset,5fc5270bde9dccf4909292afa4e6f3cf2bf1d62c626e1f63f10226696f240097,aggregate_m0_rotation_oxygen_stride.py,0,
assets/library/collective_dynamics/cjj_k_t/88_10L_axial_Cvz_m0_lowk_modecoupling_2026-08-27/source/scripts_stage/aggregate_relative_angular_current.py,5349,2026-08-27T02:23:59.140612+00:00,.py,assets,display_asset,a029299a40315f07b9b2f8c76e66edbf4fb0f3a3cbb0ef37bc9258b5b417608a,aggregate_relative_angular_current.py,0,
assets/library/collective_dynamics/cjj_k_t/88_10L_axial_Cvz_m0_lowk_modecoupling_2026-08-27/source/scripts_stage/analyze_L2L5L10_vacf_exit_offset.py,3584,2026-08-27T08:05:32.298044+00:00,.py,assets,display_asset,ff100c539ae8ddf93fbd9b861660472e0e70ab9711cbf4190ab10d353f29d1ac,analyze_L2L5L10_vacf_exit_offset.py,0,
assets/library/collective_dynamics/cjj_k_t/88_10L_axial_Cvz_m0_lowk_modecoupling_2026-08-27/source/scripts_stage/analyze_L2L5_vacf_kmin_Fs_mechanism.py,4896,2026-08-27T08:00:51.907393+00:00,.py,assets,display_asset,80c235ce6283f17391793fcdeb187fbb14b16fc45f8505e9bfea6f7ad4292a86,analyze_L2L5_vacf_kmin_Fs_mechanism.py,0,
assets/library/collective_dynamics/cjj_k_t/88_10L_axial_Cvz_m0_lowk_modecoupling_2026-08-27/source/scripts_stage/analyze_Lz_vacf_positive_alpha.py,5983,2026-08-27T08:42:13.470220+00:00,.py,assets,display_asset,faa881e801c99a31d4a5fe9fa5e6b2c21e1d808b543ce48406e796f3d528c62a,analyze_Lz_vacf_positive_alpha.py,0,
assets/library/collective_dynamics/cjj_k_t/88_10L_axial_Cvz_m0_lowk_modecoupling_2026-08-27/source/scripts_stage/analyze_alpha_z_rebound_peak_100fs.py,7901,2026-08-27T09:11:55.314903+00:00,.py,assets,display_asset,c076c17b09528c4c84ce0bed521966ddb5aaf86cd755365069fb8c841600715b,analyze_alpha_z_rebound_peak_100fs.py,0,
assets/library/collective_dynamics/cjj_k_t/88_10L_axial_Cvz_m0_lowk_modecoupling_2026-08-27/source/scripts_stage/analyze_axial_m0_modecoupling_screen.py,6778,2026-08-27T03:18:23.339603+00:00,.py,assets,display_asset,61316f46347e78d45a3caf4ac0d81095d5afd0d77a2bdf2d046f33d14376330d,analyze_axial_m0_modecoupling_screen.py,0,
assets/library/collective_dynamics/cjj_k_t/88_10L_axial_Cvz_m0_lowk_modecoupling_2026-08-27/source/scripts_stage/analyze_ct_theta_m0_kn.py,8293,2026-08-27T02:35:53.708393+00:00,.py,assets,display_asset,761888309bbec6a0645e4905c5b35746043687f0479fcd45095b5a9a949c8513,analyze_ct_theta_m0_kn.py,0,
assets/library/collective_dynamics/cjj_k_t/88_10L_axial_Cvz_m0_lowk_modecoupling_2026-08-27/source/scripts_stage/analyze_ct_theta_m0_kn_acf.py,3774,2026-08-27T02:46:13.537416+00:00,.py,assets,display_asset,a31bf5f3658a62e4e720f44b5cc52c3fa784aa53e57dc4beedfd05f028fe8ae8,analyze_ct_theta_m0_kn_acf.py,0,
assets/library/collective_dynamics/cjj_k_t/88_10L_axial_Cvz_m0_lowk_modecoupling_2026-08-27/source/scripts_stage/analyze_helical_self_isf_k1.py,12931,2026-08-27T10:34:51.765177+00:00,.py,assets,display_asset,c3a7e393cfa7d1d7fd5b47d86fb322dc6b45b7115a4cc581d8bcabe186e7bb95,analyze_helical_self_isf_k1.py,0,
assets/library/collective_dynamics/cjj_k_t/88_10L_axial_Cvz_m0_lowk_modecoupling_2026-08-27/source/scripts_stage/analyze_lowk_m1_dynamic_projection.py,6972,2026-08-27T04:50:28.957035+00:00,.py,assets,display_asset,d538fc1a6d691ed232e9571324d3478d47d68d179f3a07ec56408dfb5e1fd881,analyze_lowk_m1_dynamic_projection.py,0,
assets/library/collective_dynamics/cjj_k_t/88_10L_axial_Cvz_m0_lowk_modecoupling_2026-08-27/source/scripts_stage/analyze_m0_n11n20_negative_lobe.py,7824,2026-08-27T05:25:07.194449+00:00,.py,assets,display_asset,27fc41aec2ccace6118508b3452b3bc786cbd2edce08df89f3a264631fc99a1c,analyze_m0_n11n20_negative_lobe.py,0,
assets/library/collective_dynamics/cjj_k_t/88_10L_axial_Cvz_m0_lowk_modecoupling_2026-08-27/source/scripts_stage/analyze_m0_odd_even_counterfactual.py,5483,2026-08-27T05:18:47.297569+00:00,.py,assets,display_asset,c1823d2c37b317126bbaba4d04dd9d44e60d95b016f73bf80b20c61c7e897fc3,analyze_m0_odd_even_counterfactual.py,0,
assets/library/collective_dynamics/cjj_k_t/88_10L_axial_Cvz_m0_lowk_modecoupling_2026-08-27/source/scripts_stage/analyze_m0_rotation_oxygen_stride.py,9440,2026-08-27T01:27:55.541949+00:00,.py,assets,display_asset,bbbbe8eb7a09365e8e98ee1857f5a2422c70cf2ab0ca4b3313379adfd7c5d44f,analyze_m0_rotation_oxygen_stride.py,0,
assets/library/collective_dynamics/cjj_k_t/88_10L_axial_Cvz_m0_lowk_modecoupling_2026-08-27/source/scripts_stage/analyze_relative_angular_current_stride.py,7308,2026-08-27T01:59:06.208071+00:00,.py,assets,display_asset,b702f13ca22c0b73282d37c55f99e2354f0fb6b52320124dfa75713a6c90ad9a,analyze_relative_angular_current_stride.py,0,
assets/library/collective_dynamics/cjj_k_t/88_10L_axial_Cvz_m0_lowk_modecoupling_2026-08-27/source/scripts_stage/analyze_smallm_polarization_lifetime.py,4343,2026-08-27T03:33:49.673781+00:00,.py,assets,display_asset,b669dc5ba4bd91d4fe7f6cb6c4b93e8629b8a08ee79694fefa7675ae30aba28d,analyze_smallm_polarization_lifetime.py,0,
assets/library/collective_dynamics/cjj_k_t/88_10L_axial_Cvz_m0_lowk_modecoupling_2026-08-27/source/scripts_stage/analyze_tagged_collective_vertex_m0.py,8568,2026-08-27T04:31:30.591889+00:00,.py,assets,display_asset,c484f4df67101151ccf8f457230b345b1f30ad241ea229b2335afebe21299595,analyze_tagged_collective_vertex_m0.py,0,
assets/library/collective_dynamics/cjj_k_t/88_10L_axial_Cvz_m0_lowk_modecoupling_2026-08-27/source/scripts_stage/analyze_tagged_collective_vertex_mixed_pairs.py,5883,2026-08-27T04:39:56.272916+00:00,.py,assets,display_asset,7dfe72108dac78f2b63bd2d0c17ff33219142ef7f1ab2dd5fee0750ca18afa3c,analyze_tagged_collective_vertex_mixed_pairs.py,0,
assets/library/collective_dynamics/cjj_k_t/88_10L_axial_Cvz_m0_lowk_modecoupling_2026-08-27/source/scripts_stage/analyze_theta_m0_factorization_m1m4.py,9457,2026-08-27T02:59:51.253649+00:00,.py,assets,display_asset,582bf28566a333e990b7841a9910ee5cad5b2cef48bd5397e2685d5d921a721d,analyze_theta_m0_factorization_m1m4.py,0,
assets/library/collective_dynamics/cjj_k_t/88_10L_axial_Cvz_m0_lowk_modecoupling_2026-08-27/source/scripts_stage/analyze_theta_rep.py,8952,2026-08-26T10:56:44.361490+00:00,.py,assets,display_asset,3553aca28fbd9defaea6c13e15a78e960c582258ab163a2c22802201a386ba95,analyze_theta_rep.py,0,
assets/library/collective_dynamics/cjj_k_t/88_10L_axial_Cvz_m0_lowk_modecoupling_2026-08-27/source/scripts_stage/analyze_theta_rep_memmap.py,12135,2026-08-27T01:25:01.943863+00:00,.py,assets,display_asset,8ce64a54e204e609ff9c3706f825e3da18954539d842d303a2d26a6902817165,analyze_theta_rep_memmap.py,0,
assets/library/collective_dynamics/cjj_k_t/88_10L_axial_Cvz_m0_lowk_modecoupling_2026-08-27/source/scripts_stage/analyze_unnormalized_cjj_static_screen.py,9908,2026-08-27T04:21:19.451155+00:00,.py,assets,display_asset,3a8748fbd4b31982b043c91e789b646c51aac8f4200437bee1510d5e348978cd,analyze_unnormalized_cjj_static_screen.py,0,
assets/library/collective_dynamics/cjj_k_t/88_10L_axial_Cvz_m0_lowk_modecoupling_2026-08-27/source/scripts_stage/analyze_viscoelastic_mixed_band.py,8120,2026-08-27T03:44:45.576220+00:00,.py,assets,display_asset,6da0937e6b7bdd80cbd557ddf0720a9942d84dc26b9526eb43f510240a6060c8,analyze_viscoelastic_mixed_band.py,0,
assets/library/collective_dynamics/cjj_k_t/88_10L_axial_Cvz_m0_lowk_modecoupling_2026-08-27/source/scripts_stage/audit_alpha_exponential_source_10fs.py,7976,2026-08-27T09:21:36.521298+00:00,.py,assets,display_asset,d6aeb8a50173f55ed6a371853ce1e881b61b361f6af1a5baa073322bf6be1040,audit_alpha_exponential_source_10fs.py,0,
assets/library/collective_dynamics/cjj_k_t/88_10L_axial_Cvz_m0_lowk_modecoupling_2026-08-27/source/scripts_stage/check_fullwater_header.py,954,2026-08-26T10:56:44.365491+00:00,.py,assets,display_asset,6d8e4f7e52289e55a0a02301f8b7462e56933ab051a1f9964b7871190a0d1c50,check_fullwater_header.py,0,
assets/library/collective_dynamics/cjj_k_t/88_10L_axial_Cvz_m0_lowk_modecoupling_2026-08-27/source/scripts_stage/check_merge.py,681,2026-08-26T11:25:44.604849+00:00,.py,assets,display_asset,f857b32cb22718ff95dbae4c1acd0dfc2a72ac02da25b5ec334cef2ccc7626d1,check_merge.py,1,/lustre/home/users/ewu/vb_gcmc/MD/stage_theta_decom_88_L2L10_100fs_10ns_20260826
assets/library/collective_dynamics/cjj_k_t/88_10L_axial_Cvz_m0_lowk_modecoupling_2026-08-27/source/scripts_stage/check_remote_parser.py,593,2026-08-26T10:56:06.752485+00:00,.py,assets,display_asset,f7874759a598c1244c091e33898625e0553862c438bbe6ca1d52f73ac8884e20,check_remote_parser.py,1,/lustre/home/users/ewu/vb_gcmc/MD/stage_theta_decom_88_L2L10_100fs_10ns_20260826/analyze_theta_rep.py
assets/library/collective_dynamics/cjj_k_t/88_10L_axial_Cvz_m0_lowk_modecoupling_2026-08-27/source/scripts_stage/check_sources.py,1417,2026-08-26T09:31:26.800121+00:00,.py,assets,display_asset,e53c41d43203e63df311fd1e61e5cb20537e8be83c74b2abdab7986a3e06eb0a,check_sources.py,3,/lustre/home/users/ewu/vb_gcmc/MD | /lustre/home/users/ewu/vb_gcmc/MD/stage_vacf_tail_8_8_L2L5_4rep_weaknh_nomom_10ns_100fs_20260821 | /lustre/home/users/ewu/vb_gcmc/MD/viscfric_length_all_chirality_RH75_20260806/long_weakNH_nomom_10L_100fs_10ns_3rep_20260806
assets/library/collective_dynamics/cjj_k_t/88_10L_axial_Cvz_m0_lowk_modecoupling_2026-08-27/source/scripts_stage/compare_alpha_min_saturation_models.py,6125,2026-08-27T09:05:32.937101+00:00,.py,assets,display_asset,b6f7d2e299f5f9f408c324da65e8005caa52820ba27220cc30120a593e51c3d6,compare_alpha_min_saturation_models.py,0,
assets/library/collective_dynamics/cjj_k_t/88_10L_axial_Cvz_m0_lowk_modecoupling_2026-08-27/source/scripts_stage/finalize_viscoelastic_mixed_band.py,3633,2026-08-27T03:53:42.363371+00:00,.py,assets,display_asset,cc00a7ede78d2d66c01b5f8bb317557f2ddcdf6babf481717a8380750194560e,finalize_viscoelastic_mixed_band.py,0,
assets/library/collective_dynamics/cjj_k_t/88_10L_axial_Cvz_m0_lowk_modecoupling_2026-08-27/source/scripts_stage/fit_axial_lowk_hydro_component.py,3169,2026-08-27T03:22:45.149660+00:00,.py,assets,display_asset,f090394696507c6b0facc3b698023b224466e1f31957a9a51a26e215c69cbc2f,fit_axial_lowk_hydro_component.py,0,
assets/library/collective_dynamics/cjj_k_t/88_10L_axial_Cvz_m0_lowk_modecoupling_2026-08-27/source/scripts_stage/fit_axial_lowk_hydro_component_nmax.py,3357,2026-08-27T03:25:20.859219+00:00,.py,assets,display_asset,95f29d89622ac4e5223f3723468ea2b5ddce23a9b8dab0940d5ada09e1cdd824,fit_axial_lowk_hydro_component_nmax.py,0,
assets/library/collective_dynamics/cjj_k_t/88_10L_axial_Cvz_m0_lowk_modecoupling_2026-08-27/source/scripts_stage/fit_theta_m0_hydro_component.py,3389,2026-08-27T03:32:25.713431+00:00,.py,assets,display_asset,7a8c62de70d2eb87d14993c5603de586c87363a546198a0d8292373457a63445,fit_theta_m0_hydro_component.py,0,
assets/library/collective_dynamics/cjj_k_t/88_10L_axial_Cvz_m0_lowk_modecoupling_2026-08-27/source/scripts_stage/merge_theta_ensemble.py,3577,2026-08-26T11:16:11.050288+00:00,.py,assets,display_asset,d2bea8aa59d143fc5bb6eb227a33ac7cb4734bab05e7036e037f6f667668f69a,merge_theta_ensemble.py,1,/lustre/home/users/ewu/vb_gcmc/MD/stage_theta_decom_88_L2L10_100fs_10ns_20260826
assets/library/collective_dynamics/cjj_k_t/88_10L_axial_Cvz_m0_lowk_modecoupling_2026-08-27/source/scripts_stage/monitor_theta.py,1104,2026-08-26T11:05:39.393851+00:00,.py,assets,display_asset,26a4664fde5680461466205161e331bfb18329fe3f3f4d9f463c816d89cbf0f6,monitor_theta.py,1,/lustre/home/users/ewu/vb_gcmc/MD/stage_theta_decom_88_L2L10_100fs_10ns_20260826
assets/library/collective_dynamics/cjj_k_t/88_10L_axial_Cvz_m0_lowk_modecoupling_2026-08-27/source/scripts_stage/plot_L2L5L10_vacf_exit_offset.py,2236,2026-08-27T08:05:32.330048+00:00,.py,assets,display_asset,012c5fa29ef2def6fb7ec2821c882253e0acae2ae064f53b971835b8b5ae5041,plot_L2L5L10_vacf_exit_offset.py,0,
assets/library/collective_dynamics/cjj_k_t/88_10L_axial_Cvz_m0_lowk_modecoupling_2026-08-27/source/scripts_stage/plot_L2L5_vacf_kmin_Fs_mechanism.py,2487,2026-08-27T08:00:51.920837+00:00,.py,assets,display_asset,93ba4ce3cccffa701a349f32d6026886a0f3ab13ad885e0b80e2aebf5fb6090e,plot_L2L5_vacf_kmin_Fs_mechanism.py,0,
assets/library/collective_dynamics/cjj_k_t/88_10L_axial_Cvz_m0_lowk_modecoupling_2026-08-27/source/scripts_stage/plot_Lz_vacf_positive_alpha.py,2954,2026-08-27T08:43:13.571340+00:00,.py,assets,display_asset,a8ed074491c12987fbd324dce86e7acd9daa156b04d8c6bde6ad801e8c10223b,plot_Lz_vacf_positive_alpha.py,0,
assets/library/collective_dynamics/cjj_k_t/88_10L_axial_Cvz_m0_lowk_modecoupling_2026-08-27/source/scripts_stage/plot_axial_m0_modecoupling_screen.py,2158,2026-08-27T03:23:29.020668+00:00,.py,assets,display_asset,09daa905375f7d96606b7f8e0f75b31d66358a7c67eaca3ed17e15b88e6fa5f5,plot_axial_m0_modecoupling_screen.py,0,
assets/library/collective_dynamics/cjj_k_t/88_10L_axial_Cvz_m0_lowk_modecoupling_2026-08-27/source/scripts_stage/plot_ct_theta_m0_kn.py,5509,2026-08-27T02:43:21.208540+00:00,.py,assets,display_asset,b4cb59dfe9d2ebf212373fa0bc32d9ed40b6be302ef04c803948d2e5e1135cdd,plot_ct_theta_m0_kn.py,0,
assets/library/collective_dynamics/cjj_k_t/88_10L_axial_Cvz_m0_lowk_modecoupling_2026-08-27/source/scripts_stage/plot_ct_theta_m0_kn_acf.py,2766,2026-08-27T02:46:13.541420+00:00,.py,assets,display_asset,ec6a3bfed0671f81399c9767c06e2b081760d75173220b5f9bbd1a4749dd5d7e,plot_ct_theta_m0_kn_acf.py,0,
assets/library/collective_dynamics/cjj_k_t/88_10L_axial_Cvz_m0_lowk_modecoupling_2026-08-27/source/scripts_stage/plot_lowk_m1_dynamic_projection.py,2400,2026-08-27T05:01:49.530975+00:00,.py,assets,display_asset,5ad435c493376fdf78ec7c00e609b07fbdda31008096370ae00ee0fe1b17b7a7,plot_lowk_m1_dynamic_projection.py,0,
assets/library/collective_dynamics/cjj_k_t/88_10L_axial_Cvz_m0_lowk_modecoupling_2026-08-27/source/scripts_stage/plot_m0_n11n20_negative_lobe.py,2956,2026-08-27T05:30:10.432550+00:00,.py,assets,display_asset,d07bfa57f1f9e21a8cd8a531329edfd9c9eddcc06f2e5492acbb247f5870a773,plot_m0_n11n20_negative_lobe.py,0,
assets/library/collective_dynamics/cjj_k_t/88_10L_axial_Cvz_m0_lowk_modecoupling_2026-08-27/source/scripts_stage/plot_m0_odd_even_5L10L_1x3.py,4983,2026-08-27T10:17:56.898712+00:00,.py,assets,display_asset,f319b99821bd815d20a2bb66841d5788f86338802b01460506a3f0e598c12582,plot_m0_odd_even_5L10L_1x3.py,0,
assets/library/collective_dynamics/cjj_k_t/88_10L_axial_Cvz_m0_lowk_modecoupling_2026-08-27/source/scripts_stage/plot_m0_odd_even_counterfactual.py,2930,2026-08-27T05:18:28.862903+00:00,.py,assets,display_asset,3a6d53c0a37bb61bc34f1ff8c122120fc748262a98e61a7dc9c074be7fe719db,plot_m0_odd_even_counterfactual.py,0,
assets/library/collective_dynamics/cjj_k_t/88_10L_axial_Cvz_m0_lowk_modecoupling_2026-08-27/source/scripts_stage/plot_native100fs_alpha_min_peak_dependence.py,8883,2026-08-27T09:28:07.911557+00:00,.py,assets,display_asset,96d1497415895c0028b5bd7f74377c13b6051a171185c8387c393780775368d1,plot_native100fs_alpha_min_peak_dependence.py,0,
assets/library/collective_dynamics/cjj_k_t/88_10L_axial_Cvz_m0_lowk_modecoupling_2026-08-27/source/scripts_stage/plot_native100fs_k1_semilog_extrema.py,11900,2026-08-27T10:02:47.464368+00:00,.py,assets,display_asset,a94323672d8c4a66a6e02955dcf6b4c2a7506687389cd47e5be6c16205fc7b52,plot_native100fs_k1_semilog_extrema.py,0,
assets/library/collective_dynamics/cjj_k_t/88_10L_axial_Cvz_m0_lowk_modecoupling_2026-08-27/source/scripts_stage/plot_paired_helical_tagged_vertex.py,2296,2026-08-27T04:44:25.582112+00:00,.py,assets,display_asset,10de05958144894d970a58e603595199cfcc1c6a05f6333316d314ca3f038673,plot_paired_helical_tagged_vertex.py,0,
assets/library/collective_dynamics/cjj_k_t/88_10L_axial_Cvz_m0_lowk_modecoupling_2026-08-27/source/scripts_stage/plot_raw_vacf_alpha_realLz_100fs.py,11296,2026-08-27T08:58:19.707025+00:00,.py,assets,display_asset,21ccd390d5e02e3a69284e7c733efffba32d99c3474fe8e1320af7a0d629f863,plot_raw_vacf_alpha_realLz_100fs.py,0,
assets/library/collective_dynamics/cjj_k_t/88_10L_axial_Cvz_m0_lowk_modecoupling_2026-08-27/source/scripts_stage/plot_tagged_collective_vertex_m0.py,2819,2026-08-27T04:35:40.337896+00:00,.py,assets,display_asset,75e970f706b53cc46f1b6530291d89e1d3dec7800efa1fe55dced8f5ddc044e5,plot_tagged_collective_vertex_m0.py,0,
assets/library/collective_dynamics/cjj_k_t/88_10L_axial_Cvz_m0_lowk_modecoupling_2026-08-27/source/scripts_stage/plot_theta_hydro_closure_recheck.py,3339,2026-08-27T03:39:08.258999+00:00,.py,assets,display_asset,09a3da828fcba19623c549b72fb0ba54c57da0996c3e6b33fc1e840dd9fcc9b7,plot_theta_hydro_closure_recheck.py,0,
assets/library/collective_dynamics/cjj_k_t/88_10L_axial_Cvz_m0_lowk_modecoupling_2026-08-27/source/scripts_stage/plot_theta_m0_factorization_m1m4.py,3425,2026-08-27T03:09:50.085881+00:00,.py,assets,display_asset,cc17fc665f3fe9e0165543b5d5a5586cae8de280be198110abb01ee5fde3ff18,plot_theta_m0_factorization_m1m4.py,0,
assets/library/collective_dynamics/cjj_k_t/88_10L_axial_Cvz_m0_lowk_modecoupling_2026-08-27/source/scripts_stage/plot_unnormalized_cjj_static_screen.py,3855,2026-08-27T04:23:14.004920+00:00,.py,assets,display_asset,3cc02ac0631aadde2564d92ebb7aa871c176b2bd02ddd409cd1b797a42d3760b,plot_unnormalized_cjj_static_screen.py,0,
assets/library/collective_dynamics/cjj_k_t/88_10L_axial_Cvz_m0_lowk_modecoupling_2026-08-27/source/scripts_stage/run_local_10L_88_memmap.ps1,1102,2026-08-27T01:20:09.197196+00:00,.ps1,assets,display_asset,35a7f1d1f54002c730193910fa0b56ba007fafa780a2f2a757f31ac45762b10e,run_local_10L_88_memmap.ps1,0,
assets/library/collective_dynamics/cjj_k_t/88_10L_axial_Cvz_m0_lowk_modecoupling_2026-08-27/source/scripts_stage/run_merge_theta_ensemble.sh,434,2026-08-26T11:16:11.054290+00:00,.sh,assets,display_asset,a5a94cecdbd600b52a891e6dc3a8ee59c0d2ef71282cf62dbb06071a39769eb8,run_merge_theta_ensemble.sh,2,/lustre/home/users/ewu/.conda/envs/HB_analysis/bin/python | /lustre/home/users/ewu/vb_gcmc/MD/stage_theta_decom_88_L2L10_100fs_10ns_20260826
assets/library/collective_dynamics/cjj_k_t/88_10L_axial_Cvz_m0_lowk_modecoupling_2026-08-27/source/scripts_stage/run_theta_rep.template.sh,768,2026-08-26T10:45:57.627578+00:00,.sh,assets,display_asset,e6b6074587257c15d8a2687a4e61d5da2d59408de8f3053c28be581199bf525e,run_theta_rep.template.sh,3,/lustre/home/users/ewu/.conda/envs/HB_analysis/bin/python | /lustre/home/users/ewu/vb_gcmc/MD/stage_theta_decom_88_L2L10_100fs_10ns_20260826 | /lustre/home/users/ewu/vb_gcmc/MD/stage_vacf_tail_8_8_L2L5_4rep_weaknh_nomom_10ns_100fs_20260821/__L__L/rep__R__/LONG_WEAKNH_NOMOM_8_8_L__L___rep__R___100fs_10ns.water_100fs_10ns.dump
assets/library/collective_dynamics/cjj_k_t/88_10L_axial_Cvz_m0_lowk_modecoupling_2026-08-27/source/scripts_stage/submit_2L5L.sh,900,2026-08-26T09:34:11.684928+00:00,.sh,assets,display_asset,56b510c630e671494f3607f265d26e196d89601015ee47e28caa7e950338c25b,submit_2L5L.sh,0,
assets/library/collective_dynamics/cjj_k_t/88_10L_axial_Cvz_m0_lowk_modecoupling_2026-08-27/source/scripts_stage/submit_final_parserfix.sh,812,2026-08-26T10:57:21.097450+00:00,.sh,assets,display_asset,62d96ab86bf0be521943c9a938d74b5c6a95c0418ec98f1fbb185db9dab3ffaf,submit_final_parserfix.sh,0,
assets/library/collective_dynamics/cjj_k_t/88_10L_axial_Cvz_m0_lowk_modecoupling_2026-08-27/source/scripts_stage/submit_headerfix_resubmission.sh,838,2026-08-26T10:16:54.565244+00:00,.sh,assets,display_asset,9b6b54be70ca8fada9b804f84fde1991c6f120549b8126b96d6cd6f0eeb05dfa,submit_headerfix_resubmission.sh,0,
assets/library/collective_dynamics/cjj_k_t/88_10L_axial_Cvz_m0_lowk_modecoupling_2026-08-27/source/scripts_stage/submit_resourcefix_resubmission.sh,878,2026-08-26T10:45:57.630576+00:00,.sh,assets,display_asset,0ded27d292d4a4d8ab28fae8a2e349b22dfb53c157037b4cbce007960156126a,submit_resourcefix_resubmission.sh,0,
assets/library/collective_dynamics/cjj_k_t/88_10L_axial_Cvz_m0_lowk_modecoupling_2026-08-27/source/scripts_stage/summarize_axial_m0_nmax_convergence.py,2137,2026-08-27T03:26:36.805819+00:00,.py,assets,display_asset,47cf34e7ecdf081bacee7405b7b6354b4194c7d92fd176f7c0bd070c6cb427e1,summarize_axial_m0_nmax_convergence.py,0,
assets/library/collective_dynamics/cjj_k_t/crosschirality_10L_2026-08-14/source/analyze_cjj_all_modes.py,4478,2026-08-14T08:22:53.605224+00:00,.py,assets,display_asset,e602ba516957f185a9dde440c292f0e30b5e4db7f897ebae7977fb1aee464f31,analyze_cjj_all_modes.py,0,
assets/library/collective_dynamics/cjj_k_t/crosschirality_10L_2026-08-14/source/fit_cjj_dispersion.py,7214,2026-08-14T09:58:51.260937+00:00,.py,assets,display_asset,1b55d7c77d957562afb18458e7141f3589c59fd4e9163e39378feb777638d653,fit_cjj_dispersion.py,0,
assets/library/collective_dynamics/cjj_k_t/crosschirality_10L_2026-08-14/source/run_cjj_crosschirality_10L.pbs,707,2026-08-14T08:22:53.608227+00:00,.pbs,assets,display_asset,f86fe23a21c88242e83c7e2440d265c6f6c8d78fc149124e7b2f329d4eae2e23,run_cjj_crosschirality_10L.pbs,2,/lustre/home/users/ewu/.conda/envs/HB_analysis/bin/python | /lustre/home/users/ewu/vb_gcmc/MD/viscfric_length_all_chirality_RH75_20260806/long_weakNH_nomom_10L_100fs_10ns_3rep_20260806
assets/library/collective_dynamics/cjj_k_t/implicit_C99_unified_longitudinal_500ps_2026-08-29/source/scripts/aggregate_C99_unified_longitudinal_500ps.py,8136,2026-08-29T07:55:37.885834+00:00,.py,assets,display_asset,9ee34c83d1a3a6aba2ab38e2e09a323134b984a3e6d5d9db97c07505aa1c452a,aggregate_C99_unified_longitudinal_500ps.py,1,/lustre/home/users/ewu/vb_gcmc/MD/stage_C99_unified_longitudinal_current_VACF_500ps_20260829
assets/library/collective_dynamics/cjj_k_t/implicit_C99_unified_longitudinal_500ps_2026-08-29/source/scripts/analyze_C99_allbox_bigOmega_dispersion.py,3902,2026-08-29T10:52:29.870691+00:00,.py,assets,display_asset,8592b7b1dcd843df603249165266f30ac48e7af95d3f5b8e561d6ea4c36c84f4,analyze_C99_allbox_bigOmega_dispersion.py,0,
assets/library/collective_dynamics/cjj_k_t/implicit_C99_unified_longitudinal_500ps_2026-08-29/source/scripts/analyze_C99_allbox_matched_k.py,7429,2026-08-29T07:59:32.924830+00:00,.py,assets,display_asset,6d989a13ad429c3cc3415091243c080bb1b58480f025e0e1ac9de0bf43611122,analyze_C99_allbox_matched_k.py,0,
assets/library/collective_dynamics/cjj_k_t/implicit_C99_unified_longitudinal_500ps_2026-08-29/source/scripts/fit_C99_allbox_allmodes_omega_gamma_weight.py,6499,2026-08-29T10:19:18.666824+00:00,.py,assets,display_asset,de46aa43e91740f044dffcb8cecef33328af8aac8f9c7a18659a6721cc26e12b,fit_C99_allbox_allmodes_omega_gamma_weight.py,0,
assets/library/collective_dynamics/cjj_k_t/implicit_C99_unified_longitudinal_500ps_2026-08-29/source/scripts/fit_C99_allbox_matched_k_effective_DHO.py,4793,2026-08-29T08:04:41.640066+00:00,.py,assets,display_asset,2b3f5e6fa01ac2c4b93d426d85a73704dee869d0564d7acbde059ad0ef378761,fit_C99_allbox_matched_k_effective_DHO.py,0,
assets/library/collective_dynamics/cjj_k_t/implicit_C99_unified_longitudinal_500ps_2026-08-29/source/scripts/transfer_N1600_to_N3200_all_odd_DHO.py,5745,2026-08-29T10:05:17.257034+00:00,.py,assets,display_asset,8d0dbbaf058f4db25b62095393891aa75d50b20d8dc5ef0bc09911c7c00138b1,transfer_N1600_to_N3200_all_odd_DHO.py,0,
assets/library/collective_dynamics/cjj_k_t/implicit_C99_unified_longitudinal_500ps_2026-08-29/source/scripts/transfer_N1600_to_N3200_interpolated_modes.py,9157,2026-08-29T08:21:12.139452+00:00,.py,assets,display_asset,748515212ab2d111d9b543ebcdc215cd95299c7ce2142c85ca5891a40d674d13,transfer_N1600_to_N3200_interpolated_modes.py,0,
assets/library/collective_dynamics/cjj_k_t/implicit_C99_unified_longitudinal_500ps_2026-08-29/source/scripts/transfer_N1600_to_N3200_lowest_mode_DHO.py,7568,2026-08-29T08:58:29.881610+00:00,.py,assets,display_asset,808a30da8f1ed44162905d8684d914e5e7f482a223b329b6d7246bb55414affb,transfer_N1600_to_N3200_lowest_mode_DHO.py,0,
assets/library/collective_dynamics/current_spectra/10L_TAtheta_Gamma2_linewidth_2026-08-26/source/scripts/analyze_tatheta_gamma2_linewidth.py,12879,2026-08-26T02:15:38.874517+00:00,.py,assets,display_asset,89c65f3b50b29d5208c26861f8cea36c7455cbc7a4279e9b53f265ebb3f9f057,analyze_tatheta_gamma2_linewidth.py,0,
assets/library/collective_dynamics/current_spectra/10L_TAtheta_Gamma2_linewidth_2026-08-26/source/scripts/plot_tatheta_n001_n004_fit_quality.py,6215,2026-08-26T08:22:51.219784+00:00,.py,assets,display_asset,c16f7f4705014cfcc04d6cc7eadb64e73a9048c7f78a93d3d805fe32d1c876cf,plot_tatheta_n001_n004_fit_quality.py,0,
assets/library/collective_dynamics/current_spectra/5L_LA_TAr_TAtheta_2026-08-19/source/analyze_cjj_negative_lobes.py,9636,2026-08-19T08:12:03.351771+00:00,.py,assets,display_asset,03f761ae0bc9ce558c14bed1b96c253187ca3ccb90ac9a71e77485b817a511f0,analyze_cjj_negative_lobes.py,0,
assets/library/collective_dynamics/current_spectra/kmin_from_acf_2026-08-18/source/plot_absolute_and_highfreq_kmin_spectra.py,3401,2026-08-18T06:39:53.219044+00:00,.py,assets,display_asset,2e4ead83da723b0168fd2cc4ff912548937290b659cf386467e974fe1acfe29c,plot_absolute_and_highfreq_kmin_spectra.py,0,
assets/library/collective_dynamics/current_spectra/kmin_from_acf_2026-08-18/source/plot_highfreq_sampling_alias_control.py,6596,2026-08-18T06:46:11.740964+00:00,.py,assets,display_asset,2c448b24b8abc3a2ea6b78b2fefa4f9e0941486a6d5906149724d373c7c0ee97,plot_highfreq_sampling_alias_control.py,0,
assets/library/collective_dynamics/current_spectra/kmin_from_acf_2026-08-18/source/plot_kmin_current_spectra.py,5759,2026-08-18T06:34:53.235522+00:00,.py,assets,display_asset,4ee536458edf12708bd7f60f80b702cc12632ae2a895296c5337ba86e56183e4,plot_kmin_current_spectra.py,0,
assets/library/collective_dynamics/cylindrical_helical_currents/88_10L_CT_theta_m0_kn_2026-08-27/source/scripts_stage/aggregate_m0_rotation_oxygen_stride.py,6660,2026-08-27T01:45:52.458535+00:00,.py,assets,display_asset,5fc5270bde9dccf4909292afa4e6f3cf2bf1d62c626e1f63f10226696f240097,aggregate_m0_rotation_oxygen_stride.py,0,
assets/library/collective_dynamics/cylindrical_helical_currents/88_10L_CT_theta_m0_kn_2026-08-27/source/scripts_stage/aggregate_relative_angular_current.py,5349,2026-08-27T02:23:59.140612+00:00,.py,assets,display_asset,a029299a40315f07b9b2f8c76e66edbf4fb0f3a3cbb0ef37bc9258b5b417608a,aggregate_relative_angular_current.py,0,
assets/library/collective_dynamics/cylindrical_helical_currents/88_10L_CT_theta_m0_kn_2026-08-27/source/scripts_stage/analyze_L2L5L10_vacf_exit_offset.py,3584,2026-08-27T08:05:32.298044+00:00,.py,assets,display_asset,ff100c539ae8ddf93fbd9b861660472e0e70ab9711cbf4190ab10d353f29d1ac,analyze_L2L5L10_vacf_exit_offset.py,0,
assets/library/collective_dynamics/cylindrical_helical_currents/88_10L_CT_theta_m0_kn_2026-08-27/source/scripts_stage/analyze_L2L5_vacf_kmin_Fs_mechanism.py,4896,2026-08-27T08:00:51.907393+00:00,.py,assets,display_asset,80c235ce6283f17391793fcdeb187fbb14b16fc45f8505e9bfea6f7ad4292a86,analyze_L2L5_vacf_kmin_Fs_mechanism.py,0,
assets/library/collective_dynamics/cylindrical_helical_currents/88_10L_CT_theta_m0_kn_2026-08-27/source/scripts_stage/analyze_Lz_vacf_positive_alpha.py,5983,2026-08-27T08:42:13.470220+00:00,.py,assets,display_asset,faa881e801c99a31d4a5fe9fa5e6b2c21e1d808b543ce48406e796f3d528c62a,analyze_Lz_vacf_positive_alpha.py,0,
assets/library/collective_dynamics/cylindrical_helical_currents/88_10L_CT_theta_m0_kn_2026-08-27/source/scripts_stage/analyze_alpha_z_rebound_peak_100fs.py,7901,2026-08-27T09:11:55.314903+00:00,.py,assets,display_asset,c076c17b09528c4c84ce0bed521966ddb5aaf86cd755365069fb8c841600715b,analyze_alpha_z_rebound_peak_100fs.py,0,
assets/library/collective_dynamics/cylindrical_helical_currents/88_10L_CT_theta_m0_kn_2026-08-27/source/scripts_stage/analyze_axial_m0_modecoupling_screen.py,6778,2026-08-27T03:18:23.339603+00:00,.py,assets,display_asset,61316f46347e78d45a3caf4ac0d81095d5afd0d77a2bdf2d046f33d14376330d,analyze_axial_m0_modecoupling_screen.py,0,
assets/library/collective_dynamics/cylindrical_helical_currents/88_10L_CT_theta_m0_kn_2026-08-27/source/scripts_stage/analyze_ct_theta_m0_kn.py,8293,2026-08-27T02:35:53.708393+00:00,.py,assets,display_asset,761888309bbec6a0645e4905c5b35746043687f0479fcd45095b5a9a949c8513,analyze_ct_theta_m0_kn.py,0,
assets/library/collective_dynamics/cylindrical_helical_currents/88_10L_CT_theta_m0_kn_2026-08-27/source/scripts_stage/analyze_ct_theta_m0_kn_acf.py,3774,2026-08-27T02:46:13.537416+00:00,.py,assets,display_asset,a31bf5f3658a62e4e720f44b5cc52c3fa784aa53e57dc4beedfd05f028fe8ae8,analyze_ct_theta_m0_kn_acf.py,0,
assets/library/collective_dynamics/cylindrical_helical_currents/88_10L_CT_theta_m0_kn_2026-08-27/source/scripts_stage/analyze_helical_self_isf_k1.py,12931,2026-08-27T10:34:51.765177+00:00,.py,assets,display_asset,c3a7e393cfa7d1d7fd5b47d86fb322dc6b45b7115a4cc581d8bcabe186e7bb95,analyze_helical_self_isf_k1.py,0,
assets/library/collective_dynamics/cylindrical_helical_currents/88_10L_CT_theta_m0_kn_2026-08-27/source/scripts_stage/analyze_lowk_m1_dynamic_projection.py,6972,2026-08-27T04:50:28.957035+00:00,.py,assets,display_asset,d538fc1a6d691ed232e9571324d3478d47d68d179f3a07ec56408dfb5e1fd881,analyze_lowk_m1_dynamic_projection.py,0,
assets/library/collective_dynamics/cylindrical_helical_currents/88_10L_CT_theta_m0_kn_2026-08-27/source/scripts_stage/analyze_m0_n11n20_negative_lobe.py,7824,2026-08-27T05:25:07.194449+00:00,.py,assets,display_asset,27fc41aec2ccace6118508b3452b3bc786cbd2edce08df89f3a264631fc99a1c,analyze_m0_n11n20_negative_lobe.py,0,
assets/library/collective_dynamics/cylindrical_helical_currents/88_10L_CT_theta_m0_kn_2026-08-27/source/scripts_stage/analyze_m0_odd_even_counterfactual.py,5483,2026-08-27T05:18:47.297569+00:00,.py,assets,display_asset,c1823d2c37b317126bbaba4d04dd9d44e60d95b016f73bf80b20c61c7e897fc3,analyze_m0_odd_even_counterfactual.py,0,
assets/library/collective_dynamics/cylindrical_helical_currents/88_10L_CT_theta_m0_kn_2026-08-27/source/scripts_stage/analyze_m0_rotation_oxygen_stride.py,9440,2026-08-27T01:27:55.541949+00:00,.py,assets,display_asset,bbbbe8eb7a09365e8e98ee1857f5a2422c70cf2ab0ca4b3313379adfd7c5d44f,analyze_m0_rotation_oxygen_stride.py,0,
assets/library/collective_dynamics/cylindrical_helical_currents/88_10L_CT_theta_m0_kn_2026-08-27/source/scripts_stage/analyze_relative_angular_current_stride.py,7308,2026-08-27T01:59:06.208071+00:00,.py,assets,display_asset,b702f13ca22c0b73282d37c55f99e2354f0fb6b52320124dfa75713a6c90ad9a,analyze_relative_angular_current_stride.py,0,
assets/library/collective_dynamics/cylindrical_helical_currents/88_10L_CT_theta_m0_kn_2026-08-27/source/scripts_stage/analyze_smallm_polarization_lifetime.py,4343,2026-08-27T03:33:49.673781+00:00,.py,assets,display_asset,b669dc5ba4bd91d4fe7f6cb6c4b93e8629b8a08ee79694fefa7675ae30aba28d,analyze_smallm_polarization_lifetime.py,0,
assets/library/collective_dynamics/cylindrical_helical_currents/88_10L_CT_theta_m0_kn_2026-08-27/source/scripts_stage/analyze_tagged_collective_vertex_m0.py,8568,2026-08-27T04:31:30.591889+00:00,.py,assets,display_asset,c484f4df67101151ccf8f457230b345b1f30ad241ea229b2335afebe21299595,analyze_tagged_collective_vertex_m0.py,0,
assets/library/collective_dynamics/cylindrical_helical_currents/88_10L_CT_theta_m0_kn_2026-08-27/source/scripts_stage/analyze_tagged_collective_vertex_mixed_pairs.py,5883,2026-08-27T04:39:56.272916+00:00,.py,assets,display_asset,7dfe72108dac78f2b63bd2d0c17ff33219142ef7f1ab2dd5fee0750ca18afa3c,analyze_tagged_collective_vertex_mixed_pairs.py,0,
assets/library/collective_dynamics/cylindrical_helical_currents/88_10L_CT_theta_m0_kn_2026-08-27/source/scripts_stage/analyze_theta_m0_factorization_m1m4.py,9457,2026-08-27T02:59:51.253649+00:00,.py,assets,display_asset,582bf28566a333e990b7841a9910ee5cad5b2cef48bd5397e2685d5d921a721d,analyze_theta_m0_factorization_m1m4.py,0,
assets/library/collective_dynamics/cylindrical_helical_currents/88_10L_CT_theta_m0_kn_2026-08-27/source/scripts_stage/analyze_theta_rep.py,8952,2026-08-26T10:56:44.361490+00:00,.py,assets,display_asset,3553aca28fbd9defaea6c13e15a78e960c582258ab163a2c22802201a386ba95,analyze_theta_rep.py,0,
assets/library/collective_dynamics/cylindrical_helical_currents/88_10L_CT_theta_m0_kn_2026-08-27/source/scripts_stage/analyze_theta_rep_memmap.py,12135,2026-08-27T01:25:01.943863+00:00,.py,assets,display_asset,8ce64a54e204e609ff9c3706f825e3da18954539d842d303a2d26a6902817165,analyze_theta_rep_memmap.py,0,
assets/library/collective_dynamics/cylindrical_helical_currents/88_10L_CT_theta_m0_kn_2026-08-27/source/scripts_stage/analyze_unnormalized_cjj_static_screen.py,9908,2026-08-27T04:21:19.451155+00:00,.py,assets,display_asset,3a8748fbd4b31982b043c91e789b646c51aac8f4200437bee1510d5e348978cd,analyze_unnormalized_cjj_static_screen.py,0,
assets/library/collective_dynamics/cylindrical_helical_currents/88_10L_CT_theta_m0_kn_2026-08-27/source/scripts_stage/analyze_viscoelastic_mixed_band.py,8120,2026-08-27T03:44:45.576220+00:00,.py,assets,display_asset,6da0937e6b7bdd80cbd557ddf0720a9942d84dc26b9526eb43f510240a6060c8,analyze_viscoelastic_mixed_band.py,0,
assets/library/collective_dynamics/cylindrical_helical_currents/88_10L_CT_theta_m0_kn_2026-08-27/source/scripts_stage/audit_alpha_exponential_source_10fs.py,7976,2026-08-27T09:21:36.521298+00:00,.py,assets,display_asset,d6aeb8a50173f55ed6a371853ce1e881b61b361f6af1a5baa073322bf6be1040,audit_alpha_exponential_source_10fs.py,0,
assets/library/collective_dynamics/cylindrical_helical_currents/88_10L_CT_theta_m0_kn_2026-08-27/source/scripts_stage/check_fullwater_header.py,954,2026-08-26T10:56:44.365491+00:00,.py,assets,display_asset,6d8e4f7e52289e55a0a02301f8b7462e56933ab051a1f9964b7871190a0d1c50,check_fullwater_header.py,0,
assets/library/collective_dynamics/cylindrical_helical_currents/88_10L_CT_theta_m0_kn_2026-08-27/source/scripts_stage/check_merge.py,681,2026-08-26T11:25:44.604849+00:00,.py,assets,display_asset,f857b32cb22718ff95dbae4c1acd0dfc2a72ac02da25b5ec334cef2ccc7626d1,check_merge.py,1,/lustre/home/users/ewu/vb_gcmc/MD/stage_theta_decom_88_L2L10_100fs_10ns_20260826
assets/library/collective_dynamics/cylindrical_helical_currents/88_10L_CT_theta_m0_kn_2026-08-27/source/scripts_stage/check_remote_parser.py,593,2026-08-26T10:56:06.752485+00:00,.py,assets,display_asset,f7874759a598c1244c091e33898625e0553862c438bbe6ca1d52f73ac8884e20,check_remote_parser.py,1,/lustre/home/users/ewu/vb_gcmc/MD/stage_theta_decom_88_L2L10_100fs_10ns_20260826/analyze_theta_rep.py
assets/library/collective_dynamics/cylindrical_helical_currents/88_10L_CT_theta_m0_kn_2026-08-27/source/scripts_stage/check_sources.py,1417,2026-08-26T09:31:26.800121+00:00,.py,assets,display_asset,e53c41d43203e63df311fd1e61e5cb20537e8be83c74b2abdab7986a3e06eb0a,check_sources.py,3,/lustre/home/users/ewu/vb_gcmc/MD | /lustre/home/users/ewu/vb_gcmc/MD/stage_vacf_tail_8_8_L2L5_4rep_weaknh_nomom_10ns_100fs_20260821 | /lustre/home/users/ewu/vb_gcmc/MD/viscfric_length_all_chirality_RH75_20260806/long_weakNH_nomom_10L_100fs_10ns_3rep_20260806
assets/library/collective_dynamics/cylindrical_helical_currents/88_10L_CT_theta_m0_kn_2026-08-27/source/scripts_stage/compare_alpha_min_saturation_models.py,6125,2026-08-27T09:05:32.937101+00:00,.py,assets,display_asset,b6f7d2e299f5f9f408c324da65e8005caa52820ba27220cc30120a593e51c3d6,compare_alpha_min_saturation_models.py,0,
assets/library/collective_dynamics/cylindrical_helical_currents/88_10L_CT_theta_m0_kn_2026-08-27/source/scripts_stage/finalize_viscoelastic_mixed_band.py,3633,2026-08-27T03:53:42.363371+00:00,.py,assets,display_asset,cc00a7ede78d2d66c01b5f8bb317557f2ddcdf6babf481717a8380750194560e,finalize_viscoelastic_mixed_band.py,0,
assets/library/collective_dynamics/cylindrical_helical_currents/88_10L_CT_theta_m0_kn_2026-08-27/source/scripts_stage/fit_axial_lowk_hydro_component.py,3169,2026-08-27T03:22:45.149660+00:00,.py,assets,display_asset,f090394696507c6b0facc3b698023b224466e1f31957a9a51a26e215c69cbc2f,fit_axial_lowk_hydro_component.py,0,
assets/library/collective_dynamics/cylindrical_helical_currents/88_10L_CT_theta_m0_kn_2026-08-27/source/scripts_stage/fit_axial_lowk_hydro_component_nmax.py,3357,2026-08-27T03:25:20.859219+00:00,.py,assets,display_asset,95f29d89622ac4e5223f3723468ea2b5ddce23a9b8dab0940d5ada09e1cdd824,fit_axial_lowk_hydro_component_nmax.py,0,
assets/library/collective_dynamics/cylindrical_helical_currents/88_10L_CT_theta_m0_kn_2026-08-27/source/scripts_stage/fit_theta_m0_hydro_component.py,3389,2026-08-27T03:32:25.713431+00:00,.py,assets,display_asset,7a8c62de70d2eb87d14993c5603de586c87363a546198a0d8292373457a63445,fit_theta_m0_hydro_component.py,0,
assets/library/collective_dynamics/cylindrical_helical_currents/88_10L_CT_theta_m0_kn_2026-08-27/source/scripts_stage/merge_theta_ensemble.py,3577,2026-08-26T11:16:11.050288+00:00,.py,assets,display_asset,d2bea8aa59d143fc5bb6eb227a33ac7cb4734bab05e7036e037f6f667668f69a,merge_theta_ensemble.py,1,/lustre/home/users/ewu/vb_gcmc/MD/stage_theta_decom_88_L2L10_100fs_10ns_20260826
assets/library/collective_dynamics/cylindrical_helical_currents/88_10L_CT_theta_m0_kn_2026-08-27/source/scripts_stage/monitor_theta.py,1104,2026-08-26T11:05:39.393851+00:00,.py,assets,display_asset,26a4664fde5680461466205161e331bfb18329fe3f3f4d9f463c816d89cbf0f6,monitor_theta.py,1,/lustre/home/users/ewu/vb_gcmc/MD/stage_theta_decom_88_L2L10_100fs_10ns_20260826
assets/library/collective_dynamics/cylindrical_helical_currents/88_10L_CT_theta_m0_kn_2026-08-27/source/scripts_stage/plot_L2L5L10_vacf_exit_offset.py,2236,2026-08-27T08:05:32.330048+00:00,.py,assets,display_asset,012c5fa29ef2def6fb7ec2821c882253e0acae2ae064f53b971835b8b5ae5041,plot_L2L5L10_vacf_exit_offset.py,0,
assets/library/collective_dynamics/cylindrical_helical_currents/88_10L_CT_theta_m0_kn_2026-08-27/source/scripts_stage/plot_L2L5_vacf_kmin_Fs_mechanism.py,2487,2026-08-27T08:00:51.920837+00:00,.py,assets,display_asset,93ba4ce3cccffa701a349f32d6026886a0f3ab13ad885e0b80e2aebf5fb6090e,plot_L2L5_vacf_kmin_Fs_mechanism.py,0,
assets/library/collective_dynamics/cylindrical_helical_currents/88_10L_CT_theta_m0_kn_2026-08-27/source/scripts_stage/plot_Lz_vacf_positive_alpha.py,2954,2026-08-27T08:43:13.571340+00:00,.py,assets,display_asset,a8ed074491c12987fbd324dce86e7acd9daa156b04d8c6bde6ad801e8c10223b,plot_Lz_vacf_positive_alpha.py,0,
assets/library/collective_dynamics/cylindrical_helical_currents/88_10L_CT_theta_m0_kn_2026-08-27/source/scripts_stage/plot_axial_m0_modecoupling_screen.py,2158,2026-08-27T03:23:29.020668+00:00,.py,assets,display_asset,09daa905375f7d96606b7f8e0f75b31d66358a7c67eaca3ed17e15b88e6fa5f5,plot_axial_m0_modecoupling_screen.py,0,
assets/library/collective_dynamics/cylindrical_helical_currents/88_10L_CT_theta_m0_kn_2026-08-27/source/scripts_stage/plot_ct_theta_m0_kn.py,5509,2026-08-27T02:43:21.208540+00:00,.py,assets,display_asset,b4cb59dfe9d2ebf212373fa0bc32d9ed40b6be302ef04c803948d2e5e1135cdd,plot_ct_theta_m0_kn.py,0,
assets/library/collective_dynamics/cylindrical_helical_currents/88_10L_CT_theta_m0_kn_2026-08-27/source/scripts_stage/plot_ct_theta_m0_kn_acf.py,2766,2026-08-27T02:46:13.541420+00:00,.py,assets,display_asset,ec6a3bfed0671f81399c9767c06e2b081760d75173220b5f9bbd1a4749dd5d7e,plot_ct_theta_m0_kn_acf.py,0,
assets/library/collective_dynamics/cylindrical_helical_currents/88_10L_CT_theta_m0_kn_2026-08-27/source/scripts_stage/plot_lowk_m1_dynamic_projection.py,2400,2026-08-27T05:01:49.530975+00:00,.py,assets,display_asset,5ad435c493376fdf78ec7c00e609b07fbdda31008096370ae00ee0fe1b17b7a7,plot_lowk_m1_dynamic_projection.py,0,
assets/library/collective_dynamics/cylindrical_helical_currents/88_10L_CT_theta_m0_kn_2026-08-27/source/scripts_stage/plot_m0_n11n20_negative_lobe.py,2956,2026-08-27T05:30:10.432550+00:00,.py,assets,display_asset,d07bfa57f1f9e21a8cd8a531329edfd9c9eddcc06f2e5492acbb247f5870a773,plot_m0_n11n20_negative_lobe.py,0,
assets/library/collective_dynamics/cylindrical_helical_currents/88_10L_CT_theta_m0_kn_2026-08-27/source/scripts_stage/plot_m0_odd_even_5L10L_1x3.py,4983,2026-08-27T10:17:56.898712+00:00,.py,assets,display_asset,f319b99821bd815d20a2bb66841d5788f86338802b01460506a3f0e598c12582,plot_m0_odd_even_5L10L_1x3.py,0,
assets/library/collective_dynamics/cylindrical_helical_currents/88_10L_CT_theta_m0_kn_2026-08-27/source/scripts_stage/plot_m0_odd_even_counterfactual.py,2930,2026-08-27T05:18:28.862903+00:00,.py,assets,display_asset,3a6d53c0a37bb61bc34f1ff8c122120fc748262a98e61a7dc9c074be7fe719db,plot_m0_odd_even_counterfactual.py,0,
assets/library/collective_dynamics/cylindrical_helical_currents/88_10L_CT_theta_m0_kn_2026-08-27/source/scripts_stage/plot_native100fs_alpha_min_peak_dependence.py,8883,2026-08-27T09:28:07.911557+00:00,.py,assets,display_asset,96d1497415895c0028b5bd7f74377c13b6051a171185c8387c393780775368d1,plot_native100fs_alpha_min_peak_dependence.py,0,
assets/library/collective_dynamics/cylindrical_helical_currents/88_10L_CT_theta_m0_kn_2026-08-27/source/scripts_stage/plot_native100fs_k1_semilog_extrema.py,11900,2026-08-27T10:02:47.464368+00:00,.py,assets,display_asset,a94323672d8c4a66a6e02955dcf6b4c2a7506687389cd47e5be6c16205fc7b52,plot_native100fs_k1_semilog_extrema.py,0,
assets/library/collective_dynamics/cylindrical_helical_currents/88_10L_CT_theta_m0_kn_2026-08-27/source/scripts_stage/plot_paired_helical_tagged_vertex.py,2296,2026-08-27T04:44:25.582112+00:00,.py,assets,display_asset,10de05958144894d970a58e603595199cfcc1c6a05f6333316d314ca3f038673,plot_paired_helical_tagged_vertex.py,0,
assets/library/collective_dynamics/cylindrical_helical_currents/88_10L_CT_theta_m0_kn_2026-08-27/source/scripts_stage/plot_raw_vacf_alpha_realLz_100fs.py,11296,2026-08-27T08:58:19.707025+00:00,.py,assets,display_asset,21ccd390d5e02e3a69284e7c733efffba32d99c3474fe8e1320af7a0d629f863,plot_raw_vacf_alpha_realLz_100fs.py,0,
assets/library/collective_dynamics/cylindrical_helical_currents/88_10L_CT_theta_m0_kn_2026-08-27/source/scripts_stage/plot_tagged_collective_vertex_m0.py,2819,2026-08-27T04:35:40.337896+00:00,.py,assets,display_asset,75e970f706b53cc46f1b6530291d89e1d3dec7800efa1fe55dced8f5ddc044e5,plot_tagged_collective_vertex_m0.py,0,
assets/library/collective_dynamics/cylindrical_helical_currents/88_10L_CT_theta_m0_kn_2026-08-27/source/scripts_stage/plot_theta_hydro_closure_recheck.py,3339,2026-08-27T03:39:08.258999+00:00,.py,assets,display_asset,09a3da828fcba19623c549b72fb0ba54c57da0996c3e6b33fc1e840dd9fcc9b7,plot_theta_hydro_closure_recheck.py,0,
assets/library/collective_dynamics/cylindrical_helical_currents/88_10L_CT_theta_m0_kn_2026-08-27/source/scripts_stage/plot_theta_m0_factorization_m1m4.py,3425,2026-08-27T03:09:50.085881+00:00,.py,assets,display_asset,cc17fc665f3fe9e0165543b5d5a5586cae8de280be198110abb01ee5fde3ff18,plot_theta_m0_factorization_m1m4.py,0,
assets/library/collective_dynamics/cylindrical_helical_currents/88_10L_CT_theta_m0_kn_2026-08-27/source/scripts_stage/plot_unnormalized_cjj_static_screen.py,3855,2026-08-27T04:23:14.004920+00:00,.py,assets,display_asset,3cc02ac0631aadde2564d92ebb7aa871c176b2bd02ddd409cd1b797a42d3760b,plot_unnormalized_cjj_static_screen.py,0,
assets/library/collective_dynamics/cylindrical_helical_currents/88_10L_CT_theta_m0_kn_2026-08-27/source/scripts_stage/run_local_10L_88_memmap.ps1,1102,2026-08-27T01:20:09.197196+00:00,.ps1,assets,display_asset,35a7f1d1f54002c730193910fa0b56ba007fafa780a2f2a757f31ac45762b10e,run_local_10L_88_memmap.ps1,0,
assets/library/collective_dynamics/cylindrical_helical_currents/88_10L_CT_theta_m0_kn_2026-08-27/source/scripts_stage/run_merge_theta_ensemble.sh,434,2026-08-26T11:16:11.054290+00:00,.sh,assets,display_asset,a5a94cecdbd600b52a891e6dc3a8ee59c0d2ef71282cf62dbb06071a39769eb8,run_merge_theta_ensemble.sh,2,/lustre/home/users/ewu/.conda/envs/HB_analysis/bin/python | /lustre/home/users/ewu/vb_gcmc/MD/stage_theta_decom_88_L2L10_100fs_10ns_20260826
assets/library/collective_dynamics/cylindrical_helical_currents/88_10L_CT_theta_m0_kn_2026-08-27/source/scripts_stage/run_theta_rep.template.sh,768,2026-08-26T10:45:57.627578+00:00,.sh,assets,display_asset,e6b6074587257c15d8a2687a4e61d5da2d59408de8f3053c28be581199bf525e,run_theta_rep.template.sh,3,/lustre/home/users/ewu/.conda/envs/HB_analysis/bin/python | /lustre/home/users/ewu/vb_gcmc/MD/stage_theta_decom_88_L2L10_100fs_10ns_20260826 | /lustre/home/users/ewu/vb_gcmc/MD/stage_vacf_tail_8_8_L2L5_4rep_weaknh_nomom_10ns_100fs_20260821/__L__L/rep__R__/LONG_WEAKNH_NOMOM_8_8_L__L___rep__R___100fs_10ns.water_100fs_10ns.dump
assets/library/collective_dynamics/cylindrical_helical_currents/88_10L_CT_theta_m0_kn_2026-08-27/source/scripts_stage/submit_2L5L.sh,900,2026-08-26T09:34:11.684928+00:00,.sh,assets,display_asset,56b510c630e671494f3607f265d26e196d89601015ee47e28caa7e950338c25b,submit_2L5L.sh,0,
assets/library/collective_dynamics/cylindrical_helical_currents/88_10L_CT_theta_m0_kn_2026-08-27/source/scripts_stage/submit_final_parserfix.sh,812,2026-08-26T10:57:21.097450+00:00,.sh,assets,display_asset,62d96ab86bf0be521943c9a938d74b5c6a95c0418ec98f1fbb185db9dab3ffaf,submit_final_parserfix.sh,0,
assets/library/collective_dynamics/cylindrical_helical_currents/88_10L_CT_theta_m0_kn_2026-08-27/source/scripts_stage/submit_headerfix_resubmission.sh,838,2026-08-26T10:16:54.565244+00:00,.sh,assets,display_asset,9b6b54be70ca8fada9b804f84fde1991c6f120549b8126b96d6cd6f0eeb05dfa,submit_headerfix_resubmission.sh,0,
assets/library/collective_dynamics/cylindrical_helical_currents/88_10L_CT_theta_m0_kn_2026-08-27/source/scripts_stage/submit_resourcefix_resubmission.sh,878,2026-08-26T10:45:57.630576+00:00,.sh,assets,display_asset,0ded27d292d4a4d8ab28fae8a2e349b22dfb53c157037b4cbce007960156126a,submit_resourcefix_resubmission.sh,0,
assets/library/collective_dynamics/cylindrical_helical_currents/88_10L_CT_theta_m0_kn_2026-08-27/source/scripts_stage/summarize_axial_m0_nmax_convergence.py,2137,2026-08-27T03:26:36.805819+00:00,.py,assets,display_asset,47cf34e7ecdf081bacee7405b7b6354b4194c7d92fd176f7c0bd070c6cb427e1,summarize_axial_m0_nmax_convergence.py,0,
assets/library/collective_dynamics/cylindrical_helical_currents/88_10L_m0_rotation_diagnostic_2026-08-27/source/scripts/aggregate_m0_rotation_oxygen_stride.py,6660,2026-08-27T01:45:52.458535+00:00,.py,assets,display_asset,5fc5270bde9dccf4909292afa4e6f3cf2bf1d62c626e1f63f10226696f240097,aggregate_m0_rotation_oxygen_stride.py,0,
assets/library/collective_dynamics/cylindrical_helical_currents/88_10L_m0_rotation_diagnostic_2026-08-27/source/scripts/aggregate_relative_angular_current.py,5349,2026-08-27T02:23:59.140612+00:00,.py,assets,display_asset,a029299a40315f07b9b2f8c76e66edbf4fb0f3a3cbb0ef37bc9258b5b417608a,aggregate_relative_angular_current.py,0,
assets/library/collective_dynamics/cylindrical_helical_currents/88_10L_m0_rotation_diagnostic_2026-08-27/source/scripts/analyze_L2L5L10_vacf_exit_offset.py,3584,2026-08-27T08:05:32.298044+00:00,.py,assets,display_asset,ff100c539ae8ddf93fbd9b861660472e0e70ab9711cbf4190ab10d353f29d1ac,analyze_L2L5L10_vacf_exit_offset.py,0,
assets/library/collective_dynamics/cylindrical_helical_currents/88_10L_m0_rotation_diagnostic_2026-08-27/source/scripts/analyze_L2L5_vacf_kmin_Fs_mechanism.py,4896,2026-08-27T08:00:51.907393+00:00,.py,assets,display_asset,80c235ce6283f17391793fcdeb187fbb14b16fc45f8505e9bfea6f7ad4292a86,analyze_L2L5_vacf_kmin_Fs_mechanism.py,0,
assets/library/collective_dynamics/cylindrical_helical_currents/88_10L_m0_rotation_diagnostic_2026-08-27/source/scripts/analyze_Lz_vacf_positive_alpha.py,5983,2026-08-27T08:42:13.470220+00:00,.py,assets,display_asset,faa881e801c99a31d4a5fe9fa5e6b2c21e1d808b543ce48406e796f3d528c62a,analyze_Lz_vacf_positive_alpha.py,0,
assets/library/collective_dynamics/cylindrical_helical_currents/88_10L_m0_rotation_diagnostic_2026-08-27/source/scripts/analyze_alpha_z_rebound_peak_100fs.py,7901,2026-08-27T09:11:55.314903+00:00,.py,assets,display_asset,c076c17b09528c4c84ce0bed521966ddb5aaf86cd755365069fb8c841600715b,analyze_alpha_z_rebound_peak_100fs.py,0,
assets/library/collective_dynamics/cylindrical_helical_currents/88_10L_m0_rotation_diagnostic_2026-08-27/source/scripts/analyze_axial_m0_modecoupling_screen.py,6778,2026-08-27T03:18:23.339603+00:00,.py,assets,display_asset,61316f46347e78d45a3caf4ac0d81095d5afd0d77a2bdf2d046f33d14376330d,analyze_axial_m0_modecoupling_screen.py,0,
assets/library/collective_dynamics/cylindrical_helical_currents/88_10L_m0_rotation_diagnostic_2026-08-27/source/scripts/analyze_ct_theta_m0_kn.py,8293,2026-08-27T02:35:53.708393+00:00,.py,assets,display_asset,761888309bbec6a0645e4905c5b35746043687f0479fcd45095b5a9a949c8513,analyze_ct_theta_m0_kn.py,0,
assets/library/collective_dynamics/cylindrical_helical_currents/88_10L_m0_rotation_diagnostic_2026-08-27/source/scripts/analyze_ct_theta_m0_kn_acf.py,3774,2026-08-27T02:46:13.537416+00:00,.py,assets,display_asset,a31bf5f3658a62e4e720f44b5cc52c3fa784aa53e57dc4beedfd05f028fe8ae8,analyze_ct_theta_m0_kn_acf.py,0,
assets/library/collective_dynamics/cylindrical_helical_currents/88_10L_m0_rotation_diagnostic_2026-08-27/source/scripts/analyze_helical_self_isf_k1.py,12931,2026-08-27T10:34:51.765177+00:00,.py,assets,display_asset,c3a7e393cfa7d1d7fd5b47d86fb322dc6b45b7115a4cc581d8bcabe186e7bb95,analyze_helical_self_isf_k1.py,0,
assets/library/collective_dynamics/cylindrical_helical_currents/88_10L_m0_rotation_diagnostic_2026-08-27/source/scripts/analyze_lowk_m1_dynamic_projection.py,6972,2026-08-27T04:50:28.957035+00:00,.py,assets,display_asset,d538fc1a6d691ed232e9571324d3478d47d68d179f3a07ec56408dfb5e1fd881,analyze_lowk_m1_dynamic_projection.py,0,
assets/library/collective_dynamics/cylindrical_helical_currents/88_10L_m0_rotation_diagnostic_2026-08-27/source/scripts/analyze_m0_n11n20_negative_lobe.py,7824,2026-08-27T05:25:07.194449+00:00,.py,assets,display_asset,27fc41aec2ccace6118508b3452b3bc786cbd2edce08df89f3a264631fc99a1c,analyze_m0_n11n20_negative_lobe.py,0,
assets/library/collective_dynamics/cylindrical_helical_currents/88_10L_m0_rotation_diagnostic_2026-08-27/source/scripts/analyze_m0_odd_even_counterfactual.py,5483,2026-08-27T05:18:47.297569+00:00,.py,assets,display_asset,c1823d2c37b317126bbaba4d04dd9d44e60d95b016f73bf80b20c61c7e897fc3,analyze_m0_odd_even_counterfactual.py,0,
assets/library/collective_dynamics/cylindrical_helical_currents/88_10L_m0_rotation_diagnostic_2026-08-27/source/scripts/analyze_m0_rotation_oxygen_stride.py,9440,2026-08-27T01:27:55.541949+00:00,.py,assets,display_asset,bbbbe8eb7a09365e8e98ee1857f5a2422c70cf2ab0ca4b3313379adfd7c5d44f,analyze_m0_rotation_oxygen_stride.py,0,
assets/library/collective_dynamics/cylindrical_helical_currents/88_10L_m0_rotation_diagnostic_2026-08-27/source/scripts/analyze_relative_angular_current_stride.py,7308,2026-08-27T01:59:06.208071+00:00,.py,assets,display_asset,b702f13ca22c0b73282d37c55f99e2354f0fb6b52320124dfa75713a6c90ad9a,analyze_relative_angular_current_stride.py,0,
assets/library/collective_dynamics/cylindrical_helical_currents/88_10L_m0_rotation_diagnostic_2026-08-27/source/scripts/analyze_smallm_polarization_lifetime.py,4343,2026-08-27T03:33:49.673781+00:00,.py,assets,display_asset,b669dc5ba4bd91d4fe7f6cb6c4b93e8629b8a08ee79694fefa7675ae30aba28d,analyze_smallm_polarization_lifetime.py,0,
assets/library/collective_dynamics/cylindrical_helical_currents/88_10L_m0_rotation_diagnostic_2026-08-27/source/scripts/analyze_tagged_collective_vertex_m0.py,8568,2026-08-27T04:31:30.591889+00:00,.py,assets,display_asset,c484f4df67101151ccf8f457230b345b1f30ad241ea229b2335afebe21299595,analyze_tagged_collective_vertex_m0.py,0,
assets/library/collective_dynamics/cylindrical_helical_currents/88_10L_m0_rotation_diagnostic_2026-08-27/source/scripts/analyze_tagged_collective_vertex_mixed_pairs.py,5883,2026-08-27T04:39:56.272916+00:00,.py,assets,display_asset,7dfe72108dac78f2b63bd2d0c17ff33219142ef7f1ab2dd5fee0750ca18afa3c,analyze_tagged_collective_vertex_mixed_pairs.py,0,
assets/library/collective_dynamics/cylindrical_helical_currents/88_10L_m0_rotation_diagnostic_2026-08-27/source/scripts/analyze_theta_m0_factorization_m1m4.py,9457,2026-08-27T02:59:51.253649+00:00,.py,assets,display_asset,582bf28566a333e990b7841a9910ee5cad5b2cef48bd5397e2685d5d921a721d,analyze_theta_m0_factorization_m1m4.py,0,
assets/library/collective_dynamics/cylindrical_helical_currents/88_10L_m0_rotation_diagnostic_2026-08-27/source/scripts/analyze_theta_rep.py,8952,2026-08-26T10:56:44.361490+00:00,.py,assets,display_asset,3553aca28fbd9defaea6c13e15a78e960c582258ab163a2c22802201a386ba95,analyze_theta_rep.py,0,
assets/library/collective_dynamics/cylindrical_helical_currents/88_10L_m0_rotation_diagnostic_2026-08-27/source/scripts/analyze_theta_rep_memmap.py,12135,2026-08-27T01:25:01.943863+00:00,.py,assets,display_asset,8ce64a54e204e609ff9c3706f825e3da18954539d842d303a2d26a6902817165,analyze_theta_rep_memmap.py,0,
assets/library/collective_dynamics/cylindrical_helical_currents/88_10L_m0_rotation_diagnostic_2026-08-27/source/scripts/analyze_unnormalized_cjj_static_screen.py,9908,2026-08-27T04:21:19.451155+00:00,.py,assets,display_asset,3a8748fbd4b31982b043c91e789b646c51aac8f4200437bee1510d5e348978cd,analyze_unnormalized_cjj_static_screen.py,0,
assets/library/collective_dynamics/cylindrical_helical_currents/88_10L_m0_rotation_diagnostic_2026-08-27/source/scripts/analyze_viscoelastic_mixed_band.py,8120,2026-08-27T03:44:45.576220+00:00,.py,assets,display_asset,6da0937e6b7bdd80cbd557ddf0720a9942d84dc26b9526eb43f510240a6060c8,analyze_viscoelastic_mixed_band.py,0,
assets/library/collective_dynamics/cylindrical_helical_currents/88_10L_m0_rotation_diagnostic_2026-08-27/source/scripts/audit_alpha_exponential_source_10fs.py,7976,2026-08-27T09:21:36.521298+00:00,.py,assets,display_asset,d6aeb8a50173f55ed6a371853ce1e881b61b361f6af1a5baa073322bf6be1040,audit_alpha_exponential_source_10fs.py,0,
assets/library/collective_dynamics/cylindrical_helical_currents/88_10L_m0_rotation_diagnostic_2026-08-27/source/scripts/check_fullwater_header.py,954,2026-08-26T10:56:44.365491+00:00,.py,assets,display_asset,6d8e4f7e52289e55a0a02301f8b7462e56933ab051a1f9964b7871190a0d1c50,check_fullwater_header.py,0,
assets/library/collective_dynamics/cylindrical_helical_currents/88_10L_m0_rotation_diagnostic_2026-08-27/source/scripts/check_merge.py,681,2026-08-26T11:25:44.604849+00:00,.py,assets,display_asset,f857b32cb22718ff95dbae4c1acd0dfc2a72ac02da25b5ec334cef2ccc7626d1,check_merge.py,1,/lustre/home/users/ewu/vb_gcmc/MD/stage_theta_decom_88_L2L10_100fs_10ns_20260826
assets/library/collective_dynamics/cylindrical_helical_currents/88_10L_m0_rotation_diagnostic_2026-08-27/source/scripts/check_remote_parser.py,593,2026-08-26T10:56:06.752485+00:00,.py,assets,display_asset,f7874759a598c1244c091e33898625e0553862c438bbe6ca1d52f73ac8884e20,check_remote_parser.py,1,/lustre/home/users/ewu/vb_gcmc/MD/stage_theta_decom_88_L2L10_100fs_10ns_20260826/analyze_theta_rep.py
assets/library/collective_dynamics/cylindrical_helical_currents/88_10L_m0_rotation_diagnostic_2026-08-27/source/scripts/check_sources.py,1417,2026-08-26T09:31:26.800121+00:00,.py,assets,display_asset,e53c41d43203e63df311fd1e61e5cb20537e8be83c74b2abdab7986a3e06eb0a,check_sources.py,3,/lustre/home/users/ewu/vb_gcmc/MD | /lustre/home/users/ewu/vb_gcmc/MD/stage_vacf_tail_8_8_L2L5_4rep_weaknh_nomom_10ns_100fs_20260821 | /lustre/home/users/ewu/vb_gcmc/MD/viscfric_length_all_chirality_RH75_20260806/long_weakNH_nomom_10L_100fs_10ns_3rep_20260806
assets/library/collective_dynamics/cylindrical_helical_currents/88_10L_m0_rotation_diagnostic_2026-08-27/source/scripts/compare_alpha_min_saturation_models.py,6125,2026-08-27T09:05:32.937101+00:00,.py,assets,display_asset,b6f7d2e299f5f9f408c324da65e8005caa52820ba27220cc30120a593e51c3d6,compare_alpha_min_saturation_models.py,0,
assets/library/collective_dynamics/cylindrical_helical_currents/88_10L_m0_rotation_diagnostic_2026-08-27/source/scripts/finalize_viscoelastic_mixed_band.py,3633,2026-08-27T03:53:42.363371+00:00,.py,assets,display_asset,cc00a7ede78d2d66c01b5f8bb317557f2ddcdf6babf481717a8380750194560e,finalize_viscoelastic_mixed_band.py,0,
assets/library/collective_dynamics/cylindrical_helical_currents/88_10L_m0_rotation_diagnostic_2026-08-27/source/scripts/fit_axial_lowk_hydro_component.py,3169,2026-08-27T03:22:45.149660+00:00,.py,assets,display_asset,f090394696507c6b0facc3b698023b224466e1f31957a9a51a26e215c69cbc2f,fit_axial_lowk_hydro_component.py,0,
assets/library/collective_dynamics/cylindrical_helical_currents/88_10L_m0_rotation_diagnostic_2026-08-27/source/scripts/fit_axial_lowk_hydro_component_nmax.py,3357,2026-08-27T03:25:20.859219+00:00,.py,assets,display_asset,95f29d89622ac4e5223f3723468ea2b5ddce23a9b8dab0940d5ada09e1cdd824,fit_axial_lowk_hydro_component_nmax.py,0,
assets/library/collective_dynamics/cylindrical_helical_currents/88_10L_m0_rotation_diagnostic_2026-08-27/source/scripts/fit_theta_m0_hydro_component.py,3389,2026-08-27T03:32:25.713431+00:00,.py,assets,display_asset,7a8c62de70d2eb87d14993c5603de586c87363a546198a0d8292373457a63445,fit_theta_m0_hydro_component.py,0,
assets/library/collective_dynamics/cylindrical_helical_currents/88_10L_m0_rotation_diagnostic_2026-08-27/source/scripts/merge_theta_ensemble.py,3577,2026-08-26T11:16:11.050288+00:00,.py,assets,display_asset,d2bea8aa59d143fc5bb6eb227a33ac7cb4734bab05e7036e037f6f667668f69a,merge_theta_ensemble.py,1,/lustre/home/users/ewu/vb_gcmc/MD/stage_theta_decom_88_L2L10_100fs_10ns_20260826
assets/library/collective_dynamics/cylindrical_helical_currents/88_10L_m0_rotation_diagnostic_2026-08-27/source/scripts/monitor_theta.py,1104,2026-08-26T11:05:39.393851+00:00,.py,assets,display_asset,26a4664fde5680461466205161e331bfb18329fe3f3f4d9f463c816d89cbf0f6,monitor_theta.py,1,/lustre/home/users/ewu/vb_gcmc/MD/stage_theta_decom_88_L2L10_100fs_10ns_20260826
assets/library/collective_dynamics/cylindrical_helical_currents/88_10L_m0_rotation_diagnostic_2026-08-27/source/scripts/plot_L2L5L10_vacf_exit_offset.py,2236,2026-08-27T08:05:32.330048+00:00,.py,assets,display_asset,012c5fa29ef2def6fb7ec2821c882253e0acae2ae064f53b971835b8b5ae5041,plot_L2L5L10_vacf_exit_offset.py,0,
assets/library/collective_dynamics/cylindrical_helical_currents/88_10L_m0_rotation_diagnostic_2026-08-27/source/scripts/plot_L2L5_vacf_kmin_Fs_mechanism.py,2487,2026-08-27T08:00:51.920837+00:00,.py,assets,display_asset,93ba4ce3cccffa701a349f32d6026886a0f3ab13ad885e0b80e2aebf5fb6090e,plot_L2L5_vacf_kmin_Fs_mechanism.py,0,
assets/library/collective_dynamics/cylindrical_helical_currents/88_10L_m0_rotation_diagnostic_2026-08-27/source/scripts/plot_Lz_vacf_positive_alpha.py,2954,2026-08-27T08:43:13.571340+00:00,.py,assets,display_asset,a8ed074491c12987fbd324dce86e7acd9daa156b04d8c6bde6ad801e8c10223b,plot_Lz_vacf_positive_alpha.py,0,
assets/library/collective_dynamics/cylindrical_helical_currents/88_10L_m0_rotation_diagnostic_2026-08-27/source/scripts/plot_axial_m0_modecoupling_screen.py,2158,2026-08-27T03:23:29.020668+00:00,.py,assets,display_asset,09daa905375f7d96606b7f8e0f75b31d66358a7c67eaca3ed17e15b88e6fa5f5,plot_axial_m0_modecoupling_screen.py,0,
assets/library/collective_dynamics/cylindrical_helical_currents/88_10L_m0_rotation_diagnostic_2026-08-27/source/scripts/plot_ct_theta_m0_kn.py,5509,2026-08-27T02:43:21.208540+00:00,.py,assets,display_asset,b4cb59dfe9d2ebf212373fa0bc32d9ed40b6be302ef04c803948d2e5e1135cdd,plot_ct_theta_m0_kn.py,0,
assets/library/collective_dynamics/cylindrical_helical_currents/88_10L_m0_rotation_diagnostic_2026-08-27/source/scripts/plot_ct_theta_m0_kn_acf.py,2766,2026-08-27T02:46:13.541420+00:00,.py,assets,display_asset,ec6a3bfed0671f81399c9767c06e2b081760d75173220b5f9bbd1a4749dd5d7e,plot_ct_theta_m0_kn_acf.py,0,
assets/library/collective_dynamics/cylindrical_helical_currents/88_10L_m0_rotation_diagnostic_2026-08-27/source/scripts/plot_lowk_m1_dynamic_projection.py,2400,2026-08-27T05:01:49.530975+00:00,.py,assets,display_asset,5ad435c493376fdf78ec7c00e609b07fbdda31008096370ae00ee0fe1b17b7a7,plot_lowk_m1_dynamic_projection.py,0,
assets/library/collective_dynamics/cylindrical_helical_currents/88_10L_m0_rotation_diagnostic_2026-08-27/source/scripts/plot_m0_n11n20_negative_lobe.py,2956,2026-08-27T05:30:10.432550+00:00,.py,assets,display_asset,d07bfa57f1f9e21a8cd8a531329edfd9c9eddcc06f2e5492acbb247f5870a773,plot_m0_n11n20_negative_lobe.py,0,
assets/library/collective_dynamics/cylindrical_helical_currents/88_10L_m0_rotation_diagnostic_2026-08-27/source/scripts/plot_m0_odd_even_5L10L_1x3.py,4983,2026-08-27T10:17:56.898712+00:00,.py,assets,display_asset,f319b99821bd815d20a2bb66841d5788f86338802b01460506a3f0e598c12582,plot_m0_odd_even_5L10L_1x3.py,0,
assets/library/collective_dynamics/cylindrical_helical_currents/88_10L_m0_rotation_diagnostic_2026-08-27/source/scripts/plot_m0_odd_even_counterfactual.py,2930,2026-08-27T05:18:28.862903+00:00,.py,assets,display_asset,3a6d53c0a37bb61bc34f1ff8c122120fc748262a98e61a7dc9c074be7fe719db,plot_m0_odd_even_counterfactual.py,0,
assets/library/collective_dynamics/cylindrical_helical_currents/88_10L_m0_rotation_diagnostic_2026-08-27/source/scripts/plot_native100fs_alpha_min_peak_dependence.py,8883,2026-08-27T09:28:07.911557+00:00,.py,assets,display_asset,96d1497415895c0028b5bd7f74377c13b6051a171185c8387c393780775368d1,plot_native100fs_alpha_min_peak_dependence.py,0,
assets/library/collective_dynamics/cylindrical_helical_currents/88_10L_m0_rotation_diagnostic_2026-08-27/source/scripts/plot_native100fs_k1_semilog_extrema.py,11900,2026-08-27T10:02:47.464368+00:00,.py,assets,display_asset,a94323672d8c4a66a6e02955dcf6b4c2a7506687389cd47e5be6c16205fc7b52,plot_native100fs_k1_semilog_extrema.py,0,
assets/library/collective_dynamics/cylindrical_helical_currents/88_10L_m0_rotation_diagnostic_2026-08-27/source/scripts/plot_paired_helical_tagged_vertex.py,2296,2026-08-27T04:44:25.582112+00:00,.py,assets,display_asset,10de05958144894d970a58e603595199cfcc1c6a05f6333316d314ca3f038673,plot_paired_helical_tagged_vertex.py,0,
assets/library/collective_dynamics/cylindrical_helical_currents/88_10L_m0_rotation_diagnostic_2026-08-27/source/scripts/plot_raw_vacf_alpha_realLz_100fs.py,11296,2026-08-27T08:58:19.707025+00:00,.py,assets,display_asset,21ccd390d5e02e3a69284e7c733efffba32d99c3474fe8e1320af7a0d629f863,plot_raw_vacf_alpha_realLz_100fs.py,0,
assets/library/collective_dynamics/cylindrical_helical_currents/88_10L_m0_rotation_diagnostic_2026-08-27/source/scripts/plot_tagged_collective_vertex_m0.py,2819,2026-08-27T04:35:40.337896+00:00,.py,assets,display_asset,75e970f706b53cc46f1b6530291d89e1d3dec7800efa1fe55dced8f5ddc044e5,plot_tagged_collective_vertex_m0.py,0,
assets/library/collective_dynamics/cylindrical_helical_currents/88_10L_m0_rotation_diagnostic_2026-08-27/source/scripts/plot_theta_hydro_closure_recheck.py,3339,2026-08-27T03:39:08.258999+00:00,.py,assets,display_asset,09a3da828fcba19623c549b72fb0ba54c57da0996c3e6b33fc1e840dd9fcc9b7,plot_theta_hydro_closure_recheck.py,0,
assets/library/collective_dynamics/cylindrical_helical_currents/88_10L_m0_rotation_diagnostic_2026-08-27/source/scripts/plot_theta_m0_factorization_m1m4.py,3425,2026-08-27T03:09:50.085881+00:00,.py,assets,display_asset,cc17fc665f3fe9e0165543b5d5a5586cae8de280be198110abb01ee5fde3ff18,plot_theta_m0_factorization_m1m4.py,0,
assets/library/collective_dynamics/cylindrical_helical_currents/88_10L_m0_rotation_diagnostic_2026-08-27/source/scripts/plot_unnormalized_cjj_static_screen.py,3855,2026-08-27T04:23:14.004920+00:00,.py,assets,display_asset,3cc02ac0631aadde2564d92ebb7aa871c176b2bd02ddd409cd1b797a42d3760b,plot_unnormalized_cjj_static_screen.py,0,
assets/library/collective_dynamics/cylindrical_helical_currents/88_10L_m0_rotation_diagnostic_2026-08-27/source/scripts/run_local_10L_88_memmap.ps1,1102,2026-08-27T01:20:09.197196+00:00,.ps1,assets,display_asset,35a7f1d1f54002c730193910fa0b56ba007fafa780a2f2a757f31ac45762b10e,run_local_10L_88_memmap.ps1,0,
assets/library/collective_dynamics/cylindrical_helical_currents/88_10L_m0_rotation_diagnostic_2026-08-27/source/scripts/run_merge_theta_ensemble.sh,434,2026-08-26T11:16:11.054290+00:00,.sh,assets,display_asset,a5a94cecdbd600b52a891e6dc3a8ee59c0d2ef71282cf62dbb06071a39769eb8,run_merge_theta_ensemble.sh,2,/lustre/home/users/ewu/.conda/envs/HB_analysis/bin/python | /lustre/home/users/ewu/vb_gcmc/MD/stage_theta_decom_88_L2L10_100fs_10ns_20260826
assets/library/collective_dynamics/cylindrical_helical_currents/88_10L_m0_rotation_diagnostic_2026-08-27/source/scripts/run_theta_rep.template.sh,768,2026-08-26T10:45:57.627578+00:00,.sh,assets,display_asset,e6b6074587257c15d8a2687a4e61d5da2d59408de8f3053c28be581199bf525e,run_theta_rep.template.sh,3,/lustre/home/users/ewu/.conda/envs/HB_analysis/bin/python | /lustre/home/users/ewu/vb_gcmc/MD/stage_theta_decom_88_L2L10_100fs_10ns_20260826 | /lustre/home/users/ewu/vb_gcmc/MD/stage_vacf_tail_8_8_L2L5_4rep_weaknh_nomom_10ns_100fs_20260821/__L__L/rep__R__/LONG_WEAKNH_NOMOM_8_8_L__L___rep__R___100fs_10ns.water_100fs_10ns.dump
assets/library/collective_dynamics/cylindrical_helical_currents/88_10L_m0_rotation_diagnostic_2026-08-27/source/scripts/submit_2L5L.sh,900,2026-08-26T09:34:11.684928+00:00,.sh,assets,display_asset,56b510c630e671494f3607f265d26e196d89601015ee47e28caa7e950338c25b,submit_2L5L.sh,0,
assets/library/collective_dynamics/cylindrical_helical_currents/88_10L_m0_rotation_diagnostic_2026-08-27/source/scripts/submit_final_parserfix.sh,812,2026-08-26T10:57:21.097450+00:00,.sh,assets,display_asset,62d96ab86bf0be521943c9a938d74b5c6a95c0418ec98f1fbb185db9dab3ffaf,submit_final_parserfix.sh,0,
assets/library/collective_dynamics/cylindrical_helical_currents/88_10L_m0_rotation_diagnostic_2026-08-27/source/scripts/submit_headerfix_resubmission.sh,838,2026-08-26T10:16:54.565244+00:00,.sh,assets,display_asset,9b6b54be70ca8fada9b804f84fde1991c6f120549b8126b96d6cd6f0eeb05dfa,submit_headerfix_resubmission.sh,0,
assets/library/collective_dynamics/cylindrical_helical_currents/88_10L_m0_rotation_diagnostic_2026-08-27/source/scripts/submit_resourcefix_resubmission.sh,878,2026-08-26T10:45:57.630576+00:00,.sh,assets,display_asset,0ded27d292d4a4d8ab28fae8a2e349b22dfb53c157037b4cbce007960156126a,submit_resourcefix_resubmission.sh,0,
assets/library/collective_dynamics/cylindrical_helical_currents/88_10L_m0_rotation_diagnostic_2026-08-27/source/scripts/summarize_axial_m0_nmax_convergence.py,2137,2026-08-27T03:26:36.805819+00:00,.py,assets,display_asset,47cf34e7ecdf081bacee7405b7b6354b4194c7d92fd176f7c0bd070c6cb427e1,summarize_axial_m0_nmax_convergence.py,0,
assets/library/collective_dynamics/cylindrical_helical_currents/88_10L_m0_weighted_factorization_m1m4_2026-08-27/source/scripts_stage/aggregate_m0_rotation_oxygen_stride.py,6660,2026-08-27T01:45:52.458535+00:00,.py,assets,display_asset,5fc5270bde9dccf4909292afa4e6f3cf2bf1d62c626e1f63f10226696f240097,aggregate_m0_rotation_oxygen_stride.py,0,
assets/library/collective_dynamics/cylindrical_helical_currents/88_10L_m0_weighted_factorization_m1m4_2026-08-27/source/scripts_stage/aggregate_relative_angular_current.py,5349,2026-08-27T02:23:59.140612+00:00,.py,assets,display_asset,a029299a40315f07b9b2f8c76e66edbf4fb0f3a3cbb0ef37bc9258b5b417608a,aggregate_relative_angular_current.py,0,
assets/library/collective_dynamics/cylindrical_helical_currents/88_10L_m0_weighted_factorization_m1m4_2026-08-27/source/scripts_stage/analyze_L2L5L10_vacf_exit_offset.py,3584,2026-08-27T08:05:32.298044+00:00,.py,assets,display_asset,ff100c539ae8ddf93fbd9b861660472e0e70ab9711cbf4190ab10d353f29d1ac,analyze_L2L5L10_vacf_exit_offset.py,0,
assets/library/collective_dynamics/cylindrical_helical_currents/88_10L_m0_weighted_factorization_m1m4_2026-08-27/source/scripts_stage/analyze_L2L5_vacf_kmin_Fs_mechanism.py,4896,2026-08-27T08:00:51.907393+00:00,.py,assets,display_asset,80c235ce6283f17391793fcdeb187fbb14b16fc45f8505e9bfea6f7ad4292a86,analyze_L2L5_vacf_kmin_Fs_mechanism.py,0,
assets/library/collective_dynamics/cylindrical_helical_currents/88_10L_m0_weighted_factorization_m1m4_2026-08-27/source/scripts_stage/analyze_Lz_vacf_positive_alpha.py,5983,2026-08-27T08:42:13.470220+00:00,.py,assets,display_asset,faa881e801c99a31d4a5fe9fa5e6b2c21e1d808b543ce48406e796f3d528c62a,analyze_Lz_vacf_positive_alpha.py,0,
assets/library/collective_dynamics/cylindrical_helical_currents/88_10L_m0_weighted_factorization_m1m4_2026-08-27/source/scripts_stage/analyze_alpha_z_rebound_peak_100fs.py,7901,2026-08-27T09:11:55.314903+00:00,.py,assets,display_asset,c076c17b09528c4c84ce0bed521966ddb5aaf86cd755365069fb8c841600715b,analyze_alpha_z_rebound_peak_100fs.py,0,
assets/library/collective_dynamics/cylindrical_helical_currents/88_10L_m0_weighted_factorization_m1m4_2026-08-27/source/scripts_stage/analyze_axial_m0_modecoupling_screen.py,6778,2026-08-27T03:18:23.339603+00:00,.py,assets,display_asset,61316f46347e78d45a3caf4ac0d81095d5afd0d77a2bdf2d046f33d14376330d,analyze_axial_m0_modecoupling_screen.py,0,
assets/library/collective_dynamics/cylindrical_helical_currents/88_10L_m0_weighted_factorization_m1m4_2026-08-27/source/scripts_stage/analyze_ct_theta_m0_kn.py,8293,2026-08-27T02:35:53.708393+00:00,.py,assets,display_asset,761888309bbec6a0645e4905c5b35746043687f0479fcd45095b5a9a949c8513,analyze_ct_theta_m0_kn.py,0,
assets/library/collective_dynamics/cylindrical_helical_currents/88_10L_m0_weighted_factorization_m1m4_2026-08-27/source/scripts_stage/analyze_ct_theta_m0_kn_acf.py,3774,2026-08-27T02:46:13.537416+00:00,.py,assets,display_asset,a31bf5f3658a62e4e720f44b5cc52c3fa784aa53e57dc4beedfd05f028fe8ae8,analyze_ct_theta_m0_kn_acf.py,0,
assets/library/collective_dynamics/cylindrical_helical_currents/88_10L_m0_weighted_factorization_m1m4_2026-08-27/source/scripts_stage/analyze_helical_self_isf_k1.py,12931,2026-08-27T10:34:51.765177+00:00,.py,assets,display_asset,c3a7e393cfa7d1d7fd5b47d86fb322dc6b45b7115a4cc581d8bcabe186e7bb95,analyze_helical_self_isf_k1.py,0,
assets/library/collective_dynamics/cylindrical_helical_currents/88_10L_m0_weighted_factorization_m1m4_2026-08-27/source/scripts_stage/analyze_lowk_m1_dynamic_projection.py,6972,2026-08-27T04:50:28.957035+00:00,.py,assets,display_asset,d538fc1a6d691ed232e9571324d3478d47d68d179f3a07ec56408dfb5e1fd881,analyze_lowk_m1_dynamic_projection.py,0,
assets/library/collective_dynamics/cylindrical_helical_currents/88_10L_m0_weighted_factorization_m1m4_2026-08-27/source/scripts_stage/analyze_m0_n11n20_negative_lobe.py,7824,2026-08-27T05:25:07.194449+00:00,.py,assets,display_asset,27fc41aec2ccace6118508b3452b3bc786cbd2edce08df89f3a264631fc99a1c,analyze_m0_n11n20_negative_lobe.py,0,
assets/library/collective_dynamics/cylindrical_helical_currents/88_10L_m0_weighted_factorization_m1m4_2026-08-27/source/scripts_stage/analyze_m0_odd_even_counterfactual.py,5483,2026-08-27T05:18:47.297569+00:00,.py,assets,display_asset,c1823d2c37b317126bbaba4d04dd9d44e60d95b016f73bf80b20c61c7e897fc3,analyze_m0_odd_even_counterfactual.py,0,
assets/library/collective_dynamics/cylindrical_helical_currents/88_10L_m0_weighted_factorization_m1m4_2026-08-27/source/scripts_stage/analyze_m0_rotation_oxygen_stride.py,9440,2026-08-27T01:27:55.541949+00:00,.py,assets,display_asset,bbbbe8eb7a09365e8e98ee1857f5a2422c70cf2ab0ca4b3313379adfd7c5d44f,analyze_m0_rotation_oxygen_stride.py,0,
assets/library/collective_dynamics/cylindrical_helical_currents/88_10L_m0_weighted_factorization_m1m4_2026-08-27/source/scripts_stage/analyze_relative_angular_current_stride.py,7308,2026-08-27T01:59:06.208071+00:00,.py,assets,display_asset,b702f13ca22c0b73282d37c55f99e2354f0fb6b52320124dfa75713a6c90ad9a,analyze_relative_angular_current_stride.py,0,
assets/library/collective_dynamics/cylindrical_helical_currents/88_10L_m0_weighted_factorization_m1m4_2026-08-27/source/scripts_stage/analyze_smallm_polarization_lifetime.py,4343,2026-08-27T03:33:49.673781+00:00,.py,assets,display_asset,b669dc5ba4bd91d4fe7f6cb6c4b93e8629b8a08ee79694fefa7675ae30aba28d,analyze_smallm_polarization_lifetime.py,0,
assets/library/collective_dynamics/cylindrical_helical_currents/88_10L_m0_weighted_factorization_m1m4_2026-08-27/source/scripts_stage/analyze_tagged_collective_vertex_m0.py,8568,2026-08-27T04:31:30.591889+00:00,.py,assets,display_asset,c484f4df67101151ccf8f457230b345b1f30ad241ea229b2335afebe21299595,analyze_tagged_collective_vertex_m0.py,0,
assets/library/collective_dynamics/cylindrical_helical_currents/88_10L_m0_weighted_factorization_m1m4_2026-08-27/source/scripts_stage/analyze_tagged_collective_vertex_mixed_pairs.py,5883,2026-08-27T04:39:56.272916+00:00,.py,assets,display_asset,7dfe72108dac78f2b63bd2d0c17ff33219142ef7f1ab2dd5fee0750ca18afa3c,analyze_tagged_collective_vertex_mixed_pairs.py,0,
assets/library/collective_dynamics/cylindrical_helical_currents/88_10L_m0_weighted_factorization_m1m4_2026-08-27/source/scripts_stage/analyze_theta_m0_factorization_m1m4.py,9457,2026-08-27T02:59:51.253649+00:00,.py,assets,display_asset,582bf28566a333e990b7841a9910ee5cad5b2cef48bd5397e2685d5d921a721d,analyze_theta_m0_factorization_m1m4.py,0,
assets/library/collective_dynamics/cylindrical_helical_currents/88_10L_m0_weighted_factorization_m1m4_2026-08-27/source/scripts_stage/analyze_theta_rep.py,8952,2026-08-26T10:56:44.361490+00:00,.py,assets,display_asset,3553aca28fbd9defaea6c13e15a78e960c582258ab163a2c22802201a386ba95,analyze_theta_rep.py,0,
assets/library/collective_dynamics/cylindrical_helical_currents/88_10L_m0_weighted_factorization_m1m4_2026-08-27/source/scripts_stage/analyze_theta_rep_memmap.py,12135,2026-08-27T01:25:01.943863+00:00,.py,assets,display_asset,8ce64a54e204e609ff9c3706f825e3da18954539d842d303a2d26a6902817165,analyze_theta_rep_memmap.py,0,
assets/library/collective_dynamics/cylindrical_helical_currents/88_10L_m0_weighted_factorization_m1m4_2026-08-27/source/scripts_stage/analyze_unnormalized_cjj_static_screen.py,9908,2026-08-27T04:21:19.451155+00:00,.py,assets,display_asset,3a8748fbd4b31982b043c91e789b646c51aac8f4200437bee1510d5e348978cd,analyze_unnormalized_cjj_static_screen.py,0,
assets/library/collective_dynamics/cylindrical_helical_currents/88_10L_m0_weighted_factorization_m1m4_2026-08-27/source/scripts_stage/analyze_viscoelastic_mixed_band.py,8120,2026-08-27T03:44:45.576220+00:00,.py,assets,display_asset,6da0937e6b7bdd80cbd557ddf0720a9942d84dc26b9526eb43f510240a6060c8,analyze_viscoelastic_mixed_band.py,0,
assets/library/collective_dynamics/cylindrical_helical_currents/88_10L_m0_weighted_factorization_m1m4_2026-08-27/source/scripts_stage/audit_alpha_exponential_source_10fs.py,7976,2026-08-27T09:21:36.521298+00:00,.py,assets,display_asset,d6aeb8a50173f55ed6a371853ce1e881b61b361f6af1a5baa073322bf6be1040,audit_alpha_exponential_source_10fs.py,0,
assets/library/collective_dynamics/cylindrical_helical_currents/88_10L_m0_weighted_factorization_m1m4_2026-08-27/source/scripts_stage/check_fullwater_header.py,954,2026-08-26T10:56:44.365491+00:00,.py,assets,display_asset,6d8e4f7e52289e55a0a02301f8b7462e56933ab051a1f9964b7871190a0d1c50,check_fullwater_header.py,0,
assets/library/collective_dynamics/cylindrical_helical_currents/88_10L_m0_weighted_factorization_m1m4_2026-08-27/source/scripts_stage/check_merge.py,681,2026-08-26T11:25:44.604849+00:00,.py,assets,display_asset,f857b32cb22718ff95dbae4c1acd0dfc2a72ac02da25b5ec334cef2ccc7626d1,check_merge.py,1,/lustre/home/users/ewu/vb_gcmc/MD/stage_theta_decom_88_L2L10_100fs_10ns_20260826
assets/library/collective_dynamics/cylindrical_helical_currents/88_10L_m0_weighted_factorization_m1m4_2026-08-27/source/scripts_stage/check_remote_parser.py,593,2026-08-26T10:56:06.752485+00:00,.py,assets,display_asset,f7874759a598c1244c091e33898625e0553862c438bbe6ca1d52f73ac8884e20,check_remote_parser.py,1,/lustre/home/users/ewu/vb_gcmc/MD/stage_theta_decom_88_L2L10_100fs_10ns_20260826/analyze_theta_rep.py
assets/library/collective_dynamics/cylindrical_helical_currents/88_10L_m0_weighted_factorization_m1m4_2026-08-27/source/scripts_stage/check_sources.py,1417,2026-08-26T09:31:26.800121+00:00,.py,assets,display_asset,e53c41d43203e63df311fd1e61e5cb20537e8be83c74b2abdab7986a3e06eb0a,check_sources.py,3,/lustre/home/users/ewu/vb_gcmc/MD | /lustre/home/users/ewu/vb_gcmc/MD/stage_vacf_tail_8_8_L2L5_4rep_weaknh_nomom_10ns_100fs_20260821 | /lustre/home/users/ewu/vb_gcmc/MD/viscfric_length_all_chirality_RH75_20260806/long_weakNH_nomom_10L_100fs_10ns_3rep_20260806
assets/library/collective_dynamics/cylindrical_helical_currents/88_10L_m0_weighted_factorization_m1m4_2026-08-27/source/scripts_stage/compare_alpha_min_saturation_models.py,6125,2026-08-27T09:05:32.937101+00:00,.py,assets,display_asset,b6f7d2e299f5f9f408c324da65e8005caa52820ba27220cc30120a593e51c3d6,compare_alpha_min_saturation_models.py,0,
assets/library/collective_dynamics/cylindrical_helical_currents/88_10L_m0_weighted_factorization_m1m4_2026-08-27/source/scripts_stage/finalize_viscoelastic_mixed_band.py,3633,2026-08-27T03:53:42.363371+00:00,.py,assets,display_asset,cc00a7ede78d2d66c01b5f8bb317557f2ddcdf6babf481717a8380750194560e,finalize_viscoelastic_mixed_band.py,0,
assets/library/collective_dynamics/cylindrical_helical_currents/88_10L_m0_weighted_factorization_m1m4_2026-08-27/source/scripts_stage/fit_axial_lowk_hydro_component.py,3169,2026-08-27T03:22:45.149660+00:00,.py,assets,display_asset,f090394696507c6b0facc3b698023b224466e1f31957a9a51a26e215c69cbc2f,fit_axial_lowk_hydro_component.py,0,
assets/library/collective_dynamics/cylindrical_helical_currents/88_10L_m0_weighted_factorization_m1m4_2026-08-27/source/scripts_stage/fit_axial_lowk_hydro_component_nmax.py,3357,2026-08-27T03:25:20.859219+00:00,.py,assets,display_asset,95f29d89622ac4e5223f3723468ea2b5ddce23a9b8dab0940d5ada09e1cdd824,fit_axial_lowk_hydro_component_nmax.py,0,
assets/library/collective_dynamics/cylindrical_helical_currents/88_10L_m0_weighted_factorization_m1m4_2026-08-27/source/scripts_stage/fit_theta_m0_hydro_component.py,3389,2026-08-27T03:32:25.713431+00:00,.py,assets,display_asset,7a8c62de70d2eb87d14993c5603de586c87363a546198a0d8292373457a63445,fit_theta_m0_hydro_component.py,0,
assets/library/collective_dynamics/cylindrical_helical_currents/88_10L_m0_weighted_factorization_m1m4_2026-08-27/source/scripts_stage/merge_theta_ensemble.py,3577,2026-08-26T11:16:11.050288+00:00,.py,assets,display_asset,d2bea8aa59d143fc5bb6eb227a33ac7cb4734bab05e7036e037f6f667668f69a,merge_theta_ensemble.py,1,/lustre/home/users/ewu/vb_gcmc/MD/stage_theta_decom_88_L2L10_100fs_10ns_20260826
assets/library/collective_dynamics/cylindrical_helical_currents/88_10L_m0_weighted_factorization_m1m4_2026-08-27/source/scripts_stage/monitor_theta.py,1104,2026-08-26T11:05:39.393851+00:00,.py,assets,display_asset,26a4664fde5680461466205161e331bfb18329fe3f3f4d9f463c816d89cbf0f6,monitor_theta.py,1,/lustre/home/users/ewu/vb_gcmc/MD/stage_theta_decom_88_L2L10_100fs_10ns_20260826
assets/library/collective_dynamics/cylindrical_helical_currents/88_10L_m0_weighted_factorization_m1m4_2026-08-27/source/scripts_stage/plot_L2L5L10_vacf_exit_offset.py,2236,2026-08-27T08:05:32.330048+00:00,.py,assets,display_asset,012c5fa29ef2def6fb7ec2821c882253e0acae2ae064f53b971835b8b5ae5041,plot_L2L5L10_vacf_exit_offset.py,0,
assets/library/collective_dynamics/cylindrical_helical_currents/88_10L_m0_weighted_factorization_m1m4_2026-08-27/source/scripts_stage/plot_L2L5_vacf_kmin_Fs_mechanism.py,2487,2026-08-27T08:00:51.920837+00:00,.py,assets,display_asset,93ba4ce3cccffa701a349f32d6026886a0f3ab13ad885e0b80e2aebf5fb6090e,plot_L2L5_vacf_kmin_Fs_mechanism.py,0,
assets/library/collective_dynamics/cylindrical_helical_currents/88_10L_m0_weighted_factorization_m1m4_2026-08-27/source/scripts_stage/plot_Lz_vacf_positive_alpha.py,2954,2026-08-27T08:43:13.571340+00:00,.py,assets,display_asset,a8ed074491c12987fbd324dce86e7acd9daa156b04d8c6bde6ad801e8c10223b,plot_Lz_vacf_positive_alpha.py,0,
assets/library/collective_dynamics/cylindrical_helical_currents/88_10L_m0_weighted_factorization_m1m4_2026-08-27/source/scripts_stage/plot_axial_m0_modecoupling_screen.py,2158,2026-08-27T03:23:29.020668+00:00,.py,assets,display_asset,09daa905375f7d96606b7f8e0f75b31d66358a7c67eaca3ed17e15b88e6fa5f5,plot_axial_m0_modecoupling_screen.py,0,
assets/library/collective_dynamics/cylindrical_helical_currents/88_10L_m0_weighted_factorization_m1m4_2026-08-27/source/scripts_stage/plot_ct_theta_m0_kn.py,5509,2026-08-27T02:43:21.208540+00:00,.py,assets,display_asset,b4cb59dfe9d2ebf212373fa0bc32d9ed40b6be302ef04c803948d2e5e1135cdd,plot_ct_theta_m0_kn.py,0,
assets/library/collective_dynamics/cylindrical_helical_currents/88_10L_m0_weighted_factorization_m1m4_2026-08-27/source/scripts_stage/plot_ct_theta_m0_kn_acf.py,2766,2026-08-27T02:46:13.541420+00:00,.py,assets,display_asset,ec6a3bfed0671f81399c9767c06e2b081760d75173220b5f9bbd1a4749dd5d7e,plot_ct_theta_m0_kn_acf.py,0,
assets/library/collective_dynamics/cylindrical_helical_currents/88_10L_m0_weighted_factorization_m1m4_2026-08-27/source/scripts_stage/plot_lowk_m1_dynamic_projection.py,2400,2026-08-27T05:01:49.530975+00:00,.py,assets,display_asset,5ad435c493376fdf78ec7c00e609b07fbdda31008096370ae00ee0fe1b17b7a7,plot_lowk_m1_dynamic_projection.py,0,
assets/library/collective_dynamics/cylindrical_helical_currents/88_10L_m0_weighted_factorization_m1m4_2026-08-27/source/scripts_stage/plot_m0_n11n20_negative_lobe.py,2956,2026-08-27T05:30:10.432550+00:00,.py,assets,display_asset,d07bfa57f1f9e21a8cd8a531329edfd9c9eddcc06f2e5492acbb247f5870a773,plot_m0_n11n20_negative_lobe.py,0,
assets/library/collective_dynamics/cylindrical_helical_currents/88_10L_m0_weighted_factorization_m1m4_2026-08-27/source/scripts_stage/plot_m0_odd_even_5L10L_1x3.py,4983,2026-08-27T10:17:56.898712+00:00,.py,assets,display_asset,f319b99821bd815d20a2bb66841d5788f86338802b01460506a3f0e598c12582,plot_m0_odd_even_5L10L_1x3.py,0,
assets/library/collective_dynamics/cylindrical_helical_currents/88_10L_m0_weighted_factorization_m1m4_2026-08-27/source/scripts_stage/plot_m0_odd_even_counterfactual.py,2930,2026-08-27T05:18:28.862903+00:00,.py,assets,display_asset,3a6d53c0a37bb61bc34f1ff8c122120fc748262a98e61a7dc9c074be7fe719db,plot_m0_odd_even_counterfactual.py,0,
assets/library/collective_dynamics/cylindrical_helical_currents/88_10L_m0_weighted_factorization_m1m4_2026-08-27/source/scripts_stage/plot_native100fs_alpha_min_peak_dependence.py,8883,2026-08-27T09:28:07.911557+00:00,.py,assets,display_asset,96d1497415895c0028b5bd7f74377c13b6051a171185c8387c393780775368d1,plot_native100fs_alpha_min_peak_dependence.py,0,
assets/library/collective_dynamics/cylindrical_helical_currents/88_10L_m0_weighted_factorization_m1m4_2026-08-27/source/scripts_stage/plot_native100fs_k1_semilog_extrema.py,11900,2026-08-27T10:02:47.464368+00:00,.py,assets,display_asset,a94323672d8c4a66a6e02955dcf6b4c2a7506687389cd47e5be6c16205fc7b52,plot_native100fs_k1_semilog_extrema.py,0,
assets/library/collective_dynamics/cylindrical_helical_currents/88_10L_m0_weighted_factorization_m1m4_2026-08-27/source/scripts_stage/plot_paired_helical_tagged_vertex.py,2296,2026-08-27T04:44:25.582112+00:00,.py,assets,display_asset,10de05958144894d970a58e603595199cfcc1c6a05f6333316d314ca3f038673,plot_paired_helical_tagged_vertex.py,0,
assets/library/collective_dynamics/cylindrical_helical_currents/88_10L_m0_weighted_factorization_m1m4_2026-08-27/source/scripts_stage/plot_raw_vacf_alpha_realLz_100fs.py,11296,2026-08-27T08:58:19.707025+00:00,.py,assets,display_asset,21ccd390d5e02e3a69284e7c733efffba32d99c3474fe8e1320af7a0d629f863,plot_raw_vacf_alpha_realLz_100fs.py,0,
assets/library/collective_dynamics/cylindrical_helical_currents/88_10L_m0_weighted_factorization_m1m4_2026-08-27/source/scripts_stage/plot_tagged_collective_vertex_m0.py,2819,2026-08-27T04:35:40.337896+00:00,.py,assets,display_asset,75e970f706b53cc46f1b6530291d89e1d3dec7800efa1fe55dced8f5ddc044e5,plot_tagged_collective_vertex_m0.py,0,
assets/library/collective_dynamics/cylindrical_helical_currents/88_10L_m0_weighted_factorization_m1m4_2026-08-27/source/scripts_stage/plot_theta_hydro_closure_recheck.py,3339,2026-08-27T03:39:08.258999+00:00,.py,assets,display_asset,09a3da828fcba19623c549b72fb0ba54c57da0996c3e6b33fc1e840dd9fcc9b7,plot_theta_hydro_closure_recheck.py,0,
assets/library/collective_dynamics/cylindrical_helical_currents/88_10L_m0_weighted_factorization_m1m4_2026-08-27/source/scripts_stage/plot_theta_m0_factorization_m1m4.py,3425,2026-08-27T03:09:50.085881+00:00,.py,assets,display_asset,cc17fc665f3fe9e0165543b5d5a5586cae8de280be198110abb01ee5fde3ff18,plot_theta_m0_factorization_m1m4.py,0,
assets/library/collective_dynamics/cylindrical_helical_currents/88_10L_m0_weighted_factorization_m1m4_2026-08-27/source/scripts_stage/plot_unnormalized_cjj_static_screen.py,3855,2026-08-27T04:23:14.004920+00:00,.py,assets,display_asset,3cc02ac0631aadde2564d92ebb7aa871c176b2bd02ddd409cd1b797a42d3760b,plot_unnormalized_cjj_static_screen.py,0,
assets/library/collective_dynamics/cylindrical_helical_currents/88_10L_m0_weighted_factorization_m1m4_2026-08-27/source/scripts_stage/run_local_10L_88_memmap.ps1,1102,2026-08-27T01:20:09.197196+00:00,.ps1,assets,display_asset,35a7f1d1f54002c730193910fa0b56ba007fafa780a2f2a757f31ac45762b10e,run_local_10L_88_memmap.ps1,0,
assets/library/collective_dynamics/cylindrical_helical_currents/88_10L_m0_weighted_factorization_m1m4_2026-08-27/source/scripts_stage/run_merge_theta_ensemble.sh,434,2026-08-26T11:16:11.054290+00:00,.sh,assets,display_asset,a5a94cecdbd600b52a891e6dc3a8ee59c0d2ef71282cf62dbb06071a39769eb8,run_merge_theta_ensemble.sh,2,/lustre/home/users/ewu/.conda/envs/HB_analysis/bin/python | /lustre/home/users/ewu/vb_gcmc/MD/stage_theta_decom_88_L2L10_100fs_10ns_20260826
assets/library/collective_dynamics/cylindrical_helical_currents/88_10L_m0_weighted_factorization_m1m4_2026-08-27/source/scripts_stage/run_theta_rep.template.sh,768,2026-08-26T10:45:57.627578+00:00,.sh,assets,display_asset,e6b6074587257c15d8a2687a4e61d5da2d59408de8f3053c28be581199bf525e,run_theta_rep.template.sh,3,/lustre/home/users/ewu/.conda/envs/HB_analysis/bin/python | /lustre/home/users/ewu/vb_gcmc/MD/stage_theta_decom_88_L2L10_100fs_10ns_20260826 | /lustre/home/users/ewu/vb_gcmc/MD/stage_vacf_tail_8_8_L2L5_4rep_weaknh_nomom_10ns_100fs_20260821/__L__L/rep__R__/LONG_WEAKNH_NOMOM_8_8_L__L___rep__R___100fs_10ns.water_100fs_10ns.dump
assets/library/collective_dynamics/cylindrical_helical_currents/88_10L_m0_weighted_factorization_m1m4_2026-08-27/source/scripts_stage/submit_2L5L.sh,900,2026-08-26T09:34:11.684928+00:00,.sh,assets,display_asset,56b510c630e671494f3607f265d26e196d89601015ee47e28caa7e950338c25b,submit_2L5L.sh,0,
assets/library/collective_dynamics/cylindrical_helical_currents/88_10L_m0_weighted_factorization_m1m4_2026-08-27/source/scripts_stage/submit_final_parserfix.sh,812,2026-08-26T10:57:21.097450+00:00,.sh,assets,display_asset,62d96ab86bf0be521943c9a938d74b5c6a95c0418ec98f1fbb185db9dab3ffaf,submit_final_parserfix.sh,0,
assets/library/collective_dynamics/cylindrical_helical_currents/88_10L_m0_weighted_factorization_m1m4_2026-08-27/source/scripts_stage/submit_headerfix_resubmission.sh,838,2026-08-26T10:16:54.565244+00:00,.sh,assets,display_asset,9b6b54be70ca8fada9b804f84fde1991c6f120549b8126b96d6cd6f0eeb05dfa,submit_headerfix_resubmission.sh,0,
assets/library/collective_dynamics/cylindrical_helical_currents/88_10L_m0_weighted_factorization_m1m4_2026-08-27/source/scripts_stage/submit_resourcefix_resubmission.sh,878,2026-08-26T10:45:57.630576+00:00,.sh,assets,display_asset,0ded27d292d4a4d8ab28fae8a2e349b22dfb53c157037b4cbce007960156126a,submit_resourcefix_resubmission.sh,0,
assets/library/collective_dynamics/cylindrical_helical_currents/88_10L_m0_weighted_factorization_m1m4_2026-08-27/source/scripts_stage/summarize_axial_m0_nmax_convergence.py,2137,2026-08-27T03:26:36.805819+00:00,.py,assets,display_asset,47cf34e7ecdf081bacee7405b7b6354b4194c7d92fd176f7c0bd070c6cb427e1,summarize_axial_m0_nmax_convergence.py,0,
assets/library/collective_dynamics/cylindrical_helical_currents/88_10L_nm_screen_2026-08-27/source/scripts/analyze_88_10L_helical_cylindrical_currents.py,17338,2026-08-26T23:55:58.911366+00:00,.py,assets,display_asset,db78890481c22f44fe37c644dd982a90c981febf54f181b241a43ceaf5d4c5d9,analyze_88_10L_helical_cylindrical_currents.py,0,
assets/library/collective_dynamics/cylindrical_helical_currents/88_10L_relative_angular_current_m1m4_2026-08-27/source/scripts/aggregate_m0_rotation_oxygen_stride.py,6660,2026-08-27T01:45:52.458535+00:00,.py,assets,display_asset,5fc5270bde9dccf4909292afa4e6f3cf2bf1d62c626e1f63f10226696f240097,aggregate_m0_rotation_oxygen_stride.py,0,
assets/library/collective_dynamics/cylindrical_helical_currents/88_10L_relative_angular_current_m1m4_2026-08-27/source/scripts/aggregate_relative_angular_current.py,5349,2026-08-27T02:23:59.140612+00:00,.py,assets,display_asset,a029299a40315f07b9b2f8c76e66edbf4fb0f3a3cbb0ef37bc9258b5b417608a,aggregate_relative_angular_current.py,0,
assets/library/collective_dynamics/cylindrical_helical_currents/88_10L_relative_angular_current_m1m4_2026-08-27/source/scripts/analyze_L2L5L10_vacf_exit_offset.py,3584,2026-08-27T08:05:32.298044+00:00,.py,assets,display_asset,ff100c539ae8ddf93fbd9b861660472e0e70ab9711cbf4190ab10d353f29d1ac,analyze_L2L5L10_vacf_exit_offset.py,0,
assets/library/collective_dynamics/cylindrical_helical_currents/88_10L_relative_angular_current_m1m4_2026-08-27/source/scripts/analyze_L2L5_vacf_kmin_Fs_mechanism.py,4896,2026-08-27T08:00:51.907393+00:00,.py,assets,display_asset,80c235ce6283f17391793fcdeb187fbb14b16fc45f8505e9bfea6f7ad4292a86,analyze_L2L5_vacf_kmin_Fs_mechanism.py,0,
assets/library/collective_dynamics/cylindrical_helical_currents/88_10L_relative_angular_current_m1m4_2026-08-27/source/scripts/analyze_Lz_vacf_positive_alpha.py,5983,2026-08-27T08:42:13.470220+00:00,.py,assets,display_asset,faa881e801c99a31d4a5fe9fa5e6b2c21e1d808b543ce48406e796f3d528c62a,analyze_Lz_vacf_positive_alpha.py,0,
assets/library/collective_dynamics/cylindrical_helical_currents/88_10L_relative_angular_current_m1m4_2026-08-27/source/scripts/analyze_alpha_z_rebound_peak_100fs.py,7901,2026-08-27T09:11:55.314903+00:00,.py,assets,display_asset,c076c17b09528c4c84ce0bed521966ddb5aaf86cd755365069fb8c841600715b,analyze_alpha_z_rebound_peak_100fs.py,0,
assets/library/collective_dynamics/cylindrical_helical_currents/88_10L_relative_angular_current_m1m4_2026-08-27/source/scripts/analyze_axial_m0_modecoupling_screen.py,6778,2026-08-27T03:18:23.339603+00:00,.py,assets,display_asset,61316f46347e78d45a3caf4ac0d81095d5afd0d77a2bdf2d046f33d14376330d,analyze_axial_m0_modecoupling_screen.py,0,
assets/library/collective_dynamics/cylindrical_helical_currents/88_10L_relative_angular_current_m1m4_2026-08-27/source/scripts/analyze_ct_theta_m0_kn.py,8293,2026-08-27T02:35:53.708393+00:00,.py,assets,display_asset,761888309bbec6a0645e4905c5b35746043687f0479fcd45095b5a9a949c8513,analyze_ct_theta_m0_kn.py,0,
assets/library/collective_dynamics/cylindrical_helical_currents/88_10L_relative_angular_current_m1m4_2026-08-27/source/scripts/analyze_ct_theta_m0_kn_acf.py,3774,2026-08-27T02:46:13.537416+00:00,.py,assets,display_asset,a31bf5f3658a62e4e720f44b5cc52c3fa784aa53e57dc4beedfd05f028fe8ae8,analyze_ct_theta_m0_kn_acf.py,0,
assets/library/collective_dynamics/cylindrical_helical_currents/88_10L_relative_angular_current_m1m4_2026-08-27/source/scripts/analyze_helical_self_isf_k1.py,12931,2026-08-27T10:34:51.765177+00:00,.py,assets,display_asset,c3a7e393cfa7d1d7fd5b47d86fb322dc6b45b7115a4cc581d8bcabe186e7bb95,analyze_helical_self_isf_k1.py,0,
assets/library/collective_dynamics/cylindrical_helical_currents/88_10L_relative_angular_current_m1m4_2026-08-27/source/scripts/analyze_lowk_m1_dynamic_projection.py,6972,2026-08-27T04:50:28.957035+00:00,.py,assets,display_asset,d538fc1a6d691ed232e9571324d3478d47d68d179f3a07ec56408dfb5e1fd881,analyze_lowk_m1_dynamic_projection.py,0,
assets/library/collective_dynamics/cylindrical_helical_currents/88_10L_relative_angular_current_m1m4_2026-08-27/source/scripts/analyze_m0_n11n20_negative_lobe.py,7824,2026-08-27T05:25:07.194449+00:00,.py,assets,display_asset,27fc41aec2ccace6118508b3452b3bc786cbd2edce08df89f3a264631fc99a1c,analyze_m0_n11n20_negative_lobe.py,0,
assets/library/collective_dynamics/cylindrical_helical_currents/88_10L_relative_angular_current_m1m4_2026-08-27/source/scripts/analyze_m0_odd_even_counterfactual.py,5483,2026-08-27T05:18:47.297569+00:00,.py,assets,display_asset,c1823d2c37b317126bbaba4d04dd9d44e60d95b016f73bf80b20c61c7e897fc3,analyze_m0_odd_even_counterfactual.py,0,
assets/library/collective_dynamics/cylindrical_helical_currents/88_10L_relative_angular_current_m1m4_2026-08-27/source/scripts/analyze_m0_rotation_oxygen_stride.py,9440,2026-08-27T01:27:55.541949+00:00,.py,assets,display_asset,bbbbe8eb7a09365e8e98ee1857f5a2422c70cf2ab0ca4b3313379adfd7c5d44f,analyze_m0_rotation_oxygen_stride.py,0,
assets/library/collective_dynamics/cylindrical_helical_currents/88_10L_relative_angular_current_m1m4_2026-08-27/source/scripts/analyze_relative_angular_current_stride.py,7308,2026-08-27T01:59:06.208071+00:00,.py,assets,display_asset,b702f13ca22c0b73282d37c55f99e2354f0fb6b52320124dfa75713a6c90ad9a,analyze_relative_angular_current_stride.py,0,
assets/library/collective_dynamics/cylindrical_helical_currents/88_10L_relative_angular_current_m1m4_2026-08-27/source/scripts/analyze_smallm_polarization_lifetime.py,4343,2026-08-27T03:33:49.673781+00:00,.py,assets,display_asset,b669dc5ba4bd91d4fe7f6cb6c4b93e8629b8a08ee79694fefa7675ae30aba28d,analyze_smallm_polarization_lifetime.py,0,
assets/library/collective_dynamics/cylindrical_helical_currents/88_10L_relative_angular_current_m1m4_2026-08-27/source/scripts/analyze_tagged_collective_vertex_m0.py,8568,2026-08-27T04:31:30.591889+00:00,.py,assets,display_asset,c484f4df67101151ccf8f457230b345b1f30ad241ea229b2335afebe21299595,analyze_tagged_collective_vertex_m0.py,0,
assets/library/collective_dynamics/cylindrical_helical_currents/88_10L_relative_angular_current_m1m4_2026-08-27/source/scripts/analyze_tagged_collective_vertex_mixed_pairs.py,5883,2026-08-27T04:39:56.272916+00:00,.py,assets,display_asset,7dfe72108dac78f2b63bd2d0c17ff33219142ef7f1ab2dd5fee0750ca18afa3c,analyze_tagged_collective_vertex_mixed_pairs.py,0,
assets/library/collective_dynamics/cylindrical_helical_currents/88_10L_relative_angular_current_m1m4_2026-08-27/source/scripts/analyze_theta_m0_factorization_m1m4.py,9457,2026-08-27T02:59:51.253649+00:00,.py,assets,display_asset,582bf28566a333e990b7841a9910ee5cad5b2cef48bd5397e2685d5d921a721d,analyze_theta_m0_factorization_m1m4.py,0,
assets/library/collective_dynamics/cylindrical_helical_currents/88_10L_relative_angular_current_m1m4_2026-08-27/source/scripts/analyze_theta_rep.py,8952,2026-08-26T10:56:44.361490+00:00,.py,assets,display_asset,3553aca28fbd9defaea6c13e15a78e960c582258ab163a2c22802201a386ba95,analyze_theta_rep.py,0,
assets/library/collective_dynamics/cylindrical_helical_currents/88_10L_relative_angular_current_m1m4_2026-08-27/source/scripts/analyze_theta_rep_memmap.py,12135,2026-08-27T01:25:01.943863+00:00,.py,assets,display_asset,8ce64a54e204e609ff9c3706f825e3da18954539d842d303a2d26a6902817165,analyze_theta_rep_memmap.py,0,
assets/library/collective_dynamics/cylindrical_helical_currents/88_10L_relative_angular_current_m1m4_2026-08-27/source/scripts/analyze_unnormalized_cjj_static_screen.py,9908,2026-08-27T04:21:19.451155+00:00,.py,assets,display_asset,3a8748fbd4b31982b043c91e789b646c51aac8f4200437bee1510d5e348978cd,analyze_unnormalized_cjj_static_screen.py,0,
assets/library/collective_dynamics/cylindrical_helical_currents/88_10L_relative_angular_current_m1m4_2026-08-27/source/scripts/analyze_viscoelastic_mixed_band.py,8120,2026-08-27T03:44:45.576220+00:00,.py,assets,display_asset,6da0937e6b7bdd80cbd557ddf0720a9942d84dc26b9526eb43f510240a6060c8,analyze_viscoelastic_mixed_band.py,0,
assets/library/collective_dynamics/cylindrical_helical_currents/88_10L_relative_angular_current_m1m4_2026-08-27/source/scripts/audit_alpha_exponential_source_10fs.py,7976,2026-08-27T09:21:36.521298+00:00,.py,assets,display_asset,d6aeb8a50173f55ed6a371853ce1e881b61b361f6af1a5baa073322bf6be1040,audit_alpha_exponential_source_10fs.py,0,
assets/library/collective_dynamics/cylindrical_helical_currents/88_10L_relative_angular_current_m1m4_2026-08-27/source/scripts/check_fullwater_header.py,954,2026-08-26T10:56:44.365491+00:00,.py,assets,display_asset,6d8e4f7e52289e55a0a02301f8b7462e56933ab051a1f9964b7871190a0d1c50,check_fullwater_header.py,0,
assets/library/collective_dynamics/cylindrical_helical_currents/88_10L_relative_angular_current_m1m4_2026-08-27/source/scripts/check_merge.py,681,2026-08-26T11:25:44.604849+00:00,.py,assets,display_asset,f857b32cb22718ff95dbae4c1acd0dfc2a72ac02da25b5ec334cef2ccc7626d1,check_merge.py,1,/lustre/home/users/ewu/vb_gcmc/MD/stage_theta_decom_88_L2L10_100fs_10ns_20260826
assets/library/collective_dynamics/cylindrical_helical_currents/88_10L_relative_angular_current_m1m4_2026-08-27/source/scripts/check_remote_parser.py,593,2026-08-26T10:56:06.752485+00:00,.py,assets,display_asset,f7874759a598c1244c091e33898625e0553862c438bbe6ca1d52f73ac8884e20,check_remote_parser.py,1,/lustre/home/users/ewu/vb_gcmc/MD/stage_theta_decom_88_L2L10_100fs_10ns_20260826/analyze_theta_rep.py
assets/library/collective_dynamics/cylindrical_helical_currents/88_10L_relative_angular_current_m1m4_2026-08-27/source/scripts/check_sources.py,1417,2026-08-26T09:31:26.800121+00:00,.py,assets,display_asset,e53c41d43203e63df311fd1e61e5cb20537e8be83c74b2abdab7986a3e06eb0a,check_sources.py,3,/lustre/home/users/ewu/vb_gcmc/MD | /lustre/home/users/ewu/vb_gcmc/MD/stage_vacf_tail_8_8_L2L5_4rep_weaknh_nomom_10ns_100fs_20260821 | /lustre/home/users/ewu/vb_gcmc/MD/viscfric_length_all_chirality_RH75_20260806/long_weakNH_nomom_10L_100fs_10ns_3rep_20260806
assets/library/collective_dynamics/cylindrical_helical_currents/88_10L_relative_angular_current_m1m4_2026-08-27/source/scripts/compare_alpha_min_saturation_models.py,6125,2026-08-27T09:05:32.937101+00:00,.py,assets,display_asset,b6f7d2e299f5f9f408c324da65e8005caa52820ba27220cc30120a593e51c3d6,compare_alpha_min_saturation_models.py,0,
assets/library/collective_dynamics/cylindrical_helical_currents/88_10L_relative_angular_current_m1m4_2026-08-27/source/scripts/finalize_viscoelastic_mixed_band.py,3633,2026-08-27T03:53:42.363371+00:00,.py,assets,display_asset,cc00a7ede78d2d66c01b5f8bb317557f2ddcdf6babf481717a8380750194560e,finalize_viscoelastic_mixed_band.py,0,
assets/library/collective_dynamics/cylindrical_helical_currents/88_10L_relative_angular_current_m1m4_2026-08-27/source/scripts/fit_axial_lowk_hydro_component.py,3169,2026-08-27T03:22:45.149660+00:00,.py,assets,display_asset,f090394696507c6b0facc3b698023b224466e1f31957a9a51a26e215c69cbc2f,fit_axial_lowk_hydro_component.py,0,
assets/library/collective_dynamics/cylindrical_helical_currents/88_10L_relative_angular_current_m1m4_2026-08-27/source/scripts/fit_axial_lowk_hydro_component_nmax.py,3357,2026-08-27T03:25:20.859219+00:00,.py,assets,display_asset,95f29d89622ac4e5223f3723468ea2b5ddce23a9b8dab0940d5ada09e1cdd824,fit_axial_lowk_hydro_component_nmax.py,0,
assets/library/collective_dynamics/cylindrical_helical_currents/88_10L_relative_angular_current_m1m4_2026-08-27/source/scripts/fit_theta_m0_hydro_component.py,3389,2026-08-27T03:32:25.713431+00:00,.py,assets,display_asset,7a8c62de70d2eb87d14993c5603de586c87363a546198a0d8292373457a63445,fit_theta_m0_hydro_component.py,0,
assets/library/collective_dynamics/cylindrical_helical_currents/88_10L_relative_angular_current_m1m4_2026-08-27/source/scripts/merge_theta_ensemble.py,3577,2026-08-26T11:16:11.050288+00:00,.py,assets,display_asset,d2bea8aa59d143fc5bb6eb227a33ac7cb4734bab05e7036e037f6f667668f69a,merge_theta_ensemble.py,1,/lustre/home/users/ewu/vb_gcmc/MD/stage_theta_decom_88_L2L10_100fs_10ns_20260826
assets/library/collective_dynamics/cylindrical_helical_currents/88_10L_relative_angular_current_m1m4_2026-08-27/source/scripts/monitor_theta.py,1104,2026-08-26T11:05:39.393851+00:00,.py,assets,display_asset,26a4664fde5680461466205161e331bfb18329fe3f3f4d9f463c816d89cbf0f6,monitor_theta.py,1,/lustre/home/users/ewu/vb_gcmc/MD/stage_theta_decom_88_L2L10_100fs_10ns_20260826
assets/library/collective_dynamics/cylindrical_helical_currents/88_10L_relative_angular_current_m1m4_2026-08-27/source/scripts/plot_L2L5L10_vacf_exit_offset.py,2236,2026-08-27T08:05:32.330048+00:00,.py,assets,display_asset,012c5fa29ef2def6fb7ec2821c882253e0acae2ae064f53b971835b8b5ae5041,plot_L2L5L10_vacf_exit_offset.py,0,
assets/library/collective_dynamics/cylindrical_helical_currents/88_10L_relative_angular_current_m1m4_2026-08-27/source/scripts/plot_L2L5_vacf_kmin_Fs_mechanism.py,2487,2026-08-27T08:00:51.920837+00:00,.py,assets,display_asset,93ba4ce3cccffa701a349f32d6026886a0f3ab13ad885e0b80e2aebf5fb6090e,plot_L2L5_vacf_kmin_Fs_mechanism.py,0,
assets/library/collective_dynamics/cylindrical_helical_currents/88_10L_relative_angular_current_m1m4_2026-08-27/source/scripts/plot_Lz_vacf_positive_alpha.py,2954,2026-08-27T08:43:13.571340+00:00,.py,assets,display_asset,a8ed074491c12987fbd324dce86e7acd9daa156b04d8c6bde6ad801e8c10223b,plot_Lz_vacf_positive_alpha.py,0,
assets/library/collective_dynamics/cylindrical_helical_currents/88_10L_relative_angular_current_m1m4_2026-08-27/source/scripts/plot_axial_m0_modecoupling_screen.py,2158,2026-08-27T03:23:29.020668+00:00,.py,assets,display_asset,09daa905375f7d96606b7f8e0f75b31d66358a7c67eaca3ed17e15b88e6fa5f5,plot_axial_m0_modecoupling_screen.py,0,
assets/library/collective_dynamics/cylindrical_helical_currents/88_10L_relative_angular_current_m1m4_2026-08-27/source/scripts/plot_ct_theta_m0_kn.py,5509,2026-08-27T02:43:21.208540+00:00,.py,assets,display_asset,b4cb59dfe9d2ebf212373fa0bc32d9ed40b6be302ef04c803948d2e5e1135cdd,plot_ct_theta_m0_kn.py,0,
assets/library/collective_dynamics/cylindrical_helical_currents/88_10L_relative_angular_current_m1m4_2026-08-27/source/scripts/plot_ct_theta_m0_kn_acf.py,2766,2026-08-27T02:46:13.541420+00:00,.py,assets,display_asset,ec6a3bfed0671f81399c9767c06e2b081760d75173220b5f9bbd1a4749dd5d7e,plot_ct_theta_m0_kn_acf.py,0,
assets/library/collective_dynamics/cylindrical_helical_currents/88_10L_relative_angular_current_m1m4_2026-08-27/source/scripts/plot_lowk_m1_dynamic_projection.py,2400,2026-08-27T05:01:49.530975+00:00,.py,assets,display_asset,5ad435c493376fdf78ec7c00e609b07fbdda31008096370ae00ee0fe1b17b7a7,plot_lowk_m1_dynamic_projection.py,0,
assets/library/collective_dynamics/cylindrical_helical_currents/88_10L_relative_angular_current_m1m4_2026-08-27/source/scripts/plot_m0_n11n20_negative_lobe.py,2956,2026-08-27T05:30:10.432550+00:00,.py,assets,display_asset,d07bfa57f1f9e21a8cd8a531329edfd9c9eddcc06f2e5492acbb247f5870a773,plot_m0_n11n20_negative_lobe.py,0,
assets/library/collective_dynamics/cylindrical_helical_currents/88_10L_relative_angular_current_m1m4_2026-08-27/source/scripts/plot_m0_odd_even_5L10L_1x3.py,4983,2026-08-27T10:17:56.898712+00:00,.py,assets,display_asset,f319b99821bd815d20a2bb66841d5788f86338802b01460506a3f0e598c12582,plot_m0_odd_even_5L10L_1x3.py,0,
assets/library/collective_dynamics/cylindrical_helical_currents/88_10L_relative_angular_current_m1m4_2026-08-27/source/scripts/plot_m0_odd_even_counterfactual.py,2930,2026-08-27T05:18:28.862903+00:00,.py,assets,display_asset,3a6d53c0a37bb61bc34f1ff8c122120fc748262a98e61a7dc9c074be7fe719db,plot_m0_odd_even_counterfactual.py,0,
assets/library/collective_dynamics/cylindrical_helical_currents/88_10L_relative_angular_current_m1m4_2026-08-27/source/scripts/plot_native100fs_alpha_min_peak_dependence.py,8883,2026-08-27T09:28:07.911557+00:00,.py,assets,display_asset,96d1497415895c0028b5bd7f74377c13b6051a171185c8387c393780775368d1,plot_native100fs_alpha_min_peak_dependence.py,0,
assets/library/collective_dynamics/cylindrical_helical_currents/88_10L_relative_angular_current_m1m4_2026-08-27/source/scripts/plot_native100fs_k1_semilog_extrema.py,11900,2026-08-27T10:02:47.464368+00:00,.py,assets,display_asset,a94323672d8c4a66a6e02955dcf6b4c2a7506687389cd47e5be6c16205fc7b52,plot_native100fs_k1_semilog_extrema.py,0,
assets/library/collective_dynamics/cylindrical_helical_currents/88_10L_relative_angular_current_m1m4_2026-08-27/source/scripts/plot_paired_helical_tagged_vertex.py,2296,2026-08-27T04:44:25.582112+00:00,.py,assets,display_asset,10de05958144894d970a58e603595199cfcc1c6a05f6333316d314ca3f038673,plot_paired_helical_tagged_vertex.py,0,
assets/library/collective_dynamics/cylindrical_helical_currents/88_10L_relative_angular_current_m1m4_2026-08-27/source/scripts/plot_raw_vacf_alpha_realLz_100fs.py,11296,2026-08-27T08:58:19.707025+00:00,.py,assets,display_asset,21ccd390d5e02e3a69284e7c733efffba32d99c3474fe8e1320af7a0d629f863,plot_raw_vacf_alpha_realLz_100fs.py,0,
assets/library/collective_dynamics/cylindrical_helical_currents/88_10L_relative_angular_current_m1m4_2026-08-27/source/scripts/plot_tagged_collective_vertex_m0.py,2819,2026-08-27T04:35:40.337896+00:00,.py,assets,display_asset,75e970f706b53cc46f1b6530291d89e1d3dec7800efa1fe55dced8f5ddc044e5,plot_tagged_collective_vertex_m0.py,0,
assets/library/collective_dynamics/cylindrical_helical_currents/88_10L_relative_angular_current_m1m4_2026-08-27/source/scripts/plot_theta_hydro_closure_recheck.py,3339,2026-08-27T03:39:08.258999+00:00,.py,assets,display_asset,09a3da828fcba19623c549b72fb0ba54c57da0996c3e6b33fc1e840dd9fcc9b7,plot_theta_hydro_closure_recheck.py,0,
assets/library/collective_dynamics/cylindrical_helical_currents/88_10L_relative_angular_current_m1m4_2026-08-27/source/scripts/plot_theta_m0_factorization_m1m4.py,3425,2026-08-27T03:09:50.085881+00:00,.py,assets,display_asset,cc17fc665f3fe9e0165543b5d5a5586cae8de280be198110abb01ee5fde3ff18,plot_theta_m0_factorization_m1m4.py,0,
assets/library/collective_dynamics/cylindrical_helical_currents/88_10L_relative_angular_current_m1m4_2026-08-27/source/scripts/plot_unnormalized_cjj_static_screen.py,3855,2026-08-27T04:23:14.004920+00:00,.py,assets,display_asset,3cc02ac0631aadde2564d92ebb7aa871c176b2bd02ddd409cd1b797a42d3760b,plot_unnormalized_cjj_static_screen.py,0,
assets/library/collective_dynamics/cylindrical_helical_currents/88_10L_relative_angular_current_m1m4_2026-08-27/source/scripts/run_local_10L_88_memmap.ps1,1102,2026-08-27T01:20:09.197196+00:00,.ps1,assets,display_asset,35a7f1d1f54002c730193910fa0b56ba007fafa780a2f2a757f31ac45762b10e,run_local_10L_88_memmap.ps1,0,
assets/library/collective_dynamics/cylindrical_helical_currents/88_10L_relative_angular_current_m1m4_2026-08-27/source/scripts/run_merge_theta_ensemble.sh,434,2026-08-26T11:16:11.054290+00:00,.sh,assets,display_asset,a5a94cecdbd600b52a891e6dc3a8ee59c0d2ef71282cf62dbb06071a39769eb8,run_merge_theta_ensemble.sh,2,/lustre/home/users/ewu/.conda/envs/HB_analysis/bin/python | /lustre/home/users/ewu/vb_gcmc/MD/stage_theta_decom_88_L2L10_100fs_10ns_20260826
assets/library/collective_dynamics/cylindrical_helical_currents/88_10L_relative_angular_current_m1m4_2026-08-27/source/scripts/run_theta_rep.template.sh,768,2026-08-26T10:45:57.627578+00:00,.sh,assets,display_asset,e6b6074587257c15d8a2687a4e61d5da2d59408de8f3053c28be581199bf525e,run_theta_rep.template.sh,3,/lustre/home/users/ewu/.conda/envs/HB_analysis/bin/python | /lustre/home/users/ewu/vb_gcmc/MD/stage_theta_decom_88_L2L10_100fs_10ns_20260826 | /lustre/home/users/ewu/vb_gcmc/MD/stage_vacf_tail_8_8_L2L5_4rep_weaknh_nomom_10ns_100fs_20260821/__L__L/rep__R__/LONG_WEAKNH_NOMOM_8_8_L__L___rep__R___100fs_10ns.water_100fs_10ns.dump
assets/library/collective_dynamics/cylindrical_helical_currents/88_10L_relative_angular_current_m1m4_2026-08-27/source/scripts/submit_2L5L.sh,900,2026-08-26T09:34:11.684928+00:00,.sh,assets,display_asset,56b510c630e671494f3607f265d26e196d89601015ee47e28caa7e950338c25b,submit_2L5L.sh,0,
assets/library/collective_dynamics/cylindrical_helical_currents/88_10L_relative_angular_current_m1m4_2026-08-27/source/scripts/submit_final_parserfix.sh,812,2026-08-26T10:57:21.097450+00:00,.sh,assets,display_asset,62d96ab86bf0be521943c9a938d74b5c6a95c0418ec98f1fbb185db9dab3ffaf,submit_final_parserfix.sh,0,
assets/library/collective_dynamics/cylindrical_helical_currents/88_10L_relative_angular_current_m1m4_2026-08-27/source/scripts/submit_headerfix_resubmission.sh,838,2026-08-26T10:16:54.565244+00:00,.sh,assets,display_asset,9b6b54be70ca8fada9b804f84fde1991c6f120549b8126b96d6cd6f0eeb05dfa,submit_headerfix_resubmission.sh,0,
assets/library/collective_dynamics/cylindrical_helical_currents/88_10L_relative_angular_current_m1m4_2026-08-27/source/scripts/submit_resourcefix_resubmission.sh,878,2026-08-26T10:45:57.630576+00:00,.sh,assets,display_asset,0ded27d292d4a4d8ab28fae8a2e349b22dfb53c157037b4cbce007960156126a,submit_resourcefix_resubmission.sh,0,
assets/library/collective_dynamics/cylindrical_helical_currents/88_10L_relative_angular_current_m1m4_2026-08-27/source/scripts/summarize_axial_m0_nmax_convergence.py,2137,2026-08-27T03:26:36.805819+00:00,.py,assets,display_asset,47cf34e7ecdf081bacee7405b7b6354b4194c7d92fd176f7c0bd070c6cb427e1,summarize_axial_m0_nmax_convergence.py,0,
assets/library/collective_dynamics/cylindrical_helical_currents/88_10L_theta_hydro_closure_recheck_2026-08-27/source/scripts_stage/aggregate_m0_rotation_oxygen_stride.py,6660,2026-08-27T01:45:52.458535+00:00,.py,assets,display_asset,5fc5270bde9dccf4909292afa4e6f3cf2bf1d62c626e1f63f10226696f240097,aggregate_m0_rotation_oxygen_stride.py,0,
assets/library/collective_dynamics/cylindrical_helical_currents/88_10L_theta_hydro_closure_recheck_2026-08-27/source/scripts_stage/aggregate_relative_angular_current.py,5349,2026-08-27T02:23:59.140612+00:00,.py,assets,display_asset,a029299a40315f07b9b2f8c76e66edbf4fb0f3a3cbb0ef37bc9258b5b417608a,aggregate_relative_angular_current.py,0,
assets/library/collective_dynamics/cylindrical_helical_currents/88_10L_theta_hydro_closure_recheck_2026-08-27/source/scripts_stage/analyze_L2L5L10_vacf_exit_offset.py,3584,2026-08-27T08:05:32.298044+00:00,.py,assets,display_asset,ff100c539ae8ddf93fbd9b861660472e0e70ab9711cbf4190ab10d353f29d1ac,analyze_L2L5L10_vacf_exit_offset.py,0,
assets/library/collective_dynamics/cylindrical_helical_currents/88_10L_theta_hydro_closure_recheck_2026-08-27/source/scripts_stage/analyze_L2L5_vacf_kmin_Fs_mechanism.py,4896,2026-08-27T08:00:51.907393+00:00,.py,assets,display_asset,80c235ce6283f17391793fcdeb187fbb14b16fc45f8505e9bfea6f7ad4292a86,analyze_L2L5_vacf_kmin_Fs_mechanism.py,0,
assets/library/collective_dynamics/cylindrical_helical_currents/88_10L_theta_hydro_closure_recheck_2026-08-27/source/scripts_stage/analyze_Lz_vacf_positive_alpha.py,5983,2026-08-27T08:42:13.470220+00:00,.py,assets,display_asset,faa881e801c99a31d4a5fe9fa5e6b2c21e1d808b543ce48406e796f3d528c62a,analyze_Lz_vacf_positive_alpha.py,0,
assets/library/collective_dynamics/cylindrical_helical_currents/88_10L_theta_hydro_closure_recheck_2026-08-27/source/scripts_stage/analyze_alpha_z_rebound_peak_100fs.py,7901,2026-08-27T09:11:55.314903+00:00,.py,assets,display_asset,c076c17b09528c4c84ce0bed521966ddb5aaf86cd755365069fb8c841600715b,analyze_alpha_z_rebound_peak_100fs.py,0,
assets/library/collective_dynamics/cylindrical_helical_currents/88_10L_theta_hydro_closure_recheck_2026-08-27/source/scripts_stage/analyze_axial_m0_modecoupling_screen.py,6778,2026-08-27T03:18:23.339603+00:00,.py,assets,display_asset,61316f46347e78d45a3caf4ac0d81095d5afd0d77a2bdf2d046f33d14376330d,analyze_axial_m0_modecoupling_screen.py,0,
assets/library/collective_dynamics/cylindrical_helical_currents/88_10L_theta_hydro_closure_recheck_2026-08-27/source/scripts_stage/analyze_ct_theta_m0_kn.py,8293,2026-08-27T02:35:53.708393+00:00,.py,assets,display_asset,761888309bbec6a0645e4905c5b35746043687f0479fcd45095b5a9a949c8513,analyze_ct_theta_m0_kn.py,0,
assets/library/collective_dynamics/cylindrical_helical_currents/88_10L_theta_hydro_closure_recheck_2026-08-27/source/scripts_stage/analyze_ct_theta_m0_kn_acf.py,3774,2026-08-27T02:46:13.537416+00:00,.py,assets,display_asset,a31bf5f3658a62e4e720f44b5cc52c3fa784aa53e57dc4beedfd05f028fe8ae8,analyze_ct_theta_m0_kn_acf.py,0,
assets/library/collective_dynamics/cylindrical_helical_currents/88_10L_theta_hydro_closure_recheck_2026-08-27/source/scripts_stage/analyze_helical_self_isf_k1.py,12931,2026-08-27T10:34:51.765177+00:00,.py,assets,display_asset,c3a7e393cfa7d1d7fd5b47d86fb322dc6b45b7115a4cc581d8bcabe186e7bb95,analyze_helical_self_isf_k1.py,0,
assets/library/collective_dynamics/cylindrical_helical_currents/88_10L_theta_hydro_closure_recheck_2026-08-27/source/scripts_stage/analyze_lowk_m1_dynamic_projection.py,6972,2026-08-27T04:50:28.957035+00:00,.py,assets,display_asset,d538fc1a6d691ed232e9571324d3478d47d68d179f3a07ec56408dfb5e1fd881,analyze_lowk_m1_dynamic_projection.py,0,
assets/library/collective_dynamics/cylindrical_helical_currents/88_10L_theta_hydro_closure_recheck_2026-08-27/source/scripts_stage/analyze_m0_n11n20_negative_lobe.py,7824,2026-08-27T05:25:07.194449+00:00,.py,assets,display_asset,27fc41aec2ccace6118508b3452b3bc786cbd2edce08df89f3a264631fc99a1c,analyze_m0_n11n20_negative_lobe.py,0,
assets/library/collective_dynamics/cylindrical_helical_currents/88_10L_theta_hydro_closure_recheck_2026-08-27/source/scripts_stage/analyze_m0_odd_even_counterfactual.py,5483,2026-08-27T05:18:47.297569+00:00,.py,assets,display_asset,c1823d2c37b317126bbaba4d04dd9d44e60d95b016f73bf80b20c61c7e897fc3,analyze_m0_odd_even_counterfactual.py,0,
assets/library/collective_dynamics/cylindrical_helical_currents/88_10L_theta_hydro_closure_recheck_2026-08-27/source/scripts_stage/analyze_m0_rotation_oxygen_stride.py,9440,2026-08-27T01:27:55.541949+00:00,.py,assets,display_asset,bbbbe8eb7a09365e8e98ee1857f5a2422c70cf2ab0ca4b3313379adfd7c5d44f,analyze_m0_rotation_oxygen_stride.py,0,
assets/library/collective_dynamics/cylindrical_helical_currents/88_10L_theta_hydro_closure_recheck_2026-08-27/source/scripts_stage/analyze_relative_angular_current_stride.py,7308,2026-08-27T01:59:06.208071+00:00,.py,assets,display_asset,b702f13ca22c0b73282d37c55f99e2354f0fb6b52320124dfa75713a6c90ad9a,analyze_relative_angular_current_stride.py,0,
assets/library/collective_dynamics/cylindrical_helical_currents/88_10L_theta_hydro_closure_recheck_2026-08-27/source/scripts_stage/analyze_smallm_polarization_lifetime.py,4343,2026-08-27T03:33:49.673781+00:00,.py,assets,display_asset,b669dc5ba4bd91d4fe7f6cb6c4b93e8629b8a08ee79694fefa7675ae30aba28d,analyze_smallm_polarization_lifetime.py,0,
assets/library/collective_dynamics/cylindrical_helical_currents/88_10L_theta_hydro_closure_recheck_2026-08-27/source/scripts_stage/analyze_tagged_collective_vertex_m0.py,8568,2026-08-27T04:31:30.591889+00:00,.py,assets,display_asset,c484f4df67101151ccf8f457230b345b1f30ad241ea229b2335afebe21299595,analyze_tagged_collective_vertex_m0.py,0,
assets/library/collective_dynamics/cylindrical_helical_currents/88_10L_theta_hydro_closure_recheck_2026-08-27/source/scripts_stage/analyze_tagged_collective_vertex_mixed_pairs.py,5883,2026-08-27T04:39:56.272916+00:00,.py,assets,display_asset,7dfe72108dac78f2b63bd2d0c17ff33219142ef7f1ab2dd5fee0750ca18afa3c,analyze_tagged_collective_vertex_mixed_pairs.py,0,
assets/library/collective_dynamics/cylindrical_helical_currents/88_10L_theta_hydro_closure_recheck_2026-08-27/source/scripts_stage/analyze_theta_m0_factorization_m1m4.py,9457,2026-08-27T02:59:51.253649+00:00,.py,assets,display_asset,582bf28566a333e990b7841a9910ee5cad5b2cef48bd5397e2685d5d921a721d,analyze_theta_m0_factorization_m1m4.py,0,
assets/library/collective_dynamics/cylindrical_helical_currents/88_10L_theta_hydro_closure_recheck_2026-08-27/source/scripts_stage/analyze_theta_rep.py,8952,2026-08-26T10:56:44.361490+00:00,.py,assets,display_asset,3553aca28fbd9defaea6c13e15a78e960c582258ab163a2c22802201a386ba95,analyze_theta_rep.py,0,
assets/library/collective_dynamics/cylindrical_helical_currents/88_10L_theta_hydro_closure_recheck_2026-08-27/source/scripts_stage/analyze_theta_rep_memmap.py,12135,2026-08-27T01:25:01.943863+00:00,.py,assets,display_asset,8ce64a54e204e609ff9c3706f825e3da18954539d842d303a2d26a6902817165,analyze_theta_rep_memmap.py,0,
assets/library/collective_dynamics/cylindrical_helical_currents/88_10L_theta_hydro_closure_recheck_2026-08-27/source/scripts_stage/analyze_unnormalized_cjj_static_screen.py,9908,2026-08-27T04:21:19.451155+00:00,.py,assets,display_asset,3a8748fbd4b31982b043c91e789b646c51aac8f4200437bee1510d5e348978cd,analyze_unnormalized_cjj_static_screen.py,0,
assets/library/collective_dynamics/cylindrical_helical_currents/88_10L_theta_hydro_closure_recheck_2026-08-27/source/scripts_stage/analyze_viscoelastic_mixed_band.py,8120,2026-08-27T03:44:45.576220+00:00,.py,assets,display_asset,6da0937e6b7bdd80cbd557ddf0720a9942d84dc26b9526eb43f510240a6060c8,analyze_viscoelastic_mixed_band.py,0,
assets/library/collective_dynamics/cylindrical_helical_currents/88_10L_theta_hydro_closure_recheck_2026-08-27/source/scripts_stage/audit_alpha_exponential_source_10fs.py,7976,2026-08-27T09:21:36.521298+00:00,.py,assets,display_asset,d6aeb8a50173f55ed6a371853ce1e881b61b361f6af1a5baa073322bf6be1040,audit_alpha_exponential_source_10fs.py,0,
assets/library/collective_dynamics/cylindrical_helical_currents/88_10L_theta_hydro_closure_recheck_2026-08-27/source/scripts_stage/check_fullwater_header.py,954,2026-08-26T10:56:44.365491+00:00,.py,assets,display_asset,6d8e4f7e52289e55a0a02301f8b7462e56933ab051a1f9964b7871190a0d1c50,check_fullwater_header.py,0,
assets/library/collective_dynamics/cylindrical_helical_currents/88_10L_theta_hydro_closure_recheck_2026-08-27/source/scripts_stage/check_merge.py,681,2026-08-26T11:25:44.604849+00:00,.py,assets,display_asset,f857b32cb22718ff95dbae4c1acd0dfc2a72ac02da25b5ec334cef2ccc7626d1,check_merge.py,1,/lustre/home/users/ewu/vb_gcmc/MD/stage_theta_decom_88_L2L10_100fs_10ns_20260826
assets/library/collective_dynamics/cylindrical_helical_currents/88_10L_theta_hydro_closure_recheck_2026-08-27/source/scripts_stage/check_remote_parser.py,593,2026-08-26T10:56:06.752485+00:00,.py,assets,display_asset,f7874759a598c1244c091e33898625e0553862c438bbe6ca1d52f73ac8884e20,check_remote_parser.py,1,/lustre/home/users/ewu/vb_gcmc/MD/stage_theta_decom_88_L2L10_100fs_10ns_20260826/analyze_theta_rep.py
assets/library/collective_dynamics/cylindrical_helical_currents/88_10L_theta_hydro_closure_recheck_2026-08-27/source/scripts_stage/check_sources.py,1417,2026-08-26T09:31:26.800121+00:00,.py,assets,display_asset,e53c41d43203e63df311fd1e61e5cb20537e8be83c74b2abdab7986a3e06eb0a,check_sources.py,3,/lustre/home/users/ewu/vb_gcmc/MD | /lustre/home/users/ewu/vb_gcmc/MD/stage_vacf_tail_8_8_L2L5_4rep_weaknh_nomom_10ns_100fs_20260821 | /lustre/home/users/ewu/vb_gcmc/MD/viscfric_length_all_chirality_RH75_20260806/long_weakNH_nomom_10L_100fs_10ns_3rep_20260806
assets/library/collective_dynamics/cylindrical_helical_currents/88_10L_theta_hydro_closure_recheck_2026-08-27/source/scripts_stage/compare_alpha_min_saturation_models.py,6125,2026-08-27T09:05:32.937101+00:00,.py,assets,display_asset,b6f7d2e299f5f9f408c324da65e8005caa52820ba27220cc30120a593e51c3d6,compare_alpha_min_saturation_models.py,0,
assets/library/collective_dynamics/cylindrical_helical_currents/88_10L_theta_hydro_closure_recheck_2026-08-27/source/scripts_stage/finalize_viscoelastic_mixed_band.py,3633,2026-08-27T03:53:42.363371+00:00,.py,assets,display_asset,cc00a7ede78d2d66c01b5f8bb317557f2ddcdf6babf481717a8380750194560e,finalize_viscoelastic_mixed_band.py,0,
assets/library/collective_dynamics/cylindrical_helical_currents/88_10L_theta_hydro_closure_recheck_2026-08-27/source/scripts_stage/fit_axial_lowk_hydro_component.py,3169,2026-08-27T03:22:45.149660+00:00,.py,assets,display_asset,f090394696507c6b0facc3b698023b224466e1f31957a9a51a26e215c69cbc2f,fit_axial_lowk_hydro_component.py,0,
assets/library/collective_dynamics/cylindrical_helical_currents/88_10L_theta_hydro_closure_recheck_2026-08-27/source/scripts_stage/fit_axial_lowk_hydro_component_nmax.py,3357,2026-08-27T03:25:20.859219+00:00,.py,assets,display_asset,95f29d89622ac4e5223f3723468ea2b5ddce23a9b8dab0940d5ada09e1cdd824,fit_axial_lowk_hydro_component_nmax.py,0,
assets/library/collective_dynamics/cylindrical_helical_currents/88_10L_theta_hydro_closure_recheck_2026-08-27/source/scripts_stage/fit_theta_m0_hydro_component.py,3389,2026-08-27T03:32:25.713431+00:00,.py,assets,display_asset,7a8c62de70d2eb87d14993c5603de586c87363a546198a0d8292373457a63445,fit_theta_m0_hydro_component.py,0,
assets/library/collective_dynamics/cylindrical_helical_currents/88_10L_theta_hydro_closure_recheck_2026-08-27/source/scripts_stage/merge_theta_ensemble.py,3577,2026-08-26T11:16:11.050288+00:00,.py,assets,display_asset,d2bea8aa59d143fc5bb6eb227a33ac7cb4734bab05e7036e037f6f667668f69a,merge_theta_ensemble.py,1,/lustre/home/users/ewu/vb_gcmc/MD/stage_theta_decom_88_L2L10_100fs_10ns_20260826
assets/library/collective_dynamics/cylindrical_helical_currents/88_10L_theta_hydro_closure_recheck_2026-08-27/source/scripts_stage/monitor_theta.py,1104,2026-08-26T11:05:39.393851+00:00,.py,assets,display_asset,26a4664fde5680461466205161e331bfb18329fe3f3f4d9f463c816d89cbf0f6,monitor_theta.py,1,/lustre/home/users/ewu/vb_gcmc/MD/stage_theta_decom_88_L2L10_100fs_10ns_20260826
assets/library/collective_dynamics/cylindrical_helical_currents/88_10L_theta_hydro_closure_recheck_2026-08-27/source/scripts_stage/plot_L2L5L10_vacf_exit_offset.py,2236,2026-08-27T08:05:32.330048+00:00,.py,assets,display_asset,012c5fa29ef2def6fb7ec2821c882253e0acae2ae064f53b971835b8b5ae5041,plot_L2L5L10_vacf_exit_offset.py,0,
assets/library/collective_dynamics/cylindrical_helical_currents/88_10L_theta_hydro_closure_recheck_2026-08-27/source/scripts_stage/plot_L2L5_vacf_kmin_Fs_mechanism.py,2487,2026-08-27T08:00:51.920837+00:00,.py,assets,display_asset,93ba4ce3cccffa701a349f32d6026886a0f3ab13ad885e0b80e2aebf5fb6090e,plot_L2L5_vacf_kmin_Fs_mechanism.py,0,
assets/library/collective_dynamics/cylindrical_helical_currents/88_10L_theta_hydro_closure_recheck_2026-08-27/source/scripts_stage/plot_Lz_vacf_positive_alpha.py,2954,2026-08-27T08:43:13.571340+00:00,.py,assets,display_asset,a8ed074491c12987fbd324dce86e7acd9daa156b04d8c6bde6ad801e8c10223b,plot_Lz_vacf_positive_alpha.py,0,
assets/library/collective_dynamics/cylindrical_helical_currents/88_10L_theta_hydro_closure_recheck_2026-08-27/source/scripts_stage/plot_axial_m0_modecoupling_screen.py,2158,2026-08-27T03:23:29.020668+00:00,.py,assets,display_asset,09daa905375f7d96606b7f8e0f75b31d66358a7c67eaca3ed17e15b88e6fa5f5,plot_axial_m0_modecoupling_screen.py,0,
assets/library/collective_dynamics/cylindrical_helical_currents/88_10L_theta_hydro_closure_recheck_2026-08-27/source/scripts_stage/plot_ct_theta_m0_kn.py,5509,2026-08-27T02:43:21.208540+00:00,.py,assets,display_asset,b4cb59dfe9d2ebf212373fa0bc32d9ed40b6be302ef04c803948d2e5e1135cdd,plot_ct_theta_m0_kn.py,0,
assets/library/collective_dynamics/cylindrical_helical_currents/88_10L_theta_hydro_closure_recheck_2026-08-27/source/scripts_stage/plot_ct_theta_m0_kn_acf.py,2766,2026-08-27T02:46:13.541420+00:00,.py,assets,display_asset,ec6a3bfed0671f81399c9767c06e2b081760d75173220b5f9bbd1a4749dd5d7e,plot_ct_theta_m0_kn_acf.py,0,
assets/library/collective_dynamics/cylindrical_helical_currents/88_10L_theta_hydro_closure_recheck_2026-08-27/source/scripts_stage/plot_lowk_m1_dynamic_projection.py,2400,2026-08-27T05:01:49.530975+00:00,.py,assets,display_asset,5ad435c493376fdf78ec7c00e609b07fbdda31008096370ae00ee0fe1b17b7a7,plot_lowk_m1_dynamic_projection.py,0,
assets/library/collective_dynamics/cylindrical_helical_currents/88_10L_theta_hydro_closure_recheck_2026-08-27/source/scripts_stage/plot_m0_n11n20_negative_lobe.py,2956,2026-08-27T05:30:10.432550+00:00,.py,assets,display_asset,d07bfa57f1f9e21a8cd8a531329edfd9c9eddcc06f2e5492acbb247f5870a773,plot_m0_n11n20_negative_lobe.py,0,
assets/library/collective_dynamics/cylindrical_helical_currents/88_10L_theta_hydro_closure_recheck_2026-08-27/source/scripts_stage/plot_m0_odd_even_5L10L_1x3.py,4983,2026-08-27T10:17:56.898712+00:00,.py,assets,display_asset,f319b99821bd815d20a2bb66841d5788f86338802b01460506a3f0e598c12582,plot_m0_odd_even_5L10L_1x3.py,0,
assets/library/collective_dynamics/cylindrical_helical_currents/88_10L_theta_hydro_closure_recheck_2026-08-27/source/scripts_stage/plot_m0_odd_even_counterfactual.py,2930,2026-08-27T05:18:28.862903+00:00,.py,assets,display_asset,3a6d53c0a37bb61bc34f1ff8c122120fc748262a98e61a7dc9c074be7fe719db,plot_m0_odd_even_counterfactual.py,0,
assets/library/collective_dynamics/cylindrical_helical_currents/88_10L_theta_hydro_closure_recheck_2026-08-27/source/scripts_stage/plot_native100fs_alpha_min_peak_dependence.py,8883,2026-08-27T09:28:07.911557+00:00,.py,assets,display_asset,96d1497415895c0028b5bd7f74377c13b6051a171185c8387c393780775368d1,plot_native100fs_alpha_min_peak_dependence.py,0,
assets/library/collective_dynamics/cylindrical_helical_currents/88_10L_theta_hydro_closure_recheck_2026-08-27/source/scripts_stage/plot_native100fs_k1_semilog_extrema.py,11900,2026-08-27T10:02:47.464368+00:00,.py,assets,display_asset,a94323672d8c4a66a6e02955dcf6b4c2a7506687389cd47e5be6c16205fc7b52,plot_native100fs_k1_semilog_extrema.py,0,
assets/library/collective_dynamics/cylindrical_helical_currents/88_10L_theta_hydro_closure_recheck_2026-08-27/source/scripts_stage/plot_paired_helical_tagged_vertex.py,2296,2026-08-27T04:44:25.582112+00:00,.py,assets,display_asset,10de05958144894d970a58e603595199cfcc1c6a05f6333316d314ca3f038673,plot_paired_helical_tagged_vertex.py,0,
assets/library/collective_dynamics/cylindrical_helical_currents/88_10L_theta_hydro_closure_recheck_2026-08-27/source/scripts_stage/plot_raw_vacf_alpha_realLz_100fs.py,11296,2026-08-27T08:58:19.707025+00:00,.py,assets,display_asset,21ccd390d5e02e3a69284e7c733efffba32d99c3474fe8e1320af7a0d629f863,plot_raw_vacf_alpha_realLz_100fs.py,0,
assets/library/collective_dynamics/cylindrical_helical_currents/88_10L_theta_hydro_closure_recheck_2026-08-27/source/scripts_stage/plot_tagged_collective_vertex_m0.py,2819,2026-08-27T04:35:40.337896+00:00,.py,assets,display_asset,75e970f706b53cc46f1b6530291d89e1d3dec7800efa1fe55dced8f5ddc044e5,plot_tagged_collective_vertex_m0.py,0,
assets/library/collective_dynamics/cylindrical_helical_currents/88_10L_theta_hydro_closure_recheck_2026-08-27/source/scripts_stage/plot_theta_hydro_closure_recheck.py,3339,2026-08-27T03:39:08.258999+00:00,.py,assets,display_asset,09a3da828fcba19623c549b72fb0ba54c57da0996c3e6b33fc1e840dd9fcc9b7,plot_theta_hydro_closure_recheck.py,0,
assets/library/collective_dynamics/cylindrical_helical_currents/88_10L_theta_hydro_closure_recheck_2026-08-27/source/scripts_stage/plot_theta_m0_factorization_m1m4.py,3425,2026-08-27T03:09:50.085881+00:00,.py,assets,display_asset,cc17fc665f3fe9e0165543b5d5a5586cae8de280be198110abb01ee5fde3ff18,plot_theta_m0_factorization_m1m4.py,0,
assets/library/collective_dynamics/cylindrical_helical_currents/88_10L_theta_hydro_closure_recheck_2026-08-27/source/scripts_stage/plot_unnormalized_cjj_static_screen.py,3855,2026-08-27T04:23:14.004920+00:00,.py,assets,display_asset,3cc02ac0631aadde2564d92ebb7aa871c176b2bd02ddd409cd1b797a42d3760b,plot_unnormalized_cjj_static_screen.py,0,
assets/library/collective_dynamics/cylindrical_helical_currents/88_10L_theta_hydro_closure_recheck_2026-08-27/source/scripts_stage/run_local_10L_88_memmap.ps1,1102,2026-08-27T01:20:09.197196+00:00,.ps1,assets,display_asset,35a7f1d1f54002c730193910fa0b56ba007fafa780a2f2a757f31ac45762b10e,run_local_10L_88_memmap.ps1,0,
assets/library/collective_dynamics/cylindrical_helical_currents/88_10L_theta_hydro_closure_recheck_2026-08-27/source/scripts_stage/run_merge_theta_ensemble.sh,434,2026-08-26T11:16:11.054290+00:00,.sh,assets,display_asset,a5a94cecdbd600b52a891e6dc3a8ee59c0d2ef71282cf62dbb06071a39769eb8,run_merge_theta_ensemble.sh,2,/lustre/home/users/ewu/.conda/envs/HB_analysis/bin/python | /lustre/home/users/ewu/vb_gcmc/MD/stage_theta_decom_88_L2L10_100fs_10ns_20260826
assets/library/collective_dynamics/cylindrical_helical_currents/88_10L_theta_hydro_closure_recheck_2026-08-27/source/scripts_stage/run_theta_rep.template.sh,768,2026-08-26T10:45:57.627578+00:00,.sh,assets,display_asset,e6b6074587257c15d8a2687a4e61d5da2d59408de8f3053c28be581199bf525e,run_theta_rep.template.sh,3,/lustre/home/users/ewu/.conda/envs/HB_analysis/bin/python | /lustre/home/users/ewu/vb_gcmc/MD/stage_theta_decom_88_L2L10_100fs_10ns_20260826 | /lustre/home/users/ewu/vb_gcmc/MD/stage_vacf_tail_8_8_L2L5_4rep_weaknh_nomom_10ns_100fs_20260821/__L__L/rep__R__/LONG_WEAKNH_NOMOM_8_8_L__L___rep__R___100fs_10ns.water_100fs_10ns.dump
assets/library/collective_dynamics/cylindrical_helical_currents/88_10L_theta_hydro_closure_recheck_2026-08-27/source/scripts_stage/submit_2L5L.sh,900,2026-08-26T09:34:11.684928+00:00,.sh,assets,display_asset,56b510c630e671494f3607f265d26e196d89601015ee47e28caa7e950338c25b,submit_2L5L.sh,0,
assets/library/collective_dynamics/cylindrical_helical_currents/88_10L_theta_hydro_closure_recheck_2026-08-27/source/scripts_stage/submit_final_parserfix.sh,812,2026-08-26T10:57:21.097450+00:00,.sh,assets,display_asset,62d96ab86bf0be521943c9a938d74b5c6a95c0418ec98f1fbb185db9dab3ffaf,submit_final_parserfix.sh,0,
assets/library/collective_dynamics/cylindrical_helical_currents/88_10L_theta_hydro_closure_recheck_2026-08-27/source/scripts_stage/submit_headerfix_resubmission.sh,838,2026-08-26T10:16:54.565244+00:00,.sh,assets,display_asset,9b6b54be70ca8fada9b804f84fde1991c6f120549b8126b96d6cd6f0eeb05dfa,submit_headerfix_resubmission.sh,0,
assets/library/collective_dynamics/cylindrical_helical_currents/88_10L_theta_hydro_closure_recheck_2026-08-27/source/scripts_stage/submit_resourcefix_resubmission.sh,878,2026-08-26T10:45:57.630576+00:00,.sh,assets,display_asset,0ded27d292d4a4d8ab28fae8a2e349b22dfb53c157037b4cbce007960156126a,submit_resourcefix_resubmission.sh,0,
assets/library/collective_dynamics/cylindrical_helical_currents/88_10L_theta_hydro_closure_recheck_2026-08-27/source/scripts_stage/summarize_axial_m0_nmax_convergence.py,2137,2026-08-27T03:26:36.805819+00:00,.py,assets,display_asset,47cf34e7ecdf081bacee7405b7b6354b4194c7d92fd176f7c0bd070c6cb427e1,summarize_axial_m0_nmax_convergence.py,0,
assets/library/collective_dynamics/dsf/k1_matrix_2026-08-18/source/scripts/analyze_dsf_k1_asset.py,9726,2026-08-18T13:15:52.993129+00:00,.py,assets,display_asset,a2134a57b7be8a486459072141935e33e540abbe720dfc24d26ec485dc20591c,analyze_dsf_k1_asset.py,0,
assets/library/collective_dynamics/dsf/k1_matrix_2026-08-18/source/scripts/make_dsf_k1_166_figures.py,9893,2026-08-18T14:03:00.559192+00:00,.py,assets,display_asset,d6a2991871c010744b4d60c10c292401e1edaf716ca8b17833adcc8d5646694b,make_dsf_k1_166_figures.py,0,
assets/library/collective_dynamics/dsf/k1_matrix_2026-08-18/source/scripts/make_dsf_k1_semilog_matrices.py,4599,2026-08-19T13:32:13.546246+00:00,.py,assets,display_asset,53196a3aa968b4fc4e1ba1c48bddca01a1f6841d160b93c68fdd03f232ba8a63,make_dsf_k1_semilog_matrices.py,0,
assets/library/collective_dynamics/dsf/k1_matrix_2026-08-18/source/scripts/run_dsf_k1_all_166.pbs,1703,2026-08-18T13:09:45.707680+00:00,.pbs,assets,display_asset,c1527938ba81af7155fd2c84c95d253e5f1d9014aff4c1b80cb225ce32f23181,run_dsf_k1_all_166.pbs,2,/lustre/home/users/ewu/.conda/envs/HB_analysis/bin/python | /lustre/home/users/ewu/vb_gcmc/MD
assets/library/collective_dynamics/dsf/self_kn_main64_2026-08-24/source/scripts/analyze_self_dsf_kn.py,11324,2026-08-24T02:55:04.967006+00:00,.py,assets,display_asset,f3cf0a4e40f28aab1dc2cd699f7944b7a4c23d4603e900bde099352f01f2299d,analyze_self_dsf_kn.py,0,
assets/library/collective_dynamics/dsf/self_kn_main64_2026-08-24/source/scripts/make_self_dsf_figures.py,7777,2026-08-24T04:10:14.093643+00:00,.py,assets,display_asset,e7ab67cf6f974c55554e5ff88309fe8eadad4f11dfd93bea80430b7caaf3e88e,make_self_dsf_figures.py,0,
assets/library/collective_dynamics/dsf/self_kn_main64_2026-08-24/source/scripts/run_self_dsf_kn_main64.pbs,1188,2026-08-24T02:55:59.764633+00:00,.pbs,assets,display_asset,028d50d2fef25a8d62d3cf87b07b43c18b3b1b672515cbb765129a29ccda6f0f,run_self_dsf_kn_main64.pbs,3,/lustre/home/users/ewu/.conda/envs/HB_analysis/bin/python | /lustre/home/users/ewu/vb_gcmc/MD/stage_self_dsf_kn_77_99_L2L5_8rep_10fs_20260824 | /lustre/home/users/ewu/vb_gcmc/MD/stage_vacf_tail_crosschirality_7_7_9_9_L2L5_8rep_weaknh_nomom_2ns_10fs_20260818
assets/library/collective_dynamics/dsf/vdos_dsf_L2L10_2026-08-13/source/scripts/analyze_vdos_dsf_L2L10.py,3420,2026-08-13T13:59:41.372773+00:00,.py,assets,display_asset,4d428c99085ab0c425541348cb1d200d8f1513ef6dc3e784651b8ad37f23268b,analyze_vdos_dsf_L2L10.py,0,
assets/library/collective_dynamics/dsf/vdos_dsf_L2L10_2026-08-13/source/scripts/plot_vdos_dsf_L2L10.py,1617,2026-08-13T13:59:41.391769+00:00,.py,assets,display_asset,c3fbef081bd2c5ecb69338f51d237259a9f1b0dff10887ee32bd25aba79af112,plot_vdos_dsf_L2L10.py,0,
assets/library/collective_dynamics/dsf/vdos_dsf_L2L10_2026-08-13/source/scripts/run_analyze_vdos_dsf_L2L10.sh,522,2026-08-13T13:59:41.412765+00:00,.sh,assets,display_asset,084046fe72472c5f113969bc2331a0fddc811ab999ba50f34b0ca706a79c821a,run_analyze_vdos_dsf_L2L10.sh,1,/lustre/home/users/ewu/vb_gcmc/MD/stage_vacf_tail_8_8_L2L10_8rep_weaknh_zvz_20260812
heartbeat_fetch/stage_absolute_cvj_1L10L_20260809/analyze_absolute_cvj.py,3726,2026-08-09T04:15:58.772819+00:00,.py,heartbeat_fetch,fetched_execution_snapshot,6148070a3460d9600d99d9aef296d5e646b6603763c4b51485c4650fd1830fa7,analyze_absolute_cvj.py,0,
heartbeat_fetch/stage_absolute_cvj_1L10L_20260809/run_17_0.sh,956,2026-08-09T04:15:59.001459+00:00,.sh,heartbeat_fetch,fetched_execution_snapshot,73fdc2a3ee86c6d2fb373a6418ae4c2bb36caf77156995371be1a79e11092943,run_17_0.sh,2,/lustre/home/users/ewu/vb_gcmc/MD/viscfric_length_88_RH75_20260731/rethermalized_weakNH_nomom_cross_chirality_1L5L_2rep_20260804 | /lustre/home/users/ewu/vb_gcmc/MD/viscfric_length_all_chirality_RH75_20260806/long_weakNH_nomom_10L_100fs_10ns_3rep_20260806
heartbeat_fetch/stage_absolute_cvj_1L10L_20260809/run_7_7.sh,951,2026-08-09T04:15:58.368169+00:00,.sh,heartbeat_fetch,fetched_execution_snapshot,bdf13194fd53ffa52d573be2b78675bfb7a56db3fbfa0997d44698b38457e960,run_7_7.sh,2,/lustre/home/users/ewu/vb_gcmc/MD/viscfric_length_88_RH75_20260731/rethermalized_weakNH_nomom_cross_chirality_1L5L_2rep_20260804 | /lustre/home/users/ewu/vb_gcmc/MD/viscfric_length_all_chirality_RH75_20260806/long_weakNH_nomom_10L_100fs_10ns_3rep_20260806
heartbeat_fetch/stage_absolute_cvj_1L10L_20260809/run_8_8.sh,950,2026-08-09T04:15:58.421227+00:00,.sh,heartbeat_fetch,fetched_execution_snapshot,f5b3c5fd70df3a6c7fea50af11d4ade597b85915a49288a08ca9503a3fa67527,run_8_8.sh,2,/lustre/home/users/ewu/vb_gcmc/MD/viscfric_length_88_RH75_20260731/matched_10fs_rethermalized_weakNH_no_momentum_1L5L_20260804 | /lustre/home/users/ewu/vb_gcmc/MD/viscfric_length_all_chirality_RH75_20260806/long_weakNH_nomom_10L_100fs_10ns_3rep_20260806
heartbeat_fetch/stage_absolute_cvj_1L10L_20260809/run_9_9.sh,1090,2026-08-09T04:15:58.570641+00:00,.sh,heartbeat_fetch,fetched_execution_snapshot,e398f05a61362a43781930a92d58d6418a631ff1d8d84398bed958b6294fc98c,run_9_9.sh,2,/lustre/home/users/ewu/vb_gcmc/MD/viscfric_length_88_RH75_20260731/rethermalized_weakNH_nomom_cross_chirality_1L5L_2rep_20260804 | /lustre/home/users/ewu/vb_gcmc/MD/viscfric_length_all_chirality_RH75_20260806/long_weakNH_nomom_10L_100fs_10ns_3rep_20260806
heartbeat_fetch/stage_alpha200ps_crosschirality_20260809/run_17_0.sh,1094,2026-08-09T04:15:41.655689+00:00,.sh,heartbeat_fetch,fetched_execution_snapshot,2a472911b97e0161ec4fa1e12e22a7e36988309f5d9183cd796f5e9d913dae48,run_17_0.sh,3,/lustre/home/users/ewu/vb_gcmc/MD/alpha_cvj_crosschirality_1L10L_20260808/stage_10L_alpha_cvj_crosschirality_20260808/analyze_msd_alpha_cvj.py | /lustre/home/users/ewu/vb_gcmc/MD/viscfric_length_88_RH75_20260731/rethermalized_weakNH_nomom_cross_chirality_1L5L_2rep_20260804 | /lustre/home/users/ewu/vb_gcmc/MD/viscfric_length_all_chirality_RH75_20260806/long_weakNH_nomom_10L_100fs_10ns_3rep_20260806
heartbeat_fetch/stage_alpha200ps_crosschirality_20260809/run_7_7.sh,1089,2026-08-09T04:15:41.136450+00:00,.sh,heartbeat_fetch,fetched_execution_snapshot,46984fa73c300b5f08b63abe87f10acecfa752eeb9b16ad74167c831bc439d99,run_7_7.sh,3,/lustre/home/users/ewu/vb_gcmc/MD/alpha_cvj_crosschirality_1L10L_20260808/stage_10L_alpha_cvj_crosschirality_20260808/analyze_msd_alpha_cvj.py | /lustre/home/users/ewu/vb_gcmc/MD/viscfric_length_88_RH75_20260731/rethermalized_weakNH_nomom_cross_chirality_1L5L_2rep_20260804 | /lustre/home/users/ewu/vb_gcmc/MD/viscfric_length_all_chirality_RH75_20260806/long_weakNH_nomom_10L_100fs_10ns_3rep_20260806
heartbeat_fetch/stage_alpha200ps_crosschirality_20260809/run_8_8.sh,1088,2026-08-09T04:15:41.279918+00:00,.sh,heartbeat_fetch,fetched_execution_snapshot,478e68e58adbf75c0d065432e57864bcc161bbbafd94da77d3468aa656391539,run_8_8.sh,3,/lustre/home/users/ewu/vb_gcmc/MD/alpha_cvj_crosschirality_1L10L_20260808/stage_10L_alpha_cvj_crosschirality_20260808/analyze_msd_alpha_cvj.py | /lustre/home/users/ewu/vb_gcmc/MD/viscfric_length_88_RH75_20260731/matched_10fs_rethermalized_weakNH_no_momentum_1L5L_20260804 | /lustre/home/users/ewu/vb_gcmc/MD/viscfric_length_all_chirality_RH75_20260806/long_weakNH_nomom_10L_100fs_10ns_3rep_20260806
heartbeat_fetch/stage_alpha200ps_crosschirality_20260809/run_9_9.sh,1245,2026-08-09T04:15:41.335279+00:00,.sh,heartbeat_fetch,fetched_execution_snapshot,3d8f841a2aa949ce645f3a6abedc249532d88502694e6d5405d3194ee1d411fc,run_9_9.sh,3,/lustre/home/users/ewu/vb_gcmc/MD/alpha_cvj_crosschirality_1L10L_20260808/stage_10L_alpha_cvj_crosschirality_20260808/analyze_msd_alpha_cvj.py | /lustre/home/users/ewu/vb_gcmc/MD/viscfric_length_88_RH75_20260731/rethermalized_weakNH_nomom_cross_chirality_1L5L_2rep_20260804 | /lustre/home/users/ewu/vb_gcmc/MD/viscfric_length_all_chirality_RH75_20260806/long_weakNH_nomom_10L_100fs_10ns_3rep_20260806
remote_fetch/stage_10L_alpha_cvj_crosschirality_20260808/analyze_msd_alpha_cvj.py,5560,2026-08-08T09:15:02.917933+00:00,.py,remote_fetch,fetched_execution_snapshot,cdbefab37af6b6954f380464cbab0321727c30b5063ed468567077b15c623932,analyze_msd_alpha_cvj.py,0,
remote_fetch/stage_10L_alpha_cvj_crosschirality_20260808/run_17_0.sh,959,2026-08-08T09:15:03.293977+00:00,.sh,remote_fetch,fetched_execution_snapshot,794569517282d59937f257b1b82ec1db2c0760ffbab7107dc06605e39d1661b3,run_17_0.sh,2,/lustre/home/users/ewu/vb_gcmc/MD/viscfric_length_88_RH75_20260731/rethermalized_weakNH_nomom_cross_chirality_1L5L_2rep_20260804 | /lustre/home/users/ewu/vb_gcmc/MD/viscfric_length_all_chirality_RH75_20260806/long_weakNH_nomom_10L_100fs_10ns_3rep_20260806
remote_fetch/stage_10L_alpha_cvj_crosschirality_20260808/run_7_7.sh,954,2026-08-08T09:15:02.474930+00:00,.sh,remote_fetch,fetched_execution_snapshot,3ddd952da0d881c4ecbe720e49242239ef31b34857adfd5ab8ebe50ae7ce4295,run_7_7.sh,2,/lustre/home/users/ewu/vb_gcmc/MD/viscfric_length_88_RH75_20260731/rethermalized_weakNH_nomom_cross_chirality_1L5L_2rep_20260804 | /lustre/home/users/ewu/vb_gcmc/MD/viscfric_length_all_chirality_RH75_20260806/long_weakNH_nomom_10L_100fs_10ns_3rep_20260806
remote_fetch/stage_10L_alpha_cvj_crosschirality_20260808/run_8_8.sh,953,2026-08-08T09:15:02.700231+00:00,.sh,remote_fetch,fetched_execution_snapshot,eed52d6a352f125f3c603d03b521e6149698885f4e8e8c9a31d22f20ad94ee68,run_8_8.sh,2,/lustre/home/users/ewu/vb_gcmc/MD/viscfric_length_88_RH75_20260731/matched_10fs_rethermalized_weakNH_no_momentum_1L5L_20260804 | /lustre/home/users/ewu/vb_gcmc/MD/viscfric_length_all_chirality_RH75_20260806/long_weakNH_nomom_10L_100fs_10ns_3rep_20260806
remote_fetch/stage_10L_alpha_cvj_crosschirality_20260808/run_9_9.sh,1093,2026-08-08T09:15:02.807918+00:00,.sh,remote_fetch,fetched_execution_snapshot,9e81375e8939298c3cef629132eff42a0692f118f90011a135562ed85adb26ab,run_9_9.sh,2,/lustre/home/users/ewu/vb_gcmc/MD/viscfric_length_88_RH75_20260731/rethermalized_weakNH_nomom_cross_chirality_1L5L_2rep_20260804 | /lustre/home/users/ewu/vb_gcmc/MD/viscfric_length_all_chirality_RH75_20260806/long_weakNH_nomom_10L_100fs_10ns_3rep_20260806
remote_fetch/stage_C99_earlytime_highk_measured_kernel_20260830/run_C99_earlytime_highk_array.pbs,1278,2026-08-30T09:03:34.000575+00:00,.pbs,remote_fetch,fetched_execution_snapshot,fd646b732704b0d8e6031addc2ceee2db792867c82d1edef01c22b91dce4130b,run_C99_earlytime_highk_array.pbs,4,/lustre/home/users/ewu/.conda/envs/HB_analysis/bin/python | /lustre/home/users/ewu/vb_gcmc/MD/c99_T350_weakNH_r4_N2400_N3200_extension_20260817 | /lustre/home/users/ewu/vb_gcmc/MD/chirality_length_scan_20260816/c99_T350_weakNH_r4 | /lustre/home/users/ewu/vb_gcmc/MD/stage_C99_earlytime_highk_measured_kernel_20260830
remote_fetch/stage_C99_earlytime_highk_measured_kernel_20260830/scripts/analyze_C99_earlytime_highk.py,9017,2026-08-30T09:03:34.597801+00:00,.py,remote_fetch,fetched_execution_snapshot,e787af514d1b5c5bafd6dd21320c0ccd0e2789670aaa47f99cc2db3bf0860a4e,analyze_C99_earlytime_highk.py,0,
remote_fetch/stage_C99_multirate_LT_production_wave1_N800_N1600_rerun_20260830_compact_receipt/run_reaudit_ready_members.pbs,766,2026-08-30T10:06:09.706358+00:00,.pbs,remote_fetch,fetched_execution_snapshot,e22d5cf96f3cf9d7a3bd6bfe565fc11c0709e24fb860304f0823b0e86c81e85a,run_reaudit_ready_members.pbs,2,/lustre/home/users/ewu/.conda/envs/HB_analysis/bin/python | /lustre/home/users/ewu/vb_gcmc/MD/stage_C99_multirate_LT_production_wave1_N800_N1600_rerun_20260830
remote_fetch/stage_C99_multirate_LT_production_wave1_N800_N1600_rerun_20260830_compact_receipt/scripts/audit_production_layout.py,3181,2026-08-30T10:06:09.763197+00:00,.py,remote_fetch,fetched_execution_snapshot,4deae8fd540cb5f4fd0ae74b1a2d4fceca44965357a9438f8f76f564ae1f0c5c,audit_production_layout.py,0,
remote_fetch/stage_C99_static_vertex_lowk_block_audit_20260829/run_array.pbs,1099,2026-08-29T11:15:48.553866+00:00,.pbs,remote_fetch,fetched_execution_snapshot,81dcf85607c97e2e40bd9cbbf6ef80a2c1d45ce6ebcbaafb8ea3e05b82606931,run_array.pbs,4,/lustre/home/users/ewu/.conda/envs/HB_analysis/bin/python | /lustre/home/users/ewu/vb_gcmc/MD/c99_T350_weakNH_r4_N2400_N3200_extension_20260817 | /lustre/home/users/ewu/vb_gcmc/MD/chirality_length_scan_20260816/c99_T350_weakNH_r4 | /lustre/home/users/ewu/vb_gcmc/MD/stage_C99_static_vertex_lowk_block_audit_20260829
remote_fetch/stage_C99_static_vertex_lowk_block_audit_20260829/scripts/audit_static_vertex_blocks.py,2703,2026-08-29T11:15:49.727002+00:00,.py,remote_fetch,fetched_execution_snapshot,c0f9e13787427d4c6ce4dd60da93a5f2bb536e0e65ceed005bdf8e9fe52bad74,audit_static_vertex_blocks.py,0,
remote_fetch/stage_C99_unified_longitudinal_current_VACF_500ps_20260829/run_C99_unified_array.pbs,1302,2026-08-29T07:53:07.969846+00:00,.pbs,remote_fetch,fetched_execution_snapshot,297a7ff1191ca7e173d918a44d2b5ee1de0a3c1cd5c37daf6dee10beb17abe32,run_C99_unified_array.pbs,4,/lustre/home/users/ewu/.conda/envs/HB_analysis/bin/python | /lustre/home/users/ewu/vb_gcmc/MD/c99_T350_weakNH_r4_N2400_N3200_extension_20260817 | /lustre/home/users/ewu/vb_gcmc/MD/chirality_length_scan_20260816/c99_T350_weakNH_r4 | /lustre/home/users/ewu/vb_gcmc/MD/stage_C99_unified_longitudinal_current_VACF_500ps_20260829
remote_fetch/stage_C99_unified_longitudinal_current_VACF_500ps_20260829/scripts/analyze_C99_m0_unified.py,8081,2026-08-29T07:53:11.692516+00:00,.py,remote_fetch,fetched_execution_snapshot,52abf345331a1a243b1af8952d6ea04b669ce0102b625f6627253f806f37e0b5,analyze_C99_m0_unified.py,0,
results/collective_mode_response/88_10L_LA_DHO_lowk_tests/2026-08-26/scripts/analyze_lowk_dho_tests.py,7759,2026-08-25T15:44:08.136155+00:00,.py,results,analysis_archive_or_derived_asset,7d1411ddab8b12506fee480456f1a4d42dbffaef71e625a10ac401c7234d8566,analyze_lowk_dho_tests.py,0,
results/collective_mode_response/88_10L_LA_DHO_lowk_tests/2026-08-26/scripts/test_dho_thermal_relaxation_term.py,3406,2026-08-25T23:21:35.827495+00:00,.py,results,analysis_archive_or_derived_asset,fce141cc8cda61769202e0905e377d1b3b7e79384daaff80fb40e02b0e6a4c14,test_dho_thermal_relaxation_term.py,0,
results/collective_mode_response/88_10L_LA_beating_vs_fast_relaxation/2026-08-26/scripts/compare_beating_models.py,9824,2026-08-25T23:44:48.562203+00:00,.py,results,analysis_archive_or_derived_asset,f4fef76be80920fb01fa8d743a1fde660bafca67b3c3a90ba77e36e807a65ae0,compare_beating_models.py,0,
results/collective_mode_response/88_10L_LA_beating_vs_fast_relaxation/2026-08-26/scripts/leave_one_replica_prediction.py,1827,2026-08-25T23:32:06.377964+00:00,.py,results,analysis_archive_or_derived_asset,5f39eb493d10902fe8c36d87a5fe7fe6b7f828e5d82c0f000fc25542d44bfb63,leave_one_replica_prediction.py,0,
results/collective_mode_response/88_10L_LA_late_tail_coherence/2026-08-26/scripts/late_tail_coherence.py,2644,2026-08-26T01:38:55.082574+00:00,.py,results,analysis_archive_or_derived_asset,ab2971d955ad3473b395ef59545c53bd532854ed41b4833688a33e5c1c21a9e8,late_tail_coherence.py,0,
results/collective_mode_response/88_10L_LA_n1_500ps_beating_retest/2026-08-26/scripts/render_from_saved_500ps.py,997,2026-08-26T01:15:06.465152+00:00,.py,results,analysis_archive_or_derived_asset,48f9e702b900ac5ff2dd8911a95979803b9ddeb502270e2541652af8e7d63684,render_from_saved_500ps.py,0,
results/collective_mode_response/88_10L_LA_n1_500ps_beating_retest/2026-08-26/scripts/retest_n1_beating_500ps.py,7541,2026-08-26T01:16:12.651007+00:00,.py,results,analysis_archive_or_derived_asset,21dd9da1d8377b14fcbb1c7abddfdf3b0c29e17ae2f7eabf846b74d23ffd309f,retest_n1_beating_500ps.py,0,
results/collective_mode_response/88_10L_LA_n2n3_beating_longwindow/2026-08-26/scripts/render_from_saved.py,1045,2026-08-26T01:29:58.001202+00:00,.py,results,analysis_archive_or_derived_asset,350d0bf437d771e95606560db93ec6eb8441fa5465813e7720fe97e9a06d73a6,render_from_saved.py,0,
results/collective_mode_response/88_10L_LA_n2n3_beating_longwindow/2026-08-26/scripts/retest_n2n3_beating.py,5114,2026-08-26T01:29:10.342316+00:00,.py,results,analysis_archive_or_derived_asset,cc3c7a4a014d611f1b216e8bc8d5cfda058d9926ec30dda6b28e9f5fe63e4ad6,retest_n2n3_beating.py,0,
results/collective_mode_response/88_10L_helical_CLT_cross_term_100fs_1ns_3seed/2026-08-28/scripts/analyze_helical_CLT_cross_term.py,28158,2026-08-28T04:46:41.401917+00:00,.py,results,analysis_archive_or_derived_asset,e3b64deaff11a53cade66a91d3cb13348647b20f68cc06ec6031cc6bd73c3fc1,analyze_helical_CLT_cross_term.py,0,
results/collective_mode_response/88_10L_helical_CLT_mixed_viscoelastic_band_100fs_1ns_3seed/2026-08-28/scripts/run_CLT_mixed_viscoelastic_band.py,1558,2026-08-28T04:46:41.432649+00:00,.py,results,analysis_archive_or_derived_asset,f2937bc1bb9c814b96138b980469cccd192928b19f17feb6a4fadb6998f1f75a,run_CLT_mixed_viscoelastic_band.py,0,
results/collective_mode_response/88_10L_helical_cylindrical_current_nm_screen/2026-08-27/scripts/analyze_88_10L_helical_cylindrical_currents.py,17338,2026-08-26T23:55:58.911366+00:00,.py,results,analysis_archive_or_derived_asset,db78890481c22f44fe37c644dd982a90c981febf54f181b241a43ceaf5d4c5d9,analyze_88_10L_helical_cylindrical_currents.py,0,
results/collective_mode_response/88_10L_kz0_m_transverse_control/2026-08-28/scripts/analyze_kz0_m_transverse_control.py,6680,2026-08-28T14:31:18.530219+00:00,.py,results,analysis_archive_or_derived_asset,6a32225cea3a5d51a7ace3bd3899fbedf0b5b01f400f1889f79b1a02b36b91cb,analyze_kz0_m_transverse_control.py,0,
results/collective_mode_response/88_10L_per_k_semilog_Skw_pm10_LA_TAr_TAtheta/2026-08-26_gamma2_TAtheta_spectral_linewidth/scripts/analyze_tatheta_gamma2_linewidth.py,12879,2026-08-26T02:15:38.874517+00:00,.py,results,analysis_archive_or_derived_asset,89c65f3b50b29d5208c26861f8cea36c7455cbc7a4279e9b53f265ebb3f9f057,analyze_tatheta_gamma2_linewidth.py,0,
results/collective_mode_response/88_10L_per_k_semilog_Skw_pm10_LA_TAr_TAtheta/2026-08-26_gamma2_TAtheta_spectral_linewidth/scripts/plot_tatheta_n001_n004_fit_quality.py,6215,2026-08-26T08:22:51.219784+00:00,.py,results,analysis_archive_or_derived_asset,c16f7f4705014cfcc04d6cc7eadb64e73a9048c7f78a93d3d805fe32d1c876cf,plot_tatheta_n001_n004_fit_quality.py,0,
results/collective_mode_response/88_5L_LA_TAr_TAtheta_dispersion/2026-08-19/analyze_cjj_negative_lobes.py,9636,2026-08-19T08:12:03.351771+00:00,.py,results,analysis_archive_or_derived_asset,03f761ae0bc9ce558c14bed1b96c253187ca3ccb90ac9a71e77485b817a511f0,analyze_cjj_negative_lobes.py,0,
results/collective_mode_response/C88_N1600_syntheticN800_roundtrip/2026-09-01/scripts/roundtrip_N1600_syntheticN800_backtoN1600.py,10418,2026-09-01T07:34:39.127476+00:00,.py,results,analysis_archive_or_derived_asset,b0be0fc0e317aba5ebd8d782c2bff3dd1660f8dde718da5ffc1fe08cd89066a9,roundtrip_N1600_syntheticN800_backtoN1600.py,0,
results/collective_mode_response/C88_N1600_syntheticN800_roundtrip_phaseDHO_Fs_W/2026-09-01/scripts/test_phaseDHO_then_Fs_W_N800_to_N1600.py,9831,2026-09-01T08:46:12.418037+00:00,.py,results,analysis_archive_or_derived_asset,b0799633456abcda553c04da3e3576e03713f42c8334dc42342a8ab717392e8c,test_phaseDHO_then_Fs_W_N800_to_N1600.py,0,
results/collective_mode_response/C88_N1600_syntheticN800_roundtrip_phaseDHO_ab/2026-09-01/scripts/test_phaseDHO_ab_N800_to_N1600.py,14574,2026-09-01T08:44:09.152774+00:00,.py,results,analysis_archive_or_derived_asset,84bcbec1e52e1db1b201b647a10efdf78b70baec826026d701b5b7667a51e66c,test_phaseDHO_ab_N800_to_N1600.py,0,
results/collective_mode_response/C88_N1600_syntheticN800_roundtrip_phaseDHO_lobe_residual_localization/2026-09-01/scripts/localize_phaseDHO_VACF_lobe_residuals.py,9546,2026-09-01T10:36:39.333397+00:00,.py,results,analysis_archive_or_derived_asset,3bf55c7e10c0e870b9018cf585ee04caf31bbf1b406ee3b57ca8fe883030f4bd,localize_phaseDHO_VACF_lobe_residuals.py,0,
results/collective_mode_response/C88_N1600_syntheticN800_roundtrip_phiJ_provenance/2026-09-01/scripts/audit_phiJ_N800_to_N1600_interpolation.py,14311,2026-09-01T08:31:00.028239+00:00,.py,results,analysis_archive_or_derived_asset,a1e39efb4378f7122f0eb2fa062082535774e37b82c5fc371def9ce1bf5e6f73,audit_phiJ_N800_to_N1600_interpolation.py,0,
results/collective_mode_response/C99_CJJ43_44_46_52_53_multirate_synthesis/2026-08-31/scripts/reproduce.py,236,2026-08-31T01:49:19.594754+00:00,.py,results,analysis_archive_or_derived_asset,311633fc063c3c7ec247e315ba496f482c29ca2ed9c26d55ef6355c4cf0a2d3b,reproduce.py,0,
results/collective_mode_response/CT_theta_m0_crosslength_matched_k_88_L5L10_available_assets/2026-08-28/scripts/make_matched_k_check.py,6184,2026-08-28T01:27:14.407687+00:00,.py,results,analysis_archive_or_derived_asset,77fe3ac8d54683941722ddedafa142522550adfd43adc96be2179ca40f265eb3,make_matched_k_check.py,0,
results/collective_mode_response/CT_theta_m0_crosslength_matched_k_88_L5L10_available_assets/2026-08-28/scripts/make_protocol_matched_2L10L_check.py,5132,2026-08-28T01:30:52.622327+00:00,.py,results,analysis_archive_or_derived_asset,f6e74d15a18ff2e517378e6727d2c71a7d8da54c09e8913d0ef9037c6dfc8f85,make_protocol_matched_2L10L_check.py,0,
results/collective_mode_response/CT_theta_m0_kn_88_L10_100fs_1ns_3rep/2026-08-27/scripts_stage/aggregate_m0_rotation_oxygen_stride.py,6660,2026-08-27T01:45:52.458535+00:00,.py,results,analysis_archive_or_derived_asset,5fc5270bde9dccf4909292afa4e6f3cf2bf1d62c626e1f63f10226696f240097,aggregate_m0_rotation_oxygen_stride.py,0,
results/collective_mode_response/CT_theta_m0_kn_88_L10_100fs_1ns_3rep/2026-08-27/scripts_stage/aggregate_relative_angular_current.py,5349,2026-08-27T02:23:59.140612+00:00,.py,results,analysis_archive_or_derived_asset,a029299a40315f07b9b2f8c76e66edbf4fb0f3a3cbb0ef37bc9258b5b417608a,aggregate_relative_angular_current.py,0,
results/collective_mode_response/CT_theta_m0_kn_88_L10_100fs_1ns_3rep/2026-08-27/scripts_stage/analyze_L2L5L10_vacf_exit_offset.py,3584,2026-08-27T08:05:32.298044+00:00,.py,results,analysis_archive_or_derived_asset,ff100c539ae8ddf93fbd9b861660472e0e70ab9711cbf4190ab10d353f29d1ac,analyze_L2L5L10_vacf_exit_offset.py,0,
results/collective_mode_response/CT_theta_m0_kn_88_L10_100fs_1ns_3rep/2026-08-27/scripts_stage/analyze_L2L5_vacf_kmin_Fs_mechanism.py,4896,2026-08-27T08:00:51.907393+00:00,.py,results,analysis_archive_or_derived_asset,80c235ce6283f17391793fcdeb187fbb14b16fc45f8505e9bfea6f7ad4292a86,analyze_L2L5_vacf_kmin_Fs_mechanism.py,0,
results/collective_mode_response/CT_theta_m0_kn_88_L10_100fs_1ns_3rep/2026-08-27/scripts_stage/analyze_Lz_vacf_positive_alpha.py,5983,2026-08-27T08:42:13.470220+00:00,.py,results,analysis_archive_or_derived_asset,faa881e801c99a31d4a5fe9fa5e6b2c21e1d808b543ce48406e796f3d528c62a,analyze_Lz_vacf_positive_alpha.py,0,
results/collective_mode_response/CT_theta_m0_kn_88_L10_100fs_1ns_3rep/2026-08-27/scripts_stage/analyze_alpha_z_rebound_peak_100fs.py,7901,2026-08-27T09:11:55.314903+00:00,.py,results,analysis_archive_or_derived_asset,c076c17b09528c4c84ce0bed521966ddb5aaf86cd755365069fb8c841600715b,analyze_alpha_z_rebound_peak_100fs.py,0,
results/collective_mode_response/CT_theta_m0_kn_88_L10_100fs_1ns_3rep/2026-08-27/scripts_stage/analyze_axial_m0_modecoupling_screen.py,6778,2026-08-27T03:18:23.339603+00:00,.py,results,analysis_archive_or_derived_asset,61316f46347e78d45a3caf4ac0d81095d5afd0d77a2bdf2d046f33d14376330d,analyze_axial_m0_modecoupling_screen.py,0,
results/collective_mode_response/CT_theta_m0_kn_88_L10_100fs_1ns_3rep/2026-08-27/scripts_stage/analyze_ct_theta_m0_kn.py,8293,2026-08-27T02:35:53.708393+00:00,.py,results,analysis_archive_or_derived_asset,761888309bbec6a0645e4905c5b35746043687f0479fcd45095b5a9a949c8513,analyze_ct_theta_m0_kn.py,0,
results/collective_mode_response/CT_theta_m0_kn_88_L10_100fs_1ns_3rep/2026-08-27/scripts_stage/analyze_ct_theta_m0_kn_acf.py,3774,2026-08-27T02:46:13.537416+00:00,.py,results,analysis_archive_or_derived_asset,a31bf5f3658a62e4e720f44b5cc52c3fa784aa53e57dc4beedfd05f028fe8ae8,analyze_ct_theta_m0_kn_acf.py,0,
results/collective_mode_response/CT_theta_m0_kn_88_L10_100fs_1ns_3rep/2026-08-27/scripts_stage/analyze_helical_self_isf_k1.py,12931,2026-08-27T10:34:51.765177+00:00,.py,results,analysis_archive_or_derived_asset,c3a7e393cfa7d1d7fd5b47d86fb322dc6b45b7115a4cc581d8bcabe186e7bb95,analyze_helical_self_isf_k1.py,0,
results/collective_mode_response/CT_theta_m0_kn_88_L10_100fs_1ns_3rep/2026-08-27/scripts_stage/analyze_lowk_m1_dynamic_projection.py,6972,2026-08-27T04:50:28.957035+00:00,.py,results,analysis_archive_or_derived_asset,d538fc1a6d691ed232e9571324d3478d47d68d179f3a07ec56408dfb5e1fd881,analyze_lowk_m1_dynamic_projection.py,0,
results/collective_mode_response/CT_theta_m0_kn_88_L10_100fs_1ns_3rep/2026-08-27/scripts_stage/analyze_m0_n11n20_negative_lobe.py,7824,2026-08-27T05:25:07.194449+00:00,.py,results,analysis_archive_or_derived_asset,27fc41aec2ccace6118508b3452b3bc786cbd2edce08df89f3a264631fc99a1c,analyze_m0_n11n20_negative_lobe.py,0,
results/collective_mode_response/CT_theta_m0_kn_88_L10_100fs_1ns_3rep/2026-08-27/scripts_stage/analyze_m0_odd_even_counterfactual.py,5483,2026-08-27T05:18:47.297569+00:00,.py,results,analysis_archive_or_derived_asset,c1823d2c37b317126bbaba4d04dd9d44e60d95b016f73bf80b20c61c7e897fc3,analyze_m0_odd_even_counterfactual.py,0,
results/collective_mode_response/CT_theta_m0_kn_88_L10_100fs_1ns_3rep/2026-08-27/scripts_stage/analyze_m0_rotation_oxygen_stride.py,9440,2026-08-27T01:27:55.541949+00:00,.py,results,analysis_archive_or_derived_asset,bbbbe8eb7a09365e8e98ee1857f5a2422c70cf2ab0ca4b3313379adfd7c5d44f,analyze_m0_rotation_oxygen_stride.py,0,
results/collective_mode_response/CT_theta_m0_kn_88_L10_100fs_1ns_3rep/2026-08-27/scripts_stage/analyze_relative_angular_current_stride.py,7308,2026-08-27T01:59:06.208071+00:00,.py,results,analysis_archive_or_derived_asset,b702f13ca22c0b73282d37c55f99e2354f0fb6b52320124dfa75713a6c90ad9a,analyze_relative_angular_current_stride.py,0,
results/collective_mode_response/CT_theta_m0_kn_88_L10_100fs_1ns_3rep/2026-08-27/scripts_stage/analyze_smallm_polarization_lifetime.py,4343,2026-08-27T03:33:49.673781+00:00,.py,results,analysis_archive_or_derived_asset,b669dc5ba4bd91d4fe7f6cb6c4b93e8629b8a08ee79694fefa7675ae30aba28d,analyze_smallm_polarization_lifetime.py,0,
results/collective_mode_response/CT_theta_m0_kn_88_L10_100fs_1ns_3rep/2026-08-27/scripts_stage/analyze_tagged_collective_vertex_m0.py,8568,2026-08-27T04:31:30.591889+00:00,.py,results,analysis_archive_or_derived_asset,c484f4df67101151ccf8f457230b345b1f30ad241ea229b2335afebe21299595,analyze_tagged_collective_vertex_m0.py,0,
results/collective_mode_response/CT_theta_m0_kn_88_L10_100fs_1ns_3rep/2026-08-27/scripts_stage/analyze_tagged_collective_vertex_mixed_pairs.py,5883,2026-08-27T04:39:56.272916+00:00,.py,results,analysis_archive_or_derived_asset,7dfe72108dac78f2b63bd2d0c17ff33219142ef7f1ab2dd5fee0750ca18afa3c,analyze_tagged_collective_vertex_mixed_pairs.py,0,
results/collective_mode_response/CT_theta_m0_kn_88_L10_100fs_1ns_3rep/2026-08-27/scripts_stage/analyze_theta_m0_factorization_m1m4.py,9457,2026-08-27T02:59:51.253649+00:00,.py,results,analysis_archive_or_derived_asset,582bf28566a333e990b7841a9910ee5cad5b2cef48bd5397e2685d5d921a721d,analyze_theta_m0_factorization_m1m4.py,0,
results/collective_mode_response/CT_theta_m0_kn_88_L10_100fs_1ns_3rep/2026-08-27/scripts_stage/analyze_theta_rep.py,8952,2026-08-26T10:56:44.361490+00:00,.py,results,analysis_archive_or_derived_asset,3553aca28fbd9defaea6c13e15a78e960c582258ab163a2c22802201a386ba95,analyze_theta_rep.py,0,
results/collective_mode_response/CT_theta_m0_kn_88_L10_100fs_1ns_3rep/2026-08-27/scripts_stage/analyze_theta_rep_memmap.py,12135,2026-08-27T01:25:01.943863+00:00,.py,results,analysis_archive_or_derived_asset,8ce64a54e204e609ff9c3706f825e3da18954539d842d303a2d26a6902817165,analyze_theta_rep_memmap.py,0,
results/collective_mode_response/CT_theta_m0_kn_88_L10_100fs_1ns_3rep/2026-08-27/scripts_stage/analyze_unnormalized_cjj_static_screen.py,9908,2026-08-27T04:21:19.451155+00:00,.py,results,analysis_archive_or_derived_asset,3a8748fbd4b31982b043c91e789b646c51aac8f4200437bee1510d5e348978cd,analyze_unnormalized_cjj_static_screen.py,0,
results/collective_mode_response/CT_theta_m0_kn_88_L10_100fs_1ns_3rep/2026-08-27/scripts_stage/analyze_viscoelastic_mixed_band.py,8120,2026-08-27T03:44:45.576220+00:00,.py,results,analysis_archive_or_derived_asset,6da0937e6b7bdd80cbd557ddf0720a9942d84dc26b9526eb43f510240a6060c8,analyze_viscoelastic_mixed_band.py,0,
results/collective_mode_response/CT_theta_m0_kn_88_L10_100fs_1ns_3rep/2026-08-27/scripts_stage/audit_alpha_exponential_source_10fs.py,7976,2026-08-27T09:21:36.521298+00:00,.py,results,analysis_archive_or_derived_asset,d6aeb8a50173f55ed6a371853ce1e881b61b361f6af1a5baa073322bf6be1040,audit_alpha_exponential_source_10fs.py,0,
results/collective_mode_response/CT_theta_m0_kn_88_L10_100fs_1ns_3rep/2026-08-27/scripts_stage/check_fullwater_header.py,954,2026-08-26T10:56:44.365491+00:00,.py,results,analysis_archive_or_derived_asset,6d8e4f7e52289e55a0a02301f8b7462e56933ab051a1f9964b7871190a0d1c50,check_fullwater_header.py,0,
results/collective_mode_response/CT_theta_m0_kn_88_L10_100fs_1ns_3rep/2026-08-27/scripts_stage/check_merge.py,681,2026-08-26T11:25:44.604849+00:00,.py,results,analysis_archive_or_derived_asset,f857b32cb22718ff95dbae4c1acd0dfc2a72ac02da25b5ec334cef2ccc7626d1,check_merge.py,1,/lustre/home/users/ewu/vb_gcmc/MD/stage_theta_decom_88_L2L10_100fs_10ns_20260826
results/collective_mode_response/CT_theta_m0_kn_88_L10_100fs_1ns_3rep/2026-08-27/scripts_stage/check_remote_parser.py,593,2026-08-26T10:56:06.752485+00:00,.py,results,analysis_archive_or_derived_asset,f7874759a598c1244c091e33898625e0553862c438bbe6ca1d52f73ac8884e20,check_remote_parser.py,1,/lustre/home/users/ewu/vb_gcmc/MD/stage_theta_decom_88_L2L10_100fs_10ns_20260826/analyze_theta_rep.py
results/collective_mode_response/CT_theta_m0_kn_88_L10_100fs_1ns_3rep/2026-08-27/scripts_stage/check_sources.py,1417,2026-08-26T09:31:26.800121+00:00,.py,results,analysis_archive_or_derived_asset,e53c41d43203e63df311fd1e61e5cb20537e8be83c74b2abdab7986a3e06eb0a,check_sources.py,3,/lustre/home/users/ewu/vb_gcmc/MD | /lustre/home/users/ewu/vb_gcmc/MD/stage_vacf_tail_8_8_L2L5_4rep_weaknh_nomom_10ns_100fs_20260821 | /lustre/home/users/ewu/vb_gcmc/MD/viscfric_length_all_chirality_RH75_20260806/long_weakNH_nomom_10L_100fs_10ns_3rep_20260806
results/collective_mode_response/CT_theta_m0_kn_88_L10_100fs_1ns_3rep/2026-08-27/scripts_stage/compare_alpha_min_saturation_models.py,6125,2026-08-27T09:05:32.937101+00:00,.py,results,analysis_archive_or_derived_asset,b6f7d2e299f5f9f408c324da65e8005caa52820ba27220cc30120a593e51c3d6,compare_alpha_min_saturation_models.py,0,
results/collective_mode_response/CT_theta_m0_kn_88_L10_100fs_1ns_3rep/2026-08-27/scripts_stage/finalize_viscoelastic_mixed_band.py,3633,2026-08-27T03:53:42.363371+00:00,.py,results,analysis_archive_or_derived_asset,cc00a7ede78d2d66c01b5f8bb317557f2ddcdf6babf481717a8380750194560e,finalize_viscoelastic_mixed_band.py,0,
results/collective_mode_response/CT_theta_m0_kn_88_L10_100fs_1ns_3rep/2026-08-27/scripts_stage/fit_axial_lowk_hydro_component.py,3169,2026-08-27T03:22:45.149660+00:00,.py,results,analysis_archive_or_derived_asset,f090394696507c6b0facc3b698023b224466e1f31957a9a51a26e215c69cbc2f,fit_axial_lowk_hydro_component.py,0,
results/collective_mode_response/CT_theta_m0_kn_88_L10_100fs_1ns_3rep/2026-08-27/scripts_stage/fit_axial_lowk_hydro_component_nmax.py,3357,2026-08-27T03:25:20.859219+00:00,.py,results,analysis_archive_or_derived_asset,95f29d89622ac4e5223f3723468ea2b5ddce23a9b8dab0940d5ada09e1cdd824,fit_axial_lowk_hydro_component_nmax.py,0,
results/collective_mode_response/CT_theta_m0_kn_88_L10_100fs_1ns_3rep/2026-08-27/scripts_stage/fit_theta_m0_hydro_component.py,3389,2026-08-27T03:32:25.713431+00:00,.py,results,analysis_archive_or_derived_asset,7a8c62de70d2eb87d14993c5603de586c87363a546198a0d8292373457a63445,fit_theta_m0_hydro_component.py,0,
results/collective_mode_response/CT_theta_m0_kn_88_L10_100fs_1ns_3rep/2026-08-27/scripts_stage/merge_theta_ensemble.py,3577,2026-08-26T11:16:11.050288+00:00,.py,results,analysis_archive_or_derived_asset,d2bea8aa59d143fc5bb6eb227a33ac7cb4734bab05e7036e037f6f667668f69a,merge_theta_ensemble.py,1,/lustre/home/users/ewu/vb_gcmc/MD/stage_theta_decom_88_L2L10_100fs_10ns_20260826
results/collective_mode_response/CT_theta_m0_kn_88_L10_100fs_1ns_3rep/2026-08-27/scripts_stage/monitor_theta.py,1104,2026-08-26T11:05:39.393851+00:00,.py,results,analysis_archive_or_derived_asset,26a4664fde5680461466205161e331bfb18329fe3f3f4d9f463c816d89cbf0f6,monitor_theta.py,1,/lustre/home/users/ewu/vb_gcmc/MD/stage_theta_decom_88_L2L10_100fs_10ns_20260826
results/collective_mode_response/CT_theta_m0_kn_88_L10_100fs_1ns_3rep/2026-08-27/scripts_stage/plot_L2L5L10_vacf_exit_offset.py,2236,2026-08-27T08:05:32.330048+00:00,.py,results,analysis_archive_or_derived_asset,012c5fa29ef2def6fb7ec2821c882253e0acae2ae064f53b971835b8b5ae5041,plot_L2L5L10_vacf_exit_offset.py,0,
results/collective_mode_response/CT_theta_m0_kn_88_L10_100fs_1ns_3rep/2026-08-27/scripts_stage/plot_L2L5_vacf_kmin_Fs_mechanism.py,2487,2026-08-27T08:00:51.920837+00:00,.py,results,analysis_archive_or_derived_asset,93ba4ce3cccffa701a349f32d6026886a0f3ab13ad885e0b80e2aebf5fb6090e,plot_L2L5_vacf_kmin_Fs_mechanism.py,0,
results/collective_mode_response/CT_theta_m0_kn_88_L10_100fs_1ns_3rep/2026-08-27/scripts_stage/plot_Lz_vacf_positive_alpha.py,2954,2026-08-27T08:43:13.571340+00:00,.py,results,analysis_archive_or_derived_asset,a8ed074491c12987fbd324dce86e7acd9daa156b04d8c6bde6ad801e8c10223b,plot_Lz_vacf_positive_alpha.py,0,
results/collective_mode_response/CT_theta_m0_kn_88_L10_100fs_1ns_3rep/2026-08-27/scripts_stage/plot_axial_m0_modecoupling_screen.py,2158,2026-08-27T03:23:29.020668+00:00,.py,results,analysis_archive_or_derived_asset,09daa905375f7d96606b7f8e0f75b31d66358a7c67eaca3ed17e15b88e6fa5f5,plot_axial_m0_modecoupling_screen.py,0,
results/collective_mode_response/CT_theta_m0_kn_88_L10_100fs_1ns_3rep/2026-08-27/scripts_stage/plot_ct_theta_m0_kn.py,5509,2026-08-27T02:43:21.208540+00:00,.py,results,analysis_archive_or_derived_asset,b4cb59dfe9d2ebf212373fa0bc32d9ed40b6be302ef04c803948d2e5e1135cdd,plot_ct_theta_m0_kn.py,0,
results/collective_mode_response/CT_theta_m0_kn_88_L10_100fs_1ns_3rep/2026-08-27/scripts_stage/plot_ct_theta_m0_kn_acf.py,2766,2026-08-27T02:46:13.541420+00:00,.py,results,analysis_archive_or_derived_asset,ec6a3bfed0671f81399c9767c06e2b081760d75173220b5f9bbd1a4749dd5d7e,plot_ct_theta_m0_kn_acf.py,0,
results/collective_mode_response/CT_theta_m0_kn_88_L10_100fs_1ns_3rep/2026-08-27/scripts_stage/plot_lowk_m1_dynamic_projection.py,2400,2026-08-27T05:01:49.530975+00:00,.py,results,analysis_archive_or_derived_asset,5ad435c493376fdf78ec7c00e609b07fbdda31008096370ae00ee0fe1b17b7a7,plot_lowk_m1_dynamic_projection.py,0,
results/collective_mode_response/CT_theta_m0_kn_88_L10_100fs_1ns_3rep/2026-08-27/scripts_stage/plot_m0_n11n20_negative_lobe.py,2956,2026-08-27T05:30:10.432550+00:00,.py,results,analysis_archive_or_derived_asset,d07bfa57f1f9e21a8cd8a531329edfd9c9eddcc06f2e5492acbb247f5870a773,plot_m0_n11n20_negative_lobe.py,0,
results/collective_mode_response/CT_theta_m0_kn_88_L10_100fs_1ns_3rep/2026-08-27/scripts_stage/plot_m0_odd_even_5L10L_1x3.py,4983,2026-08-27T10:17:56.898712+00:00,.py,results,analysis_archive_or_derived_asset,f319b99821bd815d20a2bb66841d5788f86338802b01460506a3f0e598c12582,plot_m0_odd_even_5L10L_1x3.py,0,
results/collective_mode_response/CT_theta_m0_kn_88_L10_100fs_1ns_3rep/2026-08-27/scripts_stage/plot_m0_odd_even_counterfactual.py,2930,2026-08-27T05:18:28.862903+00:00,.py,results,analysis_archive_or_derived_asset,3a6d53c0a37bb61bc34f1ff8c122120fc748262a98e61a7dc9c074be7fe719db,plot_m0_odd_even_counterfactual.py,0,
results/collective_mode_response/CT_theta_m0_kn_88_L10_100fs_1ns_3rep/2026-08-27/scripts_stage/plot_native100fs_alpha_min_peak_dependence.py,8883,2026-08-27T09:28:07.911557+00:00,.py,results,analysis_archive_or_derived_asset,96d1497415895c0028b5bd7f74377c13b6051a171185c8387c393780775368d1,plot_native100fs_alpha_min_peak_dependence.py,0,
results/collective_mode_response/CT_theta_m0_kn_88_L10_100fs_1ns_3rep/2026-08-27/scripts_stage/plot_native100fs_k1_semilog_extrema.py,11900,2026-08-27T10:02:47.464368+00:00,.py,results,analysis_archive_or_derived_asset,a94323672d8c4a66a6e02955dcf6b4c2a7506687389cd47e5be6c16205fc7b52,plot_native100fs_k1_semilog_extrema.py,0,
results/collective_mode_response/CT_theta_m0_kn_88_L10_100fs_1ns_3rep/2026-08-27/scripts_stage/plot_paired_helical_tagged_vertex.py,2296,2026-08-27T04:44:25.582112+00:00,.py,results,analysis_archive_or_derived_asset,10de05958144894d970a58e603595199cfcc1c6a05f6333316d314ca3f038673,plot_paired_helical_tagged_vertex.py,0,
results/collective_mode_response/CT_theta_m0_kn_88_L10_100fs_1ns_3rep/2026-08-27/scripts_stage/plot_raw_vacf_alpha_realLz_100fs.py,11296,2026-08-27T08:58:19.707025+00:00,.py,results,analysis_archive_or_derived_asset,21ccd390d5e02e3a69284e7c733efffba32d99c3474fe8e1320af7a0d629f863,plot_raw_vacf_alpha_realLz_100fs.py,0,
results/collective_mode_response/CT_theta_m0_kn_88_L10_100fs_1ns_3rep/2026-08-27/scripts_stage/plot_tagged_collective_vertex_m0.py,2819,2026-08-27T04:35:40.337896+00:00,.py,results,analysis_archive_or_derived_asset,75e970f706b53cc46f1b6530291d89e1d3dec7800efa1fe55dced8f5ddc044e5,plot_tagged_collective_vertex_m0.py,0,
results/collective_mode_response/CT_theta_m0_kn_88_L10_100fs_1ns_3rep/2026-08-27/scripts_stage/plot_theta_hydro_closure_recheck.py,3339,2026-08-27T03:39:08.258999+00:00,.py,results,analysis_archive_or_derived_asset,09a3da828fcba19623c549b72fb0ba54c57da0996c3e6b33fc1e840dd9fcc9b7,plot_theta_hydro_closure_recheck.py,0,
results/collective_mode_response/CT_theta_m0_kn_88_L10_100fs_1ns_3rep/2026-08-27/scripts_stage/plot_theta_m0_factorization_m1m4.py,3425,2026-08-27T03:09:50.085881+00:00,.py,results,analysis_archive_or_derived_asset,cc17fc665f3fe9e0165543b5d5a5586cae8de280be198110abb01ee5fde3ff18,plot_theta_m0_factorization_m1m4.py,0,
results/collective_mode_response/CT_theta_m0_kn_88_L10_100fs_1ns_3rep/2026-08-27/scripts_stage/plot_unnormalized_cjj_static_screen.py,3855,2026-08-27T04:23:14.004920+00:00,.py,results,analysis_archive_or_derived_asset,3cc02ac0631aadde2564d92ebb7aa871c176b2bd02ddd409cd1b797a42d3760b,plot_unnormalized_cjj_static_screen.py,0,
results/collective_mode_response/CT_theta_m0_kn_88_L10_100fs_1ns_3rep/2026-08-27/scripts_stage/run_local_10L_88_memmap.ps1,1102,2026-08-27T01:20:09.197196+00:00,.ps1,results,analysis_archive_or_derived_asset,35a7f1d1f54002c730193910fa0b56ba007fafa780a2f2a757f31ac45762b10e,run_local_10L_88_memmap.ps1,0,
results/collective_mode_response/CT_theta_m0_kn_88_L10_100fs_1ns_3rep/2026-08-27/scripts_stage/run_merge_theta_ensemble.sh,434,2026-08-26T11:16:11.054290+00:00,.sh,results,analysis_archive_or_derived_asset,a5a94cecdbd600b52a891e6dc3a8ee59c0d2ef71282cf62dbb06071a39769eb8,run_merge_theta_ensemble.sh,2,/lustre/home/users/ewu/.conda/envs/HB_analysis/bin/python | /lustre/home/users/ewu/vb_gcmc/MD/stage_theta_decom_88_L2L10_100fs_10ns_20260826
results/collective_mode_response/CT_theta_m0_kn_88_L10_100fs_1ns_3rep/2026-08-27/scripts_stage/run_theta_rep.template.sh,768,2026-08-26T10:45:57.627578+00:00,.sh,results,analysis_archive_or_derived_asset,e6b6074587257c15d8a2687a4e61d5da2d59408de8f3053c28be581199bf525e,run_theta_rep.template.sh,3,/lustre/home/users/ewu/.conda/envs/HB_analysis/bin/python | /lustre/home/users/ewu/vb_gcmc/MD/stage_theta_decom_88_L2L10_100fs_10ns_20260826 | /lustre/home/users/ewu/vb_gcmc/MD/stage_vacf_tail_8_8_L2L5_4rep_weaknh_nomom_10ns_100fs_20260821/__L__L/rep__R__/LONG_WEAKNH_NOMOM_8_8_L__L___rep__R___100fs_10ns.water_100fs_10ns.dump
results/collective_mode_response/CT_theta_m0_kn_88_L10_100fs_1ns_3rep/2026-08-27/scripts_stage/submit_2L5L.sh,900,2026-08-26T09:34:11.684928+00:00,.sh,results,analysis_archive_or_derived_asset,56b510c630e671494f3607f265d26e196d89601015ee47e28caa7e950338c25b,submit_2L5L.sh,0,
results/collective_mode_response/CT_theta_m0_kn_88_L10_100fs_1ns_3rep/2026-08-27/scripts_stage/submit_final_parserfix.sh,812,2026-08-26T10:57:21.097450+00:00,.sh,results,analysis_archive_or_derived_asset,62d96ab86bf0be521943c9a938d74b5c6a95c0418ec98f1fbb185db9dab3ffaf,submit_final_parserfix.sh,0,
results/collective_mode_response/CT_theta_m0_kn_88_L10_100fs_1ns_3rep/2026-08-27/scripts_stage/submit_headerfix_resubmission.sh,838,2026-08-26T10:16:54.565244+00:00,.sh,results,analysis_archive_or_derived_asset,9b6b54be70ca8fada9b804f84fde1991c6f120549b8126b96d6cd6f0eeb05dfa,submit_headerfix_resubmission.sh,0,
results/collective_mode_response/CT_theta_m0_kn_88_L10_100fs_1ns_3rep/2026-08-27/scripts_stage/submit_resourcefix_resubmission.sh,878,2026-08-26T10:45:57.630576+00:00,.sh,results,analysis_archive_or_derived_asset,0ded27d292d4a4d8ab28fae8a2e349b22dfb53c157037b4cbce007960156126a,submit_resourcefix_resubmission.sh,0,
results/collective_mode_response/CT_theta_m0_kn_88_L10_100fs_1ns_3rep/2026-08-27/scripts_stage/summarize_axial_m0_nmax_convergence.py,2137,2026-08-27T03:26:36.805819+00:00,.py,results,analysis_archive_or_derived_asset,47cf34e7ecdf081bacee7405b7b6354b4194c7d92fd176f7c0bd070c6cb427e1,summarize_axial_m0_nmax_convergence.py,0,
results/collective_mode_response/L20_axial_m0_current_vertex_100fs_10ns_4rep/2026-08-28/scripts/audit_l20_n1_damping_identifiability.py,9559,2026-08-28T13:25:23.318828+00:00,.py,results,analysis_archive_or_derived_asset,bcc8059d2ddd6ded46e5966a0ef5169d751ae18fd478111c300fde5bad6c7a85,audit_l20_n1_damping_identifiability.py,0,
results/collective_mode_response/L20_axial_m0_current_vertex_100fs_10ns_4rep/2026-08-28/scripts/compare_10L_20L_current_vertex.py,7061,2026-08-28T11:14:36.788003+00:00,.py,results,analysis_archive_or_derived_asset,67dd4b026a81b44b9c42930b1b96f48f31952648ae60b14133ac1f8071c502e2,compare_10L_20L_current_vertex.py,0,
results/collective_mode_response/L20_axial_m0_current_vertex_100fs_10ns_4rep/2026-08-28/scripts/extrapolate_10L_to_20L_n1.py,6930,2026-08-28T12:31:49.396225+00:00,.py,results,analysis_archive_or_derived_asset,f08f6d5f1f7eb4d16c83c785085a61706a60383fc9242ea0ec213c5ffa9056e1,extrapolate_10L_to_20L_n1.py,0,
results/collective_mode_response/L20_axial_m0_current_vertex_100fs_10ns_4rep/2026-08-28/scripts/fit_l20_lowk_gamma_offset_models.py,8658,2026-08-28T13:40:07.870487+00:00,.py,results,analysis_archive_or_derived_asset,1556a2cb2e7266e1c1c150f66d5a3cf0a30487d01e4f62c278d53f9a98aa56e2,fit_l20_lowk_gamma_offset_models.py,0,
results/collective_mode_response/L20_axial_m0_current_vertex_100fs_10ns_4rep/2026-08-28/scripts/fit_matched_phi_dho.py,7418,2026-08-28T12:09:43.339311+00:00,.py,results,analysis_archive_or_derived_asset,35f149d01783a57595e03a7aa44f8b16593b25635de2b15600d8da24a38ad300,fit_matched_phi_dho.py,0,
results/collective_mode_response/L20_axial_m0_current_vertex_100fs_10ns_4rep/2026-08-28/scripts/matched_k_current_intensity_audit.py,7967,2026-08-28T13:34:26.211909+00:00,.py,results,analysis_archive_or_derived_asset,2ec4772a5904569498d6ff85848fd02101d73cc4deb20523003b74250adf9f3a,matched_k_current_intensity_audit.py,0,
results/collective_mode_response/L20_fixed10ns_remote_alignment_audit/2026-08-28/remote_fetch/stage_L20_fixed10ns_vacf_msd_alpha_20260828/merge_fixed10ns_ensemble.py,1931,2026-08-28T09:45:13.719729+00:00,.py,results,analysis_archive_or_derived_asset,bff174fc13158d4c8891b078d66f14249cbb0682c826e6392f642abfc7c23a7a,merge_fixed10ns_ensemble.py,1,/lustre/home/users/ewu/vb_gcmc/MD/stage_L20_fixed10ns_vacf_msd_alpha_20260828
results/collective_mode_response/L20_fixed10ns_remote_alignment_audit/2026-08-28/remote_fetch/stage_L20_fixed10ns_vacf_msd_alpha_20260828/run_fixed10ns_array.sh,742,2026-08-28T09:45:13.443001+00:00,.sh,results,analysis_archive_or_derived_asset,555174c925bda78782022208fc3b2c861988040d5c71483bbe064968a5f9cee5,run_fixed10ns_array.sh,4,/lustre/home/users/ewu/.conda/envs/HB_analysis/bin/python | /lustre/home/users/ewu/vb_gcmc/MD/stage_L20_fixed10ns_vacf_msd_alpha_20260828 | /lustre/home/users/ewu/vb_gcmc/MD/stage_L20_preliminary_vacf_msd_alpha_20260828/analyze_l20_snapshot.py | /lustre/home/users/ewu/vb_gcmc/MD/stage_vacf_tail_8_8_L20_4rep_veryweaknh_nomom_20ns_100fs_20260826
results/collective_mode_response/L20_fixed10ns_remote_alignment_audit/2026-08-28/remote_fetch/stage_L20_fixed10ns_vacf_msd_alpha_20260828/run_merge_fixed10ns.sh,345,2026-08-28T09:45:13.830563+00:00,.sh,results,analysis_archive_or_derived_asset,8c7a6c094bbd35792a9081f467d7a1114dbc8254cf7e671224b5a3fb27f4794e,run_merge_fixed10ns.sh,2,/lustre/home/users/ewu/.conda/envs/HB_analysis/bin/python | /lustre/home/users/ewu/vb_gcmc/MD/stage_L20_fixed10ns_vacf_msd_alpha_20260828
results/collective_mode_response/_quarantine/in_package_superseded/absolute_cvj_first_negative_lobe/2026-08-09/scripts/superseded_one_decade_window/plot_alpha_z_lag_curves.py,5239,2026-08-09T04:15:48.919981+00:00,.py,results,analysis_archive_or_derived_asset,235cc333a25771451aa8b9fbca9b6076229d091e97bd76062a52af638d9c6f2e,plot_alpha_z_lag_curves.py,0,
results/collective_mode_response/_quarantine/superseded/alpha_z_crosschirality_10L_100fs_10ns/2026-08-10/remote_raw/stage_crosschirality_10L_decom_msd_stability_20260810/run_17_0.sh,702,2026-08-10T02:56:58.455307+00:00,.sh,results,analysis_archive_or_derived_asset,b59aca82e3a8e0b38aa1fce2f3a4ac7b41af8cd1522583dc2149c3486e3eeca5,run_17_0.sh,2,/lustre/home/users/ewu/vb_gcmc/MD/stage_10L_decom_msd_stability_20260809/export_10L_decom_msd.py | /lustre/home/users/ewu/vb_gcmc/MD/viscfric_length_all_chirality_RH75_20260806/long_weakNH_nomom_10L_100fs_10ns_3rep_20260806
results/collective_mode_response/_quarantine/superseded/alpha_z_crosschirality_10L_100fs_10ns/2026-08-10/remote_raw/stage_crosschirality_10L_decom_msd_stability_20260810/run_7_7.sh,697,2026-08-10T02:56:58.141408+00:00,.sh,results,analysis_archive_or_derived_asset,cae9dadbb3942044c1b38bc7cba5c47f2b5b87330082c7dd5424a95d55faa493,run_7_7.sh,2,/lustre/home/users/ewu/vb_gcmc/MD/stage_10L_decom_msd_stability_20260809/export_10L_decom_msd.py | /lustre/home/users/ewu/vb_gcmc/MD/viscfric_length_all_chirality_RH75_20260806/long_weakNH_nomom_10L_100fs_10ns_3rep_20260806
results/collective_mode_response/_quarantine/superseded/alpha_z_crosschirality_10L_100fs_10ns/2026-08-10/remote_raw/stage_crosschirality_10L_decom_msd_stability_20260810/run_9_9.sh,697,2026-08-10T02:56:58.190422+00:00,.sh,results,analysis_archive_or_derived_asset,bec860b435d2646cde96a8c25f731871208cfb224f4f3a85652253e46219f8bb,run_9_9.sh,2,/lustre/home/users/ewu/vb_gcmc/MD/stage_10L_decom_msd_stability_20260809/export_10L_decom_msd.py | /lustre/home/users/ewu/vb_gcmc/MD/viscfric_length_all_chirality_RH75_20260806/long_weakNH_nomom_10L_100fs_10ns_3rep_20260806
results/collective_mode_response/_quarantine/superseded/alpha_z_crosschirality_10L_100fs_10ns/2026-08-10/scripts/plot_unified_10L_C075.py,6176,2026-08-10T03:00:05.485544+00:00,.py,results,analysis_archive_or_derived_asset,beeeb704bb7ad9fd20b23ea3f707795411e039f27848f9bb06c27c55dbf1dca9,plot_unified_10L_C075.py,0,
results/collective_mode_response/absolute_cvj_first_negative_lobe/2026-08-09/remote_raw/alpha_z_200ps/run_17_0.sh,1094,2026-08-09T03:24:16.516912+00:00,.sh,results,analysis_archive_or_derived_asset,2a472911b97e0161ec4fa1e12e22a7e36988309f5d9183cd796f5e9d913dae48,run_17_0.sh,3,/lustre/home/users/ewu/vb_gcmc/MD/alpha_cvj_crosschirality_1L10L_20260808/stage_10L_alpha_cvj_crosschirality_20260808/analyze_msd_alpha_cvj.py | /lustre/home/users/ewu/vb_gcmc/MD/viscfric_length_88_RH75_20260731/rethermalized_weakNH_nomom_cross_chirality_1L5L_2rep_20260804 | /lustre/home/users/ewu/vb_gcmc/MD/viscfric_length_all_chirality_RH75_20260806/long_weakNH_nomom_10L_100fs_10ns_3rep_20260806
results/collective_mode_response/absolute_cvj_first_negative_lobe/2026-08-09/remote_raw/alpha_z_200ps/run_7_7.sh,1089,2026-08-09T03:24:15.624542+00:00,.sh,results,analysis_archive_or_derived_asset,46984fa73c300b5f08b63abe87f10acecfa752eeb9b16ad74167c831bc439d99,run_7_7.sh,3,/lustre/home/users/ewu/vb_gcmc/MD/alpha_cvj_crosschirality_1L10L_20260808/stage_10L_alpha_cvj_crosschirality_20260808/analyze_msd_alpha_cvj.py | /lustre/home/users/ewu/vb_gcmc/MD/viscfric_length_88_RH75_20260731/rethermalized_weakNH_nomom_cross_chirality_1L5L_2rep_20260804 | /lustre/home/users/ewu/vb_gcmc/MD/viscfric_length_all_chirality_RH75_20260806/long_weakNH_nomom_10L_100fs_10ns_3rep_20260806
results/collective_mode_response/absolute_cvj_first_negative_lobe/2026-08-09/remote_raw/alpha_z_200ps/run_8_8.sh,1088,2026-08-09T03:24:15.780403+00:00,.sh,results,analysis_archive_or_derived_asset,478e68e58adbf75c0d065432e57864bcc161bbbafd94da77d3468aa656391539,run_8_8.sh,3,/lustre/home/users/ewu/vb_gcmc/MD/alpha_cvj_crosschirality_1L10L_20260808/stage_10L_alpha_cvj_crosschirality_20260808/analyze_msd_alpha_cvj.py | /lustre/home/users/ewu/vb_gcmc/MD/viscfric_length_88_RH75_20260731/matched_10fs_rethermalized_weakNH_no_momentum_1L5L_20260804 | /lustre/home/users/ewu/vb_gcmc/MD/viscfric_length_all_chirality_RH75_20260806/long_weakNH_nomom_10L_100fs_10ns_3rep_20260806
results/collective_mode_response/absolute_cvj_first_negative_lobe/2026-08-09/remote_raw/alpha_z_200ps/run_9_9.sh,1245,2026-08-09T03:24:15.934303+00:00,.sh,results,analysis_archive_or_derived_asset,3d8f841a2aa949ce645f3a6abedc249532d88502694e6d5405d3194ee1d411fc,run_9_9.sh,3,/lustre/home/users/ewu/vb_gcmc/MD/alpha_cvj_crosschirality_1L10L_20260808/stage_10L_alpha_cvj_crosschirality_20260808/analyze_msd_alpha_cvj.py | /lustre/home/users/ewu/vb_gcmc/MD/viscfric_length_88_RH75_20260731/rethermalized_weakNH_nomom_cross_chirality_1L5L_2rep_20260804 | /lustre/home/users/ewu/vb_gcmc/MD/viscfric_length_all_chirality_RH75_20260806/long_weakNH_nomom_10L_100fs_10ns_3rep_20260806
results/collective_mode_response/absolute_cvj_first_negative_lobe/2026-08-09/remote_raw/stage_absolute_cvj_1L10L/analyze_absolute_cvj.py,3726,2026-08-09T03:20:39.293638+00:00,.py,results,analysis_archive_or_derived_asset,6148070a3460d9600d99d9aef296d5e646b6603763c4b51485c4650fd1830fa7,analyze_absolute_cvj.py,0,
results/collective_mode_response/absolute_cvj_first_negative_lobe/2026-08-09/remote_raw/stage_absolute_cvj_1L10L/run_17_0.sh,956,2026-08-09T03:20:39.837245+00:00,.sh,results,analysis_archive_or_derived_asset,73fdc2a3ee86c6d2fb373a6418ae4c2bb36caf77156995371be1a79e11092943,run_17_0.sh,2,/lustre/home/users/ewu/vb_gcmc/MD/viscfric_length_88_RH75_20260731/rethermalized_weakNH_nomom_cross_chirality_1L5L_2rep_20260804 | /lustre/home/users/ewu/vb_gcmc/MD/viscfric_length_all_chirality_RH75_20260806/long_weakNH_nomom_10L_100fs_10ns_3rep_20260806
results/collective_mode_response/absolute_cvj_first_negative_lobe/2026-08-09/remote_raw/stage_absolute_cvj_1L10L/run_7_7.sh,951,2026-08-09T03:20:38.048861+00:00,.sh,results,analysis_archive_or_derived_asset,bdf13194fd53ffa52d573be2b78675bfb7a56db3fbfa0997d44698b38457e960,run_7_7.sh,2,/lustre/home/users/ewu/vb_gcmc/MD/viscfric_length_88_RH75_20260731/rethermalized_weakNH_nomom_cross_chirality_1L5L_2rep_20260804 | /lustre/home/users/ewu/vb_gcmc/MD/viscfric_length_all_chirality_RH75_20260806/long_weakNH_nomom_10L_100fs_10ns_3rep_20260806
results/collective_mode_response/absolute_cvj_first_negative_lobe/2026-08-09/remote_raw/stage_absolute_cvj_1L10L/run_8_8.sh,950,2026-08-09T03:20:38.231863+00:00,.sh,results,analysis_archive_or_derived_asset,f5b3c5fd70df3a6c7fea50af11d4ade597b85915a49288a08ca9503a3fa67527,run_8_8.sh,2,/lustre/home/users/ewu/vb_gcmc/MD/viscfric_length_88_RH75_20260731/matched_10fs_rethermalized_weakNH_no_momentum_1L5L_20260804 | /lustre/home/users/ewu/vb_gcmc/MD/viscfric_length_all_chirality_RH75_20260806/long_weakNH_nomom_10L_100fs_10ns_3rep_20260806
results/collective_mode_response/absolute_cvj_first_negative_lobe/2026-08-09/remote_raw/stage_absolute_cvj_1L10L/run_9_9.sh,1090,2026-08-09T03:20:38.604267+00:00,.sh,results,analysis_archive_or_derived_asset,e398f05a61362a43781930a92d58d6418a631ff1d8d84398bed958b6294fc98c,run_9_9.sh,2,/lustre/home/users/ewu/vb_gcmc/MD/viscfric_length_88_RH75_20260731/rethermalized_weakNH_nomom_cross_chirality_1L5L_2rep_20260804 | /lustre/home/users/ewu/vb_gcmc/MD/viscfric_length_all_chirality_RH75_20260806/long_weakNH_nomom_10L_100fs_10ns_3rep_20260806
results/collective_mode_response/absolute_cvj_first_negative_lobe/2026-08-09/scripts/plot_absolute_cvj_alphaz_summary.py,7928,2026-08-09T03:36:23.910430+00:00,.py,results,analysis_archive_or_derived_asset,ec52240c0d20df6e87f02deb534df86fef62cb6727121f7e454fcbec9f26bcfc,plot_absolute_cvj_alphaz_summary.py,0,
results/collective_mode_response/absolute_cvj_first_negative_lobe/2026-08-09/scripts/plot_alpha_z_log_uniform_30ppd.py,6444,2026-08-09T04:19:51.092475+00:00,.py,results,analysis_archive_or_derived_asset,a4d469a21ecd9d1e2a5610b47866b30cc755a65983a04460470419e858604181,plot_alpha_z_log_uniform_30ppd.py,0,
results/collective_mode_response/alpha_z_collapse_decom_20ns_1ps/2026-08-09/remote_raw/stage_10L_decom_msd_stability_20260809/export_10L_decom_msd.py,2654,2026-08-09T15:42:46.556453+00:00,.py,results,analysis_archive_or_derived_asset,88d996fea11f8fdbc4aec3dc3639a4e6eb6aef067b8ca8c14a138adf16618d33,export_10L_decom_msd.py,0,
results/collective_mode_response/alpha_z_collapse_decom_20ns_1ps/2026-08-09/remote_raw/stage_10L_decom_msd_stability_20260809/run.sh,638,2026-08-09T15:42:46.615790+00:00,.sh,results,analysis_archive_or_derived_asset,491cb3e648f88248d490f25be2f1522834ba074f1f92cf06ab27a4c4873eb26a,run.sh,1,/lustre/home/users/ewu/vb_gcmc/MD/viscfric_length_all_chirality_RH75_20260806/long_weakNH_nomom_10L_100fs_10ns_3rep_20260806
results/collective_mode_response/alpha_z_collapse_decom_20ns_1ps/2026-08-09/remote_raw/stage_lowfreq_decom_alpha_collapse_20260809/analyze_decom_msd_loglog_decade.py,4205,2026-08-09T13:31:20.061862+00:00,.py,results,analysis_archive_or_derived_asset,51bbe2aba55bc1d71e3bb0e1d9ee347bb705d3060a83e1879a84f8678b55b2dd,analyze_decom_msd_loglog_decade.py,0,
results/collective_mode_response/alpha_z_collapse_decom_20ns_1ps/2026-08-09/remote_raw/stage_lowfreq_decom_alpha_collapse_20260809/run.sh,998,2026-08-09T13:31:20.995096+00:00,.sh,results,analysis_archive_or_derived_asset,aa87b8ee267a55628ccea3db01b10722edf41ddddafd6d0f4e5d637cfe544d20,run.sh,2,/lustre/home/users/ewu/vb_gcmc/MD/independent_seeds_8_8_1L5L_2x20ns_20260728 | /lustre/home/users/ewu/vb_gcmc/MD/length_extension_8_8_1L5L_20ns_20260727
results/collective_mode_response/alpha_z_collapse_decom_20ns_1ps/2026-08-09/remote_raw/stage_lowfreq_decom_alpha_stability_20260809/export_decom_msd_blocks.py,2228,2026-08-09T14:22:49.235104+00:00,.py,results,analysis_archive_or_derived_asset,7a4f9cceddcdb4126855971f75c888099a2a2436f0445fdbaee8e69438714afc,export_decom_msd_blocks.py,0,
results/collective_mode_response/alpha_z_collapse_decom_20ns_1ps/2026-08-09/remote_raw/stage_lowfreq_decom_alpha_stability_20260809/run.sh,873,2026-08-09T14:22:49.339624+00:00,.sh,results,analysis_archive_or_derived_asset,6617542a536928db2ddc36b690857a0fb272d6102398e032c912bbdfc84ebb5c,run.sh,2,/lustre/home/users/ewu/vb_gcmc/MD/independent_seeds_8_8_1L5L_2x20ns_20260728 | /lustre/home/users/ewu/vb_gcmc/MD/length_extension_8_8_1L5L_20ns_20260727
results/collective_mode_response/alpha_z_collapse_decom_20ns_1ps/2026-08-09/scripts/audit_alpha_estimator_stability.py,7005,2026-08-09T15:46:55.234221+00:00,.py,results,analysis_archive_or_derived_asset,5e64dc957086daf05daa69ca5150bf4eca908cb5912c27e7db03568207f65201,audit_alpha_estimator_stability.py,0,
results/collective_mode_response/alpha_z_collapse_decom_20ns_1ps/2026-08-09/scripts/plot_two_component_collapse.py,6649,2026-08-09T14:13:05.797477+00:00,.py,results,analysis_archive_or_derived_asset,ca4237684a7f78d6874118687eca08d608302fe63650d7a06d1b00a3f3038383,plot_two_component_collapse.py,0,
results/collective_mode_response/alpha_z_crosschirality_C075/2026-08-10/remote_raw/stage_crosschirality_C075_long_assets_20260810/run_17_0.sh,1109,2026-08-10T02:23:36.666085+00:00,.sh,results,analysis_archive_or_derived_asset,c43ddc5f8ede7ea4497fa9040c796a992cf50032d4ff3e6b680c7e6ab988025c,run_17_0.sh,4,/lustre/home/users/ewu/vb_gcmc/MD/RH75_Ntarget_iNT6_NVT10ns_20260713/NVT10ns_iNT6_RH75target_17_0_T330K_N257_1ps/nvt10ns_water_1ps.dump | /lustre/home/users/ewu/vb_gcmc/MD/RH75_cross_chirality_3L_NVT10ns_preeq500ps_20260721/NVT10ns_3xL_17_0_P4p389kPa_T330K_RH75_N771_preeq500ps_20260721/nvt10ns_17_0_RH75_3xL_water_1ps.dump | /lustre/home/users/ewu/vb_gcmc/MD/RH75_replicated_length_NVT20ns_20260718/NVT20ns_2xL_17_0_P4p389kPa_T330K_RH75_N514_1ps_20260718/nvt20ns_17_0_RH75_2xL_water_1ps.dump | /lustre/home/users/ewu/vb_gcmc/MD/stage_lowfreq_decom_alpha_stability_20260809/export_decom_msd_blocks.py
results/collective_mode_response/alpha_z_crosschirality_C075/2026-08-10/remote_raw/stage_crosschirality_C075_long_assets_20260810/run_7_7.sh,683,2026-08-10T02:23:36.421847+00:00,.sh,results,analysis_archive_or_derived_asset,66d335ca630474427c44f51ddacb1d3e6d5757de690c3787dbe905b97e3e011b,run_7_7.sh,2,/lustre/home/users/ewu/vb_gcmc/MD/cross_chirality_length_7_7_9_9_2L5L_3rep_20260730 | /lustre/home/users/ewu/vb_gcmc/MD/stage_lowfreq_decom_alpha_stability_20260809/export_decom_msd_blocks.py
results/collective_mode_response/alpha_z_crosschirality_C075/2026-08-10/remote_raw/stage_crosschirality_C075_long_assets_20260810/run_9_9.sh,683,2026-08-10T02:23:36.522630+00:00,.sh,results,analysis_archive_or_derived_asset,f67a9d6f1d606fe3fd0c57f226d0157368c68e3c93d8b05cc77a42c92e4c65c0,run_9_9.sh,2,/lustre/home/users/ewu/vb_gcmc/MD/cross_chirality_length_7_7_9_9_2L5L_3rep_20260730 | /lustre/home/users/ewu/vb_gcmc/MD/stage_lowfreq_decom_alpha_stability_20260809/export_decom_msd_blocks.py
results/collective_mode_response/alpha_z_crosschirality_C075/2026-08-10/scripts/plot_crosschirality_C075.py,5078,2026-08-10T02:24:34.526515+00:00,.py,results,analysis_archive_or_derived_asset,86567f7be0e7627c4a42fcf5b05563f2dc9adc87f90aa5d5b1904b85d2d9e738,plot_crosschirality_C075.py,0,
results/collective_mode_response/alpha_z_functional_t_over_L_collapse_1ps_cadence/2026-08-10/remote_raw/stage_cadence_1ps_decom_t_over_L_20260810/downsample_decom_msd.py,3624,2026-08-10T08:33:18.676043+00:00,.py,results,analysis_archive_or_derived_asset,cf49e32499d72f9c63392189b1ac8cdb74c40af6194a30c489025d0a314d8e5a,downsample_decom_msd.py,0,
results/collective_mode_response/alpha_z_functional_t_over_L_collapse_1ps_cadence/2026-08-10/remote_raw/stage_cadence_1ps_decom_t_over_L_20260810/run_17_0.sh,1049,2026-08-10T08:33:19.106305+00:00,.sh,results,analysis_archive_or_derived_asset,c303100c21b4d49925b1c7570cc347739f722f240a7726506dbc4945ce12081d,run_17_0.sh,2,/lustre/home/users/ewu/vb_gcmc/MD/viscfric_length_88_RH75_20260731/rethermalized_weakNH_nomom_cross_chirality_1L5L_2rep_20260804 | /lustre/home/users/ewu/vb_gcmc/MD/viscfric_length_all_chirality_RH75_20260806/long_weakNH_nomom_10L_100fs_10ns_3rep_20260806
results/collective_mode_response/alpha_z_functional_t_over_L_collapse_1ps_cadence/2026-08-10/remote_raw/stage_cadence_1ps_decom_t_over_L_20260810/run_7_7.sh,1041,2026-08-10T08:33:18.422467+00:00,.sh,results,analysis_archive_or_derived_asset,822ee20bf95c1ba9ec8d4326f796e8f7cbaadf6d9671c3d66fc6ed639aaf6d9f,run_7_7.sh,2,/lustre/home/users/ewu/vb_gcmc/MD/viscfric_length_88_RH75_20260731/rethermalized_weakNH_nomom_cross_chirality_1L5L_2rep_20260804 | /lustre/home/users/ewu/vb_gcmc/MD/viscfric_length_all_chirality_RH75_20260806/long_weakNH_nomom_10L_100fs_10ns_3rep_20260806
results/collective_mode_response/alpha_z_functional_t_over_L_collapse_1ps_cadence/2026-08-10/remote_raw/stage_cadence_1ps_decom_t_over_L_20260810/run_8_8.sh,1040,2026-08-10T08:33:18.579652+00:00,.sh,results,analysis_archive_or_derived_asset,68eb33c0a7fd2d64a24d64ce17b9b169690f52946fc73f53a923f1611b964658,run_8_8.sh,2,/lustre/home/users/ewu/vb_gcmc/MD/viscfric_length_88_RH75_20260731/matched_10fs_rethermalized_weakNH_no_momentum_1L5L_20260804 | /lustre/home/users/ewu/vb_gcmc/MD/viscfric_length_all_chirality_RH75_20260806/long_weakNH_nomom_10L_100fs_10ns_3rep_20260806
results/collective_mode_response/alpha_z_functional_t_over_L_collapse_1ps_cadence/2026-08-10/remote_raw/stage_cadence_1ps_decom_t_over_L_20260810/run_9_9.sh,1208,2026-08-10T08:33:18.843636+00:00,.sh,results,analysis_archive_or_derived_asset,4a09332ffa72d097ae4c192ae8e4e626a7a180242dd49865b64888ac12a896e0,run_9_9.sh,2,/lustre/home/users/ewu/vb_gcmc/MD/viscfric_length_88_RH75_20260731/rethermalized_weakNH_nomom_cross_chirality_1L5L_2rep_20260804 | /lustre/home/users/ewu/vb_gcmc/MD/viscfric_length_all_chirality_RH75_20260806/long_weakNH_nomom_10L_100fs_10ns_3rep_20260806
results/collective_mode_response/alpha_z_functional_t_over_L_collapse_1ps_cadence/2026-08-10/scripts/analyze_functional_collapse.py,4327,2026-08-10T08:34:31.616456+00:00,.py,results,analysis_archive_or_derived_asset,b814e78bcffbe31c2be578d93cfdeb399511ee59afb18e01fa7b74e3422396b7,analyze_functional_collapse.py,0,
results/collective_mode_response/alpha_z_functional_t_over_L_collapse_1ps_cadence/2026-08-10/scripts/analyze_msd_over_L_collapse.py,2976,2026-08-10T08:59:11.529068+00:00,.py,results,analysis_archive_or_derived_asset,2ad9f8303d05609e8f0baaa36479640e69bc6f472a91a18459155aa7d03d363f,analyze_msd_over_L_collapse.py,0,
results/collective_mode_response/alpha_z_t_over_L_crosschirality_diagnostic/2026-08-10/scripts/compare_decom_t_over_L.py,8325,2026-08-10T02:50:35.933243+00:00,.py,results,analysis_archive_or_derived_asset,46032d51af37b0dc2a7087578de9311ed0b6014781e6245a005ac5238d0c0542,compare_decom_t_over_L.py,0,
results/collective_mode_response/alpha_z_trailing_decade/2026-08-09/scripts/plot_alpha_z_trailing_decade.py,6017,2026-08-09T05:24:05.410280+00:00,.py,results,analysis_archive_or_derived_asset,596bce2e1fbfc67706f4826ef308dad5e34e28b40d01af51d8bcd0e46fd6090d,plot_alpha_z_trailing_decade.py,0,
results/collective_mode_response/axial_Cvz_m0_lowk_modecoupling_screen_88_L10_100fs_1ns_3rep/2026-08-27/scripts_stage/aggregate_m0_rotation_oxygen_stride.py,6660,2026-08-27T01:45:52.458535+00:00,.py,results,analysis_archive_or_derived_asset,5fc5270bde9dccf4909292afa4e6f3cf2bf1d62c626e1f63f10226696f240097,aggregate_m0_rotation_oxygen_stride.py,0,
results/collective_mode_response/axial_Cvz_m0_lowk_modecoupling_screen_88_L10_100fs_1ns_3rep/2026-08-27/scripts_stage/aggregate_relative_angular_current.py,5349,2026-08-27T02:23:59.140612+00:00,.py,results,analysis_archive_or_derived_asset,a029299a40315f07b9b2f8c76e66edbf4fb0f3a3cbb0ef37bc9258b5b417608a,aggregate_relative_angular_current.py,0,
results/collective_mode_response/axial_Cvz_m0_lowk_modecoupling_screen_88_L10_100fs_1ns_3rep/2026-08-27/scripts_stage/analyze_L2L5L10_vacf_exit_offset.py,3584,2026-08-27T08:05:32.298044+00:00,.py,results,analysis_archive_or_derived_asset,ff100c539ae8ddf93fbd9b861660472e0e70ab9711cbf4190ab10d353f29d1ac,analyze_L2L5L10_vacf_exit_offset.py,0,
results/collective_mode_response/axial_Cvz_m0_lowk_modecoupling_screen_88_L10_100fs_1ns_3rep/2026-08-27/scripts_stage/analyze_L2L5_vacf_kmin_Fs_mechanism.py,4896,2026-08-27T08:00:51.907393+00:00,.py,results,analysis_archive_or_derived_asset,80c235ce6283f17391793fcdeb187fbb14b16fc45f8505e9bfea6f7ad4292a86,analyze_L2L5_vacf_kmin_Fs_mechanism.py,0,
results/collective_mode_response/axial_Cvz_m0_lowk_modecoupling_screen_88_L10_100fs_1ns_3rep/2026-08-27/scripts_stage/analyze_Lz_vacf_positive_alpha.py,5983,2026-08-27T08:42:13.470220+00:00,.py,results,analysis_archive_or_derived_asset,faa881e801c99a31d4a5fe9fa5e6b2c21e1d808b543ce48406e796f3d528c62a,analyze_Lz_vacf_positive_alpha.py,0,
results/collective_mode_response/axial_Cvz_m0_lowk_modecoupling_screen_88_L10_100fs_1ns_3rep/2026-08-27/scripts_stage/analyze_alpha_z_rebound_peak_100fs.py,7901,2026-08-27T09:11:55.314903+00:00,.py,results,analysis_archive_or_derived_asset,c076c17b09528c4c84ce0bed521966ddb5aaf86cd755365069fb8c841600715b,analyze_alpha_z_rebound_peak_100fs.py,0,
results/collective_mode_response/axial_Cvz_m0_lowk_modecoupling_screen_88_L10_100fs_1ns_3rep/2026-08-27/scripts_stage/analyze_axial_m0_modecoupling_screen.py,6778,2026-08-27T03:18:23.339603+00:00,.py,results,analysis_archive_or_derived_asset,61316f46347e78d45a3caf4ac0d81095d5afd0d77a2bdf2d046f33d14376330d,analyze_axial_m0_modecoupling_screen.py,0,
results/collective_mode_response/axial_Cvz_m0_lowk_modecoupling_screen_88_L10_100fs_1ns_3rep/2026-08-27/scripts_stage/analyze_ct_theta_m0_kn.py,8293,2026-08-27T02:35:53.708393+00:00,.py,results,analysis_archive_or_derived_asset,761888309bbec6a0645e4905c5b35746043687f0479fcd45095b5a9a949c8513,analyze_ct_theta_m0_kn.py,0,
results/collective_mode_response/axial_Cvz_m0_lowk_modecoupling_screen_88_L10_100fs_1ns_3rep/2026-08-27/scripts_stage/analyze_ct_theta_m0_kn_acf.py,3774,2026-08-27T02:46:13.537416+00:00,.py,results,analysis_archive_or_derived_asset,a31bf5f3658a62e4e720f44b5cc52c3fa784aa53e57dc4beedfd05f028fe8ae8,analyze_ct_theta_m0_kn_acf.py,0,
results/collective_mode_response/axial_Cvz_m0_lowk_modecoupling_screen_88_L10_100fs_1ns_3rep/2026-08-27/scripts_stage/analyze_helical_self_isf_k1.py,12931,2026-08-27T10:34:51.765177+00:00,.py,results,analysis_archive_or_derived_asset,c3a7e393cfa7d1d7fd5b47d86fb322dc6b45b7115a4cc581d8bcabe186e7bb95,analyze_helical_self_isf_k1.py,0,
results/collective_mode_response/axial_Cvz_m0_lowk_modecoupling_screen_88_L10_100fs_1ns_3rep/2026-08-27/scripts_stage/analyze_lowk_m1_dynamic_projection.py,6972,2026-08-27T04:50:28.957035+00:00,.py,results,analysis_archive_or_derived_asset,d538fc1a6d691ed232e9571324d3478d47d68d179f3a07ec56408dfb5e1fd881,analyze_lowk_m1_dynamic_projection.py,0,
results/collective_mode_response/axial_Cvz_m0_lowk_modecoupling_screen_88_L10_100fs_1ns_3rep/2026-08-27/scripts_stage/analyze_m0_n11n20_negative_lobe.py,7824,2026-08-27T05:25:07.194449+00:00,.py,results,analysis_archive_or_derived_asset,27fc41aec2ccace6118508b3452b3bc786cbd2edce08df89f3a264631fc99a1c,analyze_m0_n11n20_negative_lobe.py,0,
results/collective_mode_response/axial_Cvz_m0_lowk_modecoupling_screen_88_L10_100fs_1ns_3rep/2026-08-27/scripts_stage/analyze_m0_odd_even_counterfactual.py,5483,2026-08-27T05:18:47.297569+00:00,.py,results,analysis_archive_or_derived_asset,c1823d2c37b317126bbaba4d04dd9d44e60d95b016f73bf80b20c61c7e897fc3,analyze_m0_odd_even_counterfactual.py,0,
results/collective_mode_response/axial_Cvz_m0_lowk_modecoupling_screen_88_L10_100fs_1ns_3rep/2026-08-27/scripts_stage/analyze_m0_rotation_oxygen_stride.py,9440,2026-08-27T01:27:55.541949+00:00,.py,results,analysis_archive_or_derived_asset,bbbbe8eb7a09365e8e98ee1857f5a2422c70cf2ab0ca4b3313379adfd7c5d44f,analyze_m0_rotation_oxygen_stride.py,0,
results/collective_mode_response/axial_Cvz_m0_lowk_modecoupling_screen_88_L10_100fs_1ns_3rep/2026-08-27/scripts_stage/analyze_relative_angular_current_stride.py,7308,2026-08-27T01:59:06.208071+00:00,.py,results,analysis_archive_or_derived_asset,b702f13ca22c0b73282d37c55f99e2354f0fb6b52320124dfa75713a6c90ad9a,analyze_relative_angular_current_stride.py,0,
results/collective_mode_response/axial_Cvz_m0_lowk_modecoupling_screen_88_L10_100fs_1ns_3rep/2026-08-27/scripts_stage/analyze_smallm_polarization_lifetime.py,4343,2026-08-27T03:33:49.673781+00:00,.py,results,analysis_archive_or_derived_asset,b669dc5ba4bd91d4fe7f6cb6c4b93e8629b8a08ee79694fefa7675ae30aba28d,analyze_smallm_polarization_lifetime.py,0,
results/collective_mode_response/axial_Cvz_m0_lowk_modecoupling_screen_88_L10_100fs_1ns_3rep/2026-08-27/scripts_stage/analyze_tagged_collective_vertex_m0.py,8568,2026-08-27T04:31:30.591889+00:00,.py,results,analysis_archive_or_derived_asset,c484f4df67101151ccf8f457230b345b1f30ad241ea229b2335afebe21299595,analyze_tagged_collective_vertex_m0.py,0,
results/collective_mode_response/axial_Cvz_m0_lowk_modecoupling_screen_88_L10_100fs_1ns_3rep/2026-08-27/scripts_stage/analyze_tagged_collective_vertex_mixed_pairs.py,5883,2026-08-27T04:39:56.272916+00:00,.py,results,analysis_archive_or_derived_asset,7dfe72108dac78f2b63bd2d0c17ff33219142ef7f1ab2dd5fee0750ca18afa3c,analyze_tagged_collective_vertex_mixed_pairs.py,0,
results/collective_mode_response/axial_Cvz_m0_lowk_modecoupling_screen_88_L10_100fs_1ns_3rep/2026-08-27/scripts_stage/analyze_theta_m0_factorization_m1m4.py,9457,2026-08-27T02:59:51.253649+00:00,.py,results,analysis_archive_or_derived_asset,582bf28566a333e990b7841a9910ee5cad5b2cef48bd5397e2685d5d921a721d,analyze_theta_m0_factorization_m1m4.py,0,
results/collective_mode_response/axial_Cvz_m0_lowk_modecoupling_screen_88_L10_100fs_1ns_3rep/2026-08-27/scripts_stage/analyze_theta_rep.py,8952,2026-08-26T10:56:44.361490+00:00,.py,results,analysis_archive_or_derived_asset,3553aca28fbd9defaea6c13e15a78e960c582258ab163a2c22802201a386ba95,analyze_theta_rep.py,0,
results/collective_mode_response/axial_Cvz_m0_lowk_modecoupling_screen_88_L10_100fs_1ns_3rep/2026-08-27/scripts_stage/analyze_theta_rep_memmap.py,12135,2026-08-27T01:25:01.943863+00:00,.py,results,analysis_archive_or_derived_asset,8ce64a54e204e609ff9c3706f825e3da18954539d842d303a2d26a6902817165,analyze_theta_rep_memmap.py,0,
results/collective_mode_response/axial_Cvz_m0_lowk_modecoupling_screen_88_L10_100fs_1ns_3rep/2026-08-27/scripts_stage/analyze_unnormalized_cjj_static_screen.py,9908,2026-08-27T04:21:19.451155+00:00,.py,results,analysis_archive_or_derived_asset,3a8748fbd4b31982b043c91e789b646c51aac8f4200437bee1510d5e348978cd,analyze_unnormalized_cjj_static_screen.py,0,
results/collective_mode_response/axial_Cvz_m0_lowk_modecoupling_screen_88_L10_100fs_1ns_3rep/2026-08-27/scripts_stage/analyze_viscoelastic_mixed_band.py,8120,2026-08-27T03:44:45.576220+00:00,.py,results,analysis_archive_or_derived_asset,6da0937e6b7bdd80cbd557ddf0720a9942d84dc26b9526eb43f510240a6060c8,analyze_viscoelastic_mixed_band.py,0,
results/collective_mode_response/axial_Cvz_m0_lowk_modecoupling_screen_88_L10_100fs_1ns_3rep/2026-08-27/scripts_stage/audit_alpha_exponential_source_10fs.py,7976,2026-08-27T09:21:36.521298+00:00,.py,results,analysis_archive_or_derived_asset,d6aeb8a50173f55ed6a371853ce1e881b61b361f6af1a5baa073322bf6be1040,audit_alpha_exponential_source_10fs.py,0,
results/collective_mode_response/axial_Cvz_m0_lowk_modecoupling_screen_88_L10_100fs_1ns_3rep/2026-08-27/scripts_stage/check_fullwater_header.py,954,2026-08-26T10:56:44.365491+00:00,.py,results,analysis_archive_or_derived_asset,6d8e4f7e52289e55a0a02301f8b7462e56933ab051a1f9964b7871190a0d1c50,check_fullwater_header.py,0,
results/collective_mode_response/axial_Cvz_m0_lowk_modecoupling_screen_88_L10_100fs_1ns_3rep/2026-08-27/scripts_stage/check_merge.py,681,2026-08-26T11:25:44.604849+00:00,.py,results,analysis_archive_or_derived_asset,f857b32cb22718ff95dbae4c1acd0dfc2a72ac02da25b5ec334cef2ccc7626d1,check_merge.py,1,/lustre/home/users/ewu/vb_gcmc/MD/stage_theta_decom_88_L2L10_100fs_10ns_20260826
results/collective_mode_response/axial_Cvz_m0_lowk_modecoupling_screen_88_L10_100fs_1ns_3rep/2026-08-27/scripts_stage/check_remote_parser.py,593,2026-08-26T10:56:06.752485+00:00,.py,results,analysis_archive_or_derived_asset,f7874759a598c1244c091e33898625e0553862c438bbe6ca1d52f73ac8884e20,check_remote_parser.py,1,/lustre/home/users/ewu/vb_gcmc/MD/stage_theta_decom_88_L2L10_100fs_10ns_20260826/analyze_theta_rep.py
results/collective_mode_response/axial_Cvz_m0_lowk_modecoupling_screen_88_L10_100fs_1ns_3rep/2026-08-27/scripts_stage/check_sources.py,1417,2026-08-26T09:31:26.800121+00:00,.py,results,analysis_archive_or_derived_asset,e53c41d43203e63df311fd1e61e5cb20537e8be83c74b2abdab7986a3e06eb0a,check_sources.py,3,/lustre/home/users/ewu/vb_gcmc/MD | /lustre/home/users/ewu/vb_gcmc/MD/stage_vacf_tail_8_8_L2L5_4rep_weaknh_nomom_10ns_100fs_20260821 | /lustre/home/users/ewu/vb_gcmc/MD/viscfric_length_all_chirality_RH75_20260806/long_weakNH_nomom_10L_100fs_10ns_3rep_20260806
results/collective_mode_response/axial_Cvz_m0_lowk_modecoupling_screen_88_L10_100fs_1ns_3rep/2026-08-27/scripts_stage/compare_alpha_min_saturation_models.py,6125,2026-08-27T09:05:32.937101+00:00,.py,results,analysis_archive_or_derived_asset,b6f7d2e299f5f9f408c324da65e8005caa52820ba27220cc30120a593e51c3d6,compare_alpha_min_saturation_models.py,0,
results/collective_mode_response/axial_Cvz_m0_lowk_modecoupling_screen_88_L10_100fs_1ns_3rep/2026-08-27/scripts_stage/finalize_viscoelastic_mixed_band.py,3633,2026-08-27T03:53:42.363371+00:00,.py,results,analysis_archive_or_derived_asset,cc00a7ede78d2d66c01b5f8bb317557f2ddcdf6babf481717a8380750194560e,finalize_viscoelastic_mixed_band.py,0,
results/collective_mode_response/axial_Cvz_m0_lowk_modecoupling_screen_88_L10_100fs_1ns_3rep/2026-08-27/scripts_stage/fit_axial_lowk_hydro_component.py,3169,2026-08-27T03:22:45.149660+00:00,.py,results,analysis_archive_or_derived_asset,f090394696507c6b0facc3b698023b224466e1f31957a9a51a26e215c69cbc2f,fit_axial_lowk_hydro_component.py,0,
results/collective_mode_response/axial_Cvz_m0_lowk_modecoupling_screen_88_L10_100fs_1ns_3rep/2026-08-27/scripts_stage/fit_axial_lowk_hydro_component_nmax.py,3357,2026-08-27T03:25:20.859219+00:00,.py,results,analysis_archive_or_derived_asset,95f29d89622ac4e5223f3723468ea2b5ddce23a9b8dab0940d5ada09e1cdd824,fit_axial_lowk_hydro_component_nmax.py,0,
results/collective_mode_response/axial_Cvz_m0_lowk_modecoupling_screen_88_L10_100fs_1ns_3rep/2026-08-27/scripts_stage/fit_theta_m0_hydro_component.py,3389,2026-08-27T03:32:25.713431+00:00,.py,results,analysis_archive_or_derived_asset,7a8c62de70d2eb87d14993c5603de586c87363a546198a0d8292373457a63445,fit_theta_m0_hydro_component.py,0,
results/collective_mode_response/axial_Cvz_m0_lowk_modecoupling_screen_88_L10_100fs_1ns_3rep/2026-08-27/scripts_stage/merge_theta_ensemble.py,3577,2026-08-26T11:16:11.050288+00:00,.py,results,analysis_archive_or_derived_asset,d2bea8aa59d143fc5bb6eb227a33ac7cb4734bab05e7036e037f6f667668f69a,merge_theta_ensemble.py,1,/lustre/home/users/ewu/vb_gcmc/MD/stage_theta_decom_88_L2L10_100fs_10ns_20260826
results/collective_mode_response/axial_Cvz_m0_lowk_modecoupling_screen_88_L10_100fs_1ns_3rep/2026-08-27/scripts_stage/monitor_theta.py,1104,2026-08-26T11:05:39.393851+00:00,.py,results,analysis_archive_or_derived_asset,26a4664fde5680461466205161e331bfb18329fe3f3f4d9f463c816d89cbf0f6,monitor_theta.py,1,/lustre/home/users/ewu/vb_gcmc/MD/stage_theta_decom_88_L2L10_100fs_10ns_20260826
results/collective_mode_response/axial_Cvz_m0_lowk_modecoupling_screen_88_L10_100fs_1ns_3rep/2026-08-27/scripts_stage/plot_L2L5L10_vacf_exit_offset.py,2236,2026-08-27T08:05:32.330048+00:00,.py,results,analysis_archive_or_derived_asset,012c5fa29ef2def6fb7ec2821c882253e0acae2ae064f53b971835b8b5ae5041,plot_L2L5L10_vacf_exit_offset.py,0,
results/collective_mode_response/axial_Cvz_m0_lowk_modecoupling_screen_88_L10_100fs_1ns_3rep/2026-08-27/scripts_stage/plot_L2L5_vacf_kmin_Fs_mechanism.py,2487,2026-08-27T08:00:51.920837+00:00,.py,results,analysis_archive_or_derived_asset,93ba4ce3cccffa701a349f32d6026886a0f3ab13ad885e0b80e2aebf5fb6090e,plot_L2L5_vacf_kmin_Fs_mechanism.py,0,
results/collective_mode_response/axial_Cvz_m0_lowk_modecoupling_screen_88_L10_100fs_1ns_3rep/2026-08-27/scripts_stage/plot_Lz_vacf_positive_alpha.py,2954,2026-08-27T08:43:13.571340+00:00,.py,results,analysis_archive_or_derived_asset,a8ed074491c12987fbd324dce86e7acd9daa156b04d8c6bde6ad801e8c10223b,plot_Lz_vacf_positive_alpha.py,0,
results/collective_mode_response/axial_Cvz_m0_lowk_modecoupling_screen_88_L10_100fs_1ns_3rep/2026-08-27/scripts_stage/plot_axial_m0_modecoupling_screen.py,2158,2026-08-27T03:23:29.020668+00:00,.py,results,analysis_archive_or_derived_asset,09daa905375f7d96606b7f8e0f75b31d66358a7c67eaca3ed17e15b88e6fa5f5,plot_axial_m0_modecoupling_screen.py,0,
results/collective_mode_response/axial_Cvz_m0_lowk_modecoupling_screen_88_L10_100fs_1ns_3rep/2026-08-27/scripts_stage/plot_ct_theta_m0_kn.py,5509,2026-08-27T02:43:21.208540+00:00,.py,results,analysis_archive_or_derived_asset,b4cb59dfe9d2ebf212373fa0bc32d9ed40b6be302ef04c803948d2e5e1135cdd,plot_ct_theta_m0_kn.py,0,
results/collective_mode_response/axial_Cvz_m0_lowk_modecoupling_screen_88_L10_100fs_1ns_3rep/2026-08-27/scripts_stage/plot_ct_theta_m0_kn_acf.py,2766,2026-08-27T02:46:13.541420+00:00,.py,results,analysis_archive_or_derived_asset,ec6a3bfed0671f81399c9767c06e2b081760d75173220b5f9bbd1a4749dd5d7e,plot_ct_theta_m0_kn_acf.py,0,
results/collective_mode_response/axial_Cvz_m0_lowk_modecoupling_screen_88_L10_100fs_1ns_3rep/2026-08-27/scripts_stage/plot_lowk_m1_dynamic_projection.py,2400,2026-08-27T05:01:49.530975+00:00,.py,results,analysis_archive_or_derived_asset,5ad435c493376fdf78ec7c00e609b07fbdda31008096370ae00ee0fe1b17b7a7,plot_lowk_m1_dynamic_projection.py,0,
results/collective_mode_response/axial_Cvz_m0_lowk_modecoupling_screen_88_L10_100fs_1ns_3rep/2026-08-27/scripts_stage/plot_m0_n11n20_negative_lobe.py,2956,2026-08-27T05:30:10.432550+00:00,.py,results,analysis_archive_or_derived_asset,d07bfa57f1f9e21a8cd8a531329edfd9c9eddcc06f2e5492acbb247f5870a773,plot_m0_n11n20_negative_lobe.py,0,
results/collective_mode_response/axial_Cvz_m0_lowk_modecoupling_screen_88_L10_100fs_1ns_3rep/2026-08-27/scripts_stage/plot_m0_odd_even_5L10L_1x3.py,4983,2026-08-27T10:17:56.898712+00:00,.py,results,analysis_archive_or_derived_asset,f319b99821bd815d20a2bb66841d5788f86338802b01460506a3f0e598c12582,plot_m0_odd_even_5L10L_1x3.py,0,
results/collective_mode_response/axial_Cvz_m0_lowk_modecoupling_screen_88_L10_100fs_1ns_3rep/2026-08-27/scripts_stage/plot_m0_odd_even_counterfactual.py,2930,2026-08-27T05:18:28.862903+00:00,.py,results,analysis_archive_or_derived_asset,3a6d53c0a37bb61bc34f1ff8c122120fc748262a98e61a7dc9c074be7fe719db,plot_m0_odd_even_counterfactual.py,0,
results/collective_mode_response/axial_Cvz_m0_lowk_modecoupling_screen_88_L10_100fs_1ns_3rep/2026-08-27/scripts_stage/plot_native100fs_alpha_min_peak_dependence.py,8883,2026-08-27T09:28:07.911557+00:00,.py,results,analysis_archive_or_derived_asset,96d1497415895c0028b5bd7f74377c13b6051a171185c8387c393780775368d1,plot_native100fs_alpha_min_peak_dependence.py,0,
results/collective_mode_response/axial_Cvz_m0_lowk_modecoupling_screen_88_L10_100fs_1ns_3rep/2026-08-27/scripts_stage/plot_native100fs_k1_semilog_extrema.py,11900,2026-08-27T10:02:47.464368+00:00,.py,results,analysis_archive_or_derived_asset,a94323672d8c4a66a6e02955dcf6b4c2a7506687389cd47e5be6c16205fc7b52,plot_native100fs_k1_semilog_extrema.py,0,
results/collective_mode_response/axial_Cvz_m0_lowk_modecoupling_screen_88_L10_100fs_1ns_3rep/2026-08-27/scripts_stage/plot_paired_helical_tagged_vertex.py,2296,2026-08-27T04:44:25.582112+00:00,.py,results,analysis_archive_or_derived_asset,10de05958144894d970a58e603595199cfcc1c6a05f6333316d314ca3f038673,plot_paired_helical_tagged_vertex.py,0,
results/collective_mode_response/axial_Cvz_m0_lowk_modecoupling_screen_88_L10_100fs_1ns_3rep/2026-08-27/scripts_stage/plot_raw_vacf_alpha_realLz_100fs.py,11296,2026-08-27T08:58:19.707025+00:00,.py,results,analysis_archive_or_derived_asset,21ccd390d5e02e3a69284e7c733efffba32d99c3474fe8e1320af7a0d629f863,plot_raw_vacf_alpha_realLz_100fs.py,0,
results/collective_mode_response/axial_Cvz_m0_lowk_modecoupling_screen_88_L10_100fs_1ns_3rep/2026-08-27/scripts_stage/plot_tagged_collective_vertex_m0.py,2819,2026-08-27T04:35:40.337896+00:00,.py,results,analysis_archive_or_derived_asset,75e970f706b53cc46f1b6530291d89e1d3dec7800efa1fe55dced8f5ddc044e5,plot_tagged_collective_vertex_m0.py,0,
results/collective_mode_response/axial_Cvz_m0_lowk_modecoupling_screen_88_L10_100fs_1ns_3rep/2026-08-27/scripts_stage/plot_theta_hydro_closure_recheck.py,3339,2026-08-27T03:39:08.258999+00:00,.py,results,analysis_archive_or_derived_asset,09a3da828fcba19623c549b72fb0ba54c57da0996c3e6b33fc1e840dd9fcc9b7,plot_theta_hydro_closure_recheck.py,0,
results/collective_mode_response/axial_Cvz_m0_lowk_modecoupling_screen_88_L10_100fs_1ns_3rep/2026-08-27/scripts_stage/plot_theta_m0_factorization_m1m4.py,3425,2026-08-27T03:09:50.085881+00:00,.py,results,analysis_archive_or_derived_asset,cc17fc665f3fe9e0165543b5d5a5586cae8de280be198110abb01ee5fde3ff18,plot_theta_m0_factorization_m1m4.py,0,
results/collective_mode_response/axial_Cvz_m0_lowk_modecoupling_screen_88_L10_100fs_1ns_3rep/2026-08-27/scripts_stage/plot_unnormalized_cjj_static_screen.py,3855,2026-08-27T04:23:14.004920+00:00,.py,results,analysis_archive_or_derived_asset,3cc02ac0631aadde2564d92ebb7aa871c176b2bd02ddd409cd1b797a42d3760b,plot_unnormalized_cjj_static_screen.py,0,
results/collective_mode_response/axial_Cvz_m0_lowk_modecoupling_screen_88_L10_100fs_1ns_3rep/2026-08-27/scripts_stage/run_local_10L_88_memmap.ps1,1102,2026-08-27T01:20:09.197196+00:00,.ps1,results,analysis_archive_or_derived_asset,35a7f1d1f54002c730193910fa0b56ba007fafa780a2f2a757f31ac45762b10e,run_local_10L_88_memmap.ps1,0,
results/collective_mode_response/axial_Cvz_m0_lowk_modecoupling_screen_88_L10_100fs_1ns_3rep/2026-08-27/scripts_stage/run_merge_theta_ensemble.sh,434,2026-08-26T11:16:11.054290+00:00,.sh,results,analysis_archive_or_derived_asset,a5a94cecdbd600b52a891e6dc3a8ee59c0d2ef71282cf62dbb06071a39769eb8,run_merge_theta_ensemble.sh,2,/lustre/home/users/ewu/.conda/envs/HB_analysis/bin/python | /lustre/home/users/ewu/vb_gcmc/MD/stage_theta_decom_88_L2L10_100fs_10ns_20260826
results/collective_mode_response/axial_Cvz_m0_lowk_modecoupling_screen_88_L10_100fs_1ns_3rep/2026-08-27/scripts_stage/run_theta_rep.template.sh,768,2026-08-26T10:45:57.627578+00:00,.sh,results,analysis_archive_or_derived_asset,e6b6074587257c15d8a2687a4e61d5da2d59408de8f3053c28be581199bf525e,run_theta_rep.template.sh,3,/lustre/home/users/ewu/.conda/envs/HB_analysis/bin/python | /lustre/home/users/ewu/vb_gcmc/MD/stage_theta_decom_88_L2L10_100fs_10ns_20260826 | /lustre/home/users/ewu/vb_gcmc/MD/stage_vacf_tail_8_8_L2L5_4rep_weaknh_nomom_10ns_100fs_20260821/__L__L/rep__R__/LONG_WEAKNH_NOMOM_8_8_L__L___rep__R___100fs_10ns.water_100fs_10ns.dump
results/collective_mode_response/axial_Cvz_m0_lowk_modecoupling_screen_88_L10_100fs_1ns_3rep/2026-08-27/scripts_stage/submit_2L5L.sh,900,2026-08-26T09:34:11.684928+00:00,.sh,results,analysis_archive_or_derived_asset,56b510c630e671494f3607f265d26e196d89601015ee47e28caa7e950338c25b,submit_2L5L.sh,0,
results/collective_mode_response/axial_Cvz_m0_lowk_modecoupling_screen_88_L10_100fs_1ns_3rep/2026-08-27/scripts_stage/submit_final_parserfix.sh,812,2026-08-26T10:57:21.097450+00:00,.sh,results,analysis_archive_or_derived_asset,62d96ab86bf0be521943c9a938d74b5c6a95c0418ec98f1fbb185db9dab3ffaf,submit_final_parserfix.sh,0,
results/collective_mode_response/axial_Cvz_m0_lowk_modecoupling_screen_88_L10_100fs_1ns_3rep/2026-08-27/scripts_stage/submit_headerfix_resubmission.sh,838,2026-08-26T10:16:54.565244+00:00,.sh,results,analysis_archive_or_derived_asset,9b6b54be70ca8fada9b804f84fde1991c6f120549b8126b96d6cd6f0eeb05dfa,submit_headerfix_resubmission.sh,0,
results/collective_mode_response/axial_Cvz_m0_lowk_modecoupling_screen_88_L10_100fs_1ns_3rep/2026-08-27/scripts_stage/submit_resourcefix_resubmission.sh,878,2026-08-26T10:45:57.630576+00:00,.sh,results,analysis_archive_or_derived_asset,0ded27d292d4a4d8ab28fae8a2e349b22dfb53c157037b4cbce007960156126a,submit_resourcefix_resubmission.sh,0,
results/collective_mode_response/axial_Cvz_m0_lowk_modecoupling_screen_88_L10_100fs_1ns_3rep/2026-08-27/scripts_stage/summarize_axial_m0_nmax_convergence.py,2137,2026-08-27T03:26:36.805819+00:00,.py,results,analysis_archive_or_derived_asset,47cf34e7ecdf081bacee7405b7b6354b4194c7d92fd176f7c0bd070c6cb427e1,summarize_axial_m0_nmax_convergence.py,0,
results/collective_mode_response/cjj_kmin_spectrum_from_acf/2026-08-18/plot_absolute_and_highfreq_kmin_spectra.py,3401,2026-08-18T06:39:53.219044+00:00,.py,results,analysis_archive_or_derived_asset,2e4ead83da723b0168fd2cc4ff912548937290b659cf386467e974fe1acfe29c,plot_absolute_and_highfreq_kmin_spectra.py,0,
results/collective_mode_response/cjj_kmin_spectrum_from_acf/2026-08-18/plot_highfreq_sampling_alias_control.py,6596,2026-08-18T06:46:11.740964+00:00,.py,results,analysis_archive_or_derived_asset,2c448b24b8abc3a2ea6b78b2fefa4f9e0941486a6d5906149724d373c7c0ee97,plot_highfreq_sampling_alias_control.py,0,
results/collective_mode_response/cjj_kmin_spectrum_from_acf/2026-08-18/plot_kmin_current_spectra.py,5759,2026-08-18T06:34:53.235522+00:00,.py,results,analysis_archive_or_derived_asset,4ee536458edf12708bd7f60f80b702cc12632ae2a895296c5337ba86e56183e4,plot_kmin_current_spectra.py,0,
results/collective_mode_response/counterfactual_vacf_5L_n1_bandremoval/2026-08-13/scripts/analyze_5L_n1_bandremoval.py,6380,2026-08-13T08:47:57.759534+00:00,.py,results,analysis_archive_or_derived_asset,df739d455d04a4ca6ae2e191868ed29d53fd44fa9e5caf86887f4c365658b53b,analyze_5L_n1_bandremoval.py,0,
results/collective_mode_response/counterfactual_vacf_5L_n1_bandremoval/2026-08-13/scripts/make_5L_two_window_counterfactual.py,4064,2026-08-13T08:53:17.239056+00:00,.py,results,analysis_archive_or_derived_asset,be0d60f8a1647b7ec109e752b360bd32c79f414ee95c0a9ce9bc6a89420593f8,make_5L_two_window_counterfactual.py,0,
results/collective_mode_response/crosschirality_alpha_collapse_2L10L/2026-08-10/scripts/analyze_crosschirality_alpha_collapse_2L10L.py,8333,2026-08-10T11:21:43.388521+00:00,.py,results,analysis_archive_or_derived_asset,7d7e5f097b129344d426c4ebeba54d0a8634e674cbb5c3003ff263a2763a9357,analyze_crosschirality_alpha_collapse_2L10L.py,0,
results/collective_mode_response/crosschirality_cvv_comparison/2026-08-18/analyze_88_nvt_10fs_short_cvv.py,3715,2026-08-18T06:55:56.235092+00:00,.py,results,analysis_archive_or_derived_asset,26af83c479a33beea81904159843a4a4fa5a86b9d24916d6a384f7a4b2e9114a,analyze_88_nvt_10fs_short_cvv.py,0,
results/collective_mode_response/crosschirality_cvv_comparison/2026-08-18/analyze_first_return_positive_lobe_area.py,12516,2026-08-18T07:17:31.185005+00:00,.py,results,analysis_archive_or_derived_asset,b4ed8b902b23f349d59e5984959ac7f506875074214464b27776118997fdae86,analyze_first_return_positive_lobe_area.py,0,
results/collective_mode_response/crosschirality_cvv_comparison/2026-08-18/plot_crosschirality_cvv.py,10461,2026-08-18T07:00:25.077536+00:00,.py,results,analysis_archive_or_derived_asset,7bc070e449870222a17f968325cfbd0809a8f18d2721ef518d917225327c8419,plot_crosschirality_cvv.py,0,
results/collective_mode_response/crosschirality_cvv_comparison/2026-08-18/stage_submit_crosschirality_l2l5_8rep.py,5675,2026-08-18T08:30:15.297328+00:00,.py,results,analysis_archive_or_derived_asset,ff7f92779a55d3b476cba2a40ea250381280abf4ce6e2e8498e9594f22d971e0,stage_submit_crosschirality_l2l5_8rep.py,3,/lustre/home/users/ewu/vb_gcmc/MD/cross_chirality_length_7_7_9_9_2L5L_3rep_20260730 | /lustre/home/users/ewu/vb_gcmc/MD/stage_vacf_tail_crosschirality_7_7_9_9_L2L5_8rep_weaknh_nomom_2ns_10fs_20260818 | /lustre/home/users/ewu/vb_gcmc/MD/viscfric_length_88_RH75_20260731/rethermalized_weakNH_nomom_cross_chirality_1L5L_2rep_20260804
results/collective_mode_response/crosschirality_cvv_comparison/2026-08-18/stage_submit_crosschirality_l2l5_8rep.remote.sh,4404,2026-08-18T08:30:41.101227+00:00,.sh,results,analysis_archive_or_derived_asset,ced8211403d503d1e5d28255f07dcf7e7cb2af66666dbcfd6b2e13b974c56d34,stage_submit_crosschirality_l2l5_8rep.remote.sh,3,/lustre/home/users/ewu/vb_gcmc/MD/cross_chirality_length_7_7_9_9_2L5L_3rep_20260730 | /lustre/home/users/ewu/vb_gcmc/MD/stage_vacf_tail_crosschirality_7_7_9_9_L2L5_8rep_weaknh_nomom_2ns_10fs_20260818 | /lustre/home/users/ewu/vb_gcmc/MD/viscfric_length_88_RH75_20260731/rethermalized_weakNH_nomom_cross_chirality_1L5L_2rep_20260804
results/collective_mode_response/crosschirality_vacf_10fs_8rep_2ns_200ps_2026-08-18/analyze_vacf_10fs_2ns_stream.py,6571,2026-08-18T14:22:00.618972+00:00,.py,results,analysis_archive_or_derived_asset,de3cca07eda8600e759f306de520f8615a6c96305a4e50caa437012002a2341e,analyze_vacf_10fs_2ns_stream.py,0,
results/collective_mode_response/crosschirality_vacf_10fs_8rep_2ns_200ps_2026-08-18/archive/aggregate_first_positive_lobe_all_chiralities.py,5002,2026-08-19T02:15:43.749500+00:00,.py,results,analysis_archive_or_derived_asset,f5b7ba2e686daaceb887f123a1f1dc465ca642c5ef9947fa6ba6da97ec6087d1,aggregate_first_positive_lobe_all_chiralities.py,0,
results/collective_mode_response/crosschirality_vacf_10fs_8rep_2ns_200ps_2026-08-18/archive/analyze_first_negative_platform_all_chiralities.py,5306,2026-08-19T02:34:32.120304+00:00,.py,results,analysis_archive_or_derived_asset,20506b052e84533b2088cb1db61a59682697ac1ef4d9a0b598ad25c876caf62e,analyze_first_negative_platform_all_chiralities.py,0,
results/collective_mode_response/crosschirality_vacf_10fs_8rep_2ns_200ps_2026-08-18/archive/analyze_first_positive_lobe.py,4906,2026-08-19T02:11:12.614309+00:00,.py,results,analysis_archive_or_derived_asset,800100ee0eeeb2dc9878c6bca288fc71fb482d4d5be888eb24b75d89a8f3d784,analyze_first_positive_lobe.py,0,
results/collective_mode_response/crosschirality_vacf_10fs_8rep_2ns_200ps_2026-08-18/archive/plot_vacf_200ps_ensemble.py,5312,2026-08-19T02:06:56.636732+00:00,.py,results,analysis_archive_or_derived_asset,f30e8d34ac32ceb2a75cc5fb02cc70ff21d0f7f65267560f43eab3d4fe10182e,plot_vacf_200ps_ensemble.py,0,
results/collective_mode_response/crosschirality_vacf_10fs_8rep_2ns_200ps_2026-08-18/archive/presentation_single_panels_2026-08-19/make_single_panels.py,16107,2026-08-19T07:58:19.354403+00:00,.py,results,analysis_archive_or_derived_asset,25a74fd5e8caf469c3e067dbaf6c4f696672184919fa5e22ceecb4a0002de888,make_single_panels.py,0,
results/collective_mode_response/crosschirality_vacf_10fs_8rep_2ns_200ps_2026-08-18/archive/scripts/analyze_vacf_10fs_2ns_stream.py,6571,2026-08-18T16:07:24.671416+00:00,.py,results,analysis_archive_or_derived_asset,de3cca07eda8600e759f306de520f8615a6c96305a4e50caa437012002a2341e,analyze_vacf_10fs_2ns_stream.py,0,
results/collective_mode_response/crosschirality_vacf_10fs_8rep_2ns_200ps_2026-08-18/archive/scripts/merge_vacf_10fs_2ns.py,1745,2026-08-18T16:07:24.553890+00:00,.py,results,analysis_archive_or_derived_asset,a2bad1e1882a8284cce2db55f8895487f30e07538ffc181f2628d4dd2d012971,merge_vacf_10fs_2ns.py,0,
results/collective_mode_response/crosschirality_vacf_10fs_8rep_2ns_200ps_2026-08-18/archive/scripts/run_vacf_200ps_case.template.sh,1162,2026-08-18T16:07:24.446366+00:00,.sh,results,analysis_archive_or_derived_asset,660dda69a915341c359a5213e450e4c19945e900f2175d3b2a8cf01b090c4476,run_vacf_200ps_case.template.sh,2,/lustre/home/users/ewu/.conda/envs/HB_analysis/bin/python | /lustre/home/users/ewu/vb_gcmc/MD/stage_vacf_tail_crosschirality_7_7_9_9_L2L5_8rep_weaknh_nomom_2ns_10fs_20260818
results/collective_mode_response/crosschirality_vacf_10fs_8rep_2ns_200ps_2026-08-18/merge_vacf_10fs_2ns.py,1745,2026-08-18T14:22:00.623972+00:00,.py,results,analysis_archive_or_derived_asset,a2bad1e1882a8284cce2db55f8895487f30e07538ffc181f2628d4dd2d012971,merge_vacf_10fs_2ns.py,0,
results/collective_mode_response/crosschirality_vacf_10fs_8rep_2ns_200ps_2026-08-18/run_vacf_200ps_case.sh,1162,2026-08-18T15:18:48.319858+00:00,.sh,results,analysis_archive_or_derived_asset,660dda69a915341c359a5213e450e4c19945e900f2175d3b2a8cf01b090c4476,run_vacf_200ps_case.sh,2,/lustre/home/users/ewu/.conda/envs/HB_analysis/bin/python | /lustre/home/users/ewu/vb_gcmc/MD/stage_vacf_tail_crosschirality_7_7_9_9_L2L5_8rep_weaknh_nomom_2ns_10fs_20260818
results/collective_mode_response/crosschirality_vacf_cvv_alpha_ode/2026-08-14/acoustic_phase_comparison/plot_88_10L_acoustic_phase_validation.py,4623,2026-08-15T03:37:16.090928+00:00,.py,results,analysis_archive_or_derived_asset,aa465181bf1487d9f7d12d164271d070c6f9adc243dc08e62638630f84873eb2,plot_88_10L_acoustic_phase_validation.py,0,
results/collective_mode_response/crosschirality_vacf_cvv_alpha_ode/2026-08-14/acoustic_phase_comparison/plot_raw_vs_t0_corrected_phase.py,2575,2026-08-15T03:28:25.076828+00:00,.py,results,analysis_archive_or_derived_asset,a40af0aec50c7c582bbae555a4883df39b4dda209fba4fd7cef68022756e9f5a,plot_raw_vs_t0_corrected_phase.py,0,
results/collective_mode_response/crosschirality_vacf_cvv_alpha_ode/2026-08-14/analyze_cvv_alpha_crosschirality.py,7200,2026-08-14T20:04:23.791861+00:00,.py,results,analysis_archive_or_derived_asset,cfc77cdb3b25565b8ee8f9d095c1b5f20e6dc6d13dd8bad3e9d11e042b389ad5,analyze_cvv_alpha_crosschirality.py,2,/lustre/home/users/ewu/vb_gcmc/MD/viscfric_length_88_RH75_20260731/rethermalized_weakNH_nomom_cross_chirality_1L5L_2rep_20260804 | /lustre/home/users/ewu/vb_gcmc/MD/viscfric_length_all_chirality_RH75_20260806/long_weakNH_nomom_10L_100fs_10ns_3rep_20260806
results/collective_mode_response/crosschirality_vacf_cvv_alpha_ode/2026-08-14/plot_alpha_min_acoustic_phase_crosschirality.py,6155,2026-08-15T03:08:19.056297+00:00,.py,results,analysis_archive_or_derived_asset,76e0e3fbe797ff1721fd2cbc8fb63a863ff59dd22a536160ad39e999485600d3,plot_alpha_min_acoustic_phase_crosschirality.py,0,
results/collective_mode_response/crosschirality_vacf_cvv_alpha_ode/2026-08-14/plot_crosschirality_vacf_alpha.py,2437,2026-08-14T20:08:12.575905+00:00,.py,results,analysis_archive_or_derived_asset,4207bc126e24d01f52316f9104dc46f50ab6405071cd1afc006155ac6d80318c,plot_crosschirality_vacf_alpha.py,0,
results/collective_mode_response/crosschirality_vacf_cvv_alpha_ode/2026-08-14/recovery_9_9_L3_rep2/run.sh,360,2026-08-14T20:21:19.049661+00:00,.sh,results,analysis_archive_or_derived_asset,982cf21da526f4b949aeb4a465f04ebc01152379d9f78e7a54d82eacaac3490d,run.sh,0,
results/collective_mode_response/crosschirality_vacf_cvv_alpha_ode/2026-08-14/run_crosschirality_cvv_alpha_ode.sh,827,2026-08-14T20:04:23.374146+00:00,.sh,results,analysis_archive_or_derived_asset,92567def2a5db647fa474ec8215b5867ecc6d1425e6a0145ec9636d45d7214e8,run_crosschirality_cvv_alpha_ode.sh,2,/lustre/home/users/ewu/.conda/envs/HB_analysis/bin/python | /lustre/home/users/ewu/vb_gcmc/MD/stage_crosschirality_vacf_alpha_2L10_weaknh_20260814
results/collective_mode_response/decom_msd_cvv_alpha_L2L10_weakNH_zvz/2026-08-13/analyze_decom_msd_by_length.py,7630,2026-08-13T16:16:46.107239+00:00,.py,results,analysis_archive_or_derived_asset,18238a65c9a643f4a2748dc355e6f6550c3a0bdeaab8b2c4d1a3a249e4947f48,analyze_decom_msd_by_length.py,0,
results/collective_mode_response/decom_msd_cvv_alpha_L2L10_weakNH_zvz/2026-08-13/analyze_msd_length_collapse.py,7793,2026-08-14T07:19:19.742266+00:00,.py,results,analysis_archive_or_derived_asset,7c04cf596be4b78cc75596da69bed81e319b6385702dd2a16227be0bf559b313,analyze_msd_length_collapse.py,0,
results/collective_mode_response/decom_msd_cvv_alpha_L2L10_weakNH_zvz/2026-08-13/analyze_strict_alpha_valley_collapse.py,7232,2026-08-14T07:49:54.331615+00:00,.py,results,analysis_archive_or_derived_asset,616806cca8e974f6b4b934e100db410f16910673c38421654e4addd3d8d9a232,analyze_strict_alpha_valley_collapse.py,0,
results/collective_mode_response/decom_msd_cvv_alpha_L2L10_weakNH_zvz/2026-08-13/build_cvv_four_regime_figures.py,5164,2026-08-14T02:41:40.148480+00:00,.py,results,analysis_archive_or_derived_asset,e8e3be17b6b923690a6b677f16d877e335e653c0d01969aace10650e32de22bf,build_cvv_four_regime_figures.py,0,
results/collective_mode_response/decom_msd_cvv_alpha_L2L10_weakNH_zvz/2026-08-13/build_cvv_regime_scaling_atlas.py,7908,2026-08-14T02:11:31.390864+00:00,.py,results,analysis_archive_or_derived_asset,4f5d1bbb7cb4c011461ea80a1b0f8f814bbc156bf4edaf7427ead288d809ca86,build_cvv_regime_scaling_atlas.py,0,
results/collective_mode_response/decom_msd_cvv_alpha_L2L10_weakNH_zvz/2026-08-13/cvv_alpha_ode_L2L5L_strict/make_alpha_min_k_figure.py,4116,2026-08-14T04:22:42.870022+00:00,.py,results,analysis_archive_or_derived_asset,0e77b4991560dcd26aa4a4ed39fad4a6b299aca7e5db97624239f861ff157f83,make_alpha_min_k_figure.py,0,
results/collective_mode_response/decom_msd_cvv_alpha_L2L10_weakNH_zvz/2026-08-13/figures_nature_msd_scaling/plot_alpha_min_acoustic_phase_cs.py,6266,2026-08-14T10:35:15.788568+00:00,.py,results,analysis_archive_or_derived_asset,8c68de345473b95ce7e729aec864be636661555a14b36ae8f94c5d2fed410691,plot_alpha_min_acoustic_phase_cs.py,0,
results/collective_mode_response/decom_msd_cvv_alpha_L2L10_weakNH_zvz/2026-08-13/fit_alpha_min_vs_kmin.py,3717,2026-08-14T01:36:12.082626+00:00,.py,results,analysis_archive_or_derived_asset,74633636a99f9dd0623d2c500f2486f49d44d1912589033f7dcaa384e4a3f44e,fit_alpha_min_vs_kmin.py,0,
results/collective_mode_response/decom_msd_cvv_alpha_L2L10_weakNH_zvz/2026-08-13/make_nature_vacf_landmark_figure.py,4671,2026-08-14T02:52:24.395633+00:00,.py,results,analysis_archive_or_derived_asset,9e082c35e37032cd2d58ff87aab0675dfa2794c6d409f9db920e753d47e8fe87,make_nature_vacf_landmark_figure.py,0,
results/collective_mode_response/decom_msd_cvv_alpha_L2L10_weakNH_zvz/2026-08-13/plot_cvv_direct_L2L10.py,1384,2026-08-14T01:42:52.399755+00:00,.py,results,analysis_archive_or_derived_asset,da5fe78b9945b3f11edda14dc8ab5d376893f58af9fa43505bbc79a678456d67,plot_cvv_direct_L2L10.py,0,
results/collective_mode_response/decom_msd_cvv_alpha_L2L10_weakNH_zvz/2026-08-13/plot_cvv_tail_L2L10_reference_scale.py,1135,2026-08-14T01:55:33.279751+00:00,.py,results,analysis_archive_or_derived_asset,ad04650c2b041876dd5cf698dd9a5b23d009ed6b832ee7f07fba4463d99c411f,plot_cvv_tail_L2L10_reference_scale.py,0,
results/collective_mode_response/decom_msd_cvv_alpha_L2L10_weakNH_zvz/2026-08-13/plot_cvv_tail_reference_scale_L3L5.py,1189,2026-08-14T01:53:52.418208+00:00,.py,results,analysis_archive_or_derived_asset,849e11cb214d7d44ecced0b16442696e674e6a552c795140ceadc97178229584,plot_cvv_tail_reference_scale_L3L5.py,0,
results/collective_mode_response/decom_msd_cvv_alpha_L2L10_weakNH_zvz/2026-08-13/plot_cvv_ultrashort_0p1to1ps.py,1225,2026-08-14T01:54:08.396841+00:00,.py,results,analysis_archive_or_derived_asset,42732068c4d9c7cdb9120d70125430b197cb8db83064a41b6ab9111db8a57f02,plot_cvv_ultrashort_0p1to1ps.py,0,
results/collective_mode_response/decom_msd_cvv_alpha_L2L10_weakNH_zvz/2026-08-13/plot_cvv_zoom_0p1to2ps.py,1200,2026-08-14T01:45:26.655852+00:00,.py,results,analysis_archive_or_derived_asset,8e4ef07797cf888d588b4926f541ea70e1f1c7da3e5cf79b25091d4074e81759,plot_cvv_zoom_0p1to2ps.py,0,
results/collective_mode_response/decom_msd_cvv_alpha_L2L10_weakNH_zvz/2026-08-13/plot_decom_msd_alpha.py,2050,2026-08-13T07:47:56.521676+00:00,.py,results,analysis_archive_or_derived_asset,7473f1eaa7ed19cda31bb675b78d546fa5abd299f4afe33350a1c9be1f671526,plot_decom_msd_alpha.py,0,
results/collective_mode_response/decom_msd_cvv_alpha_L2L10_weakNH_zvz/2026-08-13/plot_first_lobe_areas_joint_scaling.py,3004,2026-08-14T03:54:13.293606+00:00,.py,results,analysis_archive_or_derived_asset,2cab92b9ddbc4cd883e91576d55e9168a9883c5cc9e9a2927e70839c0e212354,plot_first_lobe_areas_joint_scaling.py,0,
results/collective_mode_response/decom_msd_cvv_alpha_L2L10_weakNH_zvz/2026-08-13/plot_first_positive_lobe_area_scaling.py,2192,2026-08-14T02:57:32.170323+00:00,.py,results,analysis_archive_or_derived_asset,d63df6ed893addbe076355c1d771431dbea5e56d79e6ea0c98acd8ed4772c8e2,plot_first_positive_lobe_area_scaling.py,0,
results/collective_mode_response/decom_msd_cvv_alpha_L2L10_weakNH_zvz/2026-08-13/plot_msd_1ns_shorttime_mismatch.py,4635,2026-08-14T07:28:49.064593+00:00,.py,results,analysis_archive_or_derived_asset,973b9fe62b5f16f5c56da388dd3909136b9824bc8726acef844ab5a7433eb28a,plot_msd_1ns_shorttime_mismatch.py,0,
results/collective_mode_response/decom_msd_cvv_alpha_L2L10_weakNH_zvz/2026-08-13/plot_one_minus_alpha_min_direct_vs_strict_ode_ppt.py,2472,2026-08-14T03:43:07.779645+00:00,.py,results,analysis_archive_or_derived_asset,eb77e9a254d3b740d17fcb2023d91113d432c8fef7532d2aa96a9e9a2fde9750,plot_one_minus_alpha_min_direct_vs_strict_ode_ppt.py,0,
results/collective_mode_response/decom_msd_cvv_alpha_L2L10_weakNH_zvz/2026-08-13/plot_one_minus_alpha_min_vs_kmin_ppt.py,2384,2026-08-14T03:35:32.967379+00:00,.py,results,analysis_archive_or_derived_asset,ec0e3e5173a79fe3313f0d984f7786a705b99d65c3e435202aaa62f8b243e676,plot_one_minus_alpha_min_vs_kmin_ppt.py,0,
results/collective_mode_response/decom_msd_cvv_alpha_L2L10_weakNH_zvz/2026-08-13/plot_one_minus_alpha_min_vs_kmin_singlepanel_ppt.py,1779,2026-08-14T03:36:42.488886+00:00,.py,results,analysis_archive_or_derived_asset,0a9b843bf253b8d9716c88c868f31930bd7624486c8117362b33cb3012f46fcc,plot_one_minus_alpha_min_vs_kmin_singlepanel_ppt.py,0,
results/collective_mode_response/decom_msd_cvv_alpha_L2L10_weakNH_zvz/2026-08-13/plot_platform_area_scaling.py,3279,2026-08-14T03:48:13.037302+00:00,.py,results,analysis_archive_or_derived_asset,4068d62f336950e9d5d6ca876c8f4d804aa8143db0cb477e4cbaca3e9ff54f14,plot_platform_area_scaling.py,0,
results/collective_mode_response/decom_msd_cvv_alpha_L2L10_weakNH_zvz/2026-08-13/plot_strict_cvv_alpha_1ns_normalized.py,7640,2026-08-14T07:59:52.258863+00:00,.py,results,analysis_archive_or_derived_asset,1aacd34df064a9117721501933077e25d75dfedc8451fd9c820d792233716b39,plot_strict_cvv_alpha_1ns_normalized.py,0,
results/collective_mode_response/decom_msd_cvv_alpha_L2L10_weakNH_zvz/2026-08-13/plot_vacf_landmark_times_vs_lambda_max.py,2922,2026-08-14T02:48:01.180195+00:00,.py,results,analysis_archive_or_derived_asset,f518bf64d768008559fece88094d37bbc2d96b9fbbe49f2ab11fe0812d1ae37a,plot_vacf_landmark_times_vs_lambda_max.py,0,
results/collective_mode_response/decom_msd_cvv_alpha_L2L10_weakNH_zvz/2026-08-13/reconstruct_alpha_from_cvv_ode_strict.py,2694,2026-08-14T02:02:11.021385+00:00,.py,results,analysis_archive_or_derived_asset,74e223aad543331ff2d1310790e1b44f1fb9ba4970a93f211235f9a3be18ecfa,reconstruct_alpha_from_cvv_ode_strict.py,0,
results/collective_mode_response/decom_msd_cvv_alpha_L2L10_weakNH_zvz/2026-08-13/run_analyze_msd_alpha_L2L10.sh,571,2026-08-13T14:15:02.590617+00:00,.sh,results,analysis_archive_or_derived_asset,0db07a215fcd9336045c95782f791abd4e13bedd53cced5bacec096d520bde49,run_analyze_msd_alpha_L2L10.sh,1,/lustre/home/users/ewu/vb_gcmc/MD/stage_vacf_tail_8_8_L2L10_8rep_weaknh_zvz_20260812
results/collective_mode_response/decom_msd_cvv_alpha_L2L10_weakNH_zvz/2026-08-13/summarize_alpha_minima.py,2530,2026-08-13T17:57:49.885639+00:00,.py,results,analysis_archive_or_derived_asset,08171479dc5e079e6c68ccbbbaf567d8ad32ec9e04963d04f3e963588d622b42,summarize_alpha_minima.py,0,
results/collective_mode_response/dsf_k1_all_10fs_assets/2026-08-18/scripts/analyze_dsf_k1_asset.py,9726,2026-08-18T13:15:52.993129+00:00,.py,results,analysis_archive_or_derived_asset,a2134a57b7be8a486459072141935e33e540abbe720dfc24d26ec485dc20591c,analyze_dsf_k1_asset.py,0,
results/collective_mode_response/dsf_k1_all_10fs_assets/2026-08-18/scripts/make_dsf_k1_166_figures.py,9893,2026-08-18T14:03:00.559192+00:00,.py,results,analysis_archive_or_derived_asset,d6a2991871c010744b4d60c10c292401e1edaf716ca8b17833adcc8d5646694b,make_dsf_k1_166_figures.py,0,
results/collective_mode_response/dsf_k1_all_10fs_assets/2026-08-18/scripts/make_dsf_k1_semilog_matrices.py,4599,2026-08-19T13:32:13.546246+00:00,.py,results,analysis_archive_or_derived_asset,53196a3aa968b4fc4e1ba1c48bddca01a1f6841d160b93c68fdd03f232ba8a63,make_dsf_k1_semilog_matrices.py,0,
results/collective_mode_response/dsf_k1_all_10fs_assets/2026-08-18/scripts/run_dsf_k1_all_166.pbs,1703,2026-08-18T13:09:45.707680+00:00,.pbs,results,analysis_archive_or_derived_asset,c1527938ba81af7155fd2c84c95d253e5f1d9014aff4c1b80cb225ce32f23181,run_dsf_k1_all_166.pbs,2,/lustre/home/users/ewu/.conda/envs/HB_analysis/bin/python | /lustre/home/users/ewu/vb_gcmc/MD
results/collective_mode_response/empirical_10L_modes_kinterpolated_to_20L/2026-08-28/scripts/transfer_empirical_10L_modes_to_20L.py,14836,2026-08-28T09:58:36.459495+00:00,.py,results,analysis_archive_or_derived_asset,4073f9184eba2487cb805ead68deec2a5afb44f9491179df44b7d9efb985619a,transfer_empirical_10L_modes_to_20L.py,0,
results/collective_mode_response/fig2_longitudinal_modes_88_rh75_330k/2026-08-11/remote_raw/stage_Wk_crossfit_88_L2to10_20260812_corrected/analyze_Wk_crossfit.py,4144,2026-08-12T09:14:13.124471+00:00,.py,results,analysis_archive_or_derived_asset,aae160d64d515482753ca5c73a0d01e073bed93963cd2b7a1ee439a2a992003c,analyze_Wk_crossfit.py,0,
results/collective_mode_response/fig2_longitudinal_modes_88_rh75_330k/2026-08-11/remote_raw/stage_Wk_crossfit_88_L2to10_20260812_corrected/run.sh,996,2026-08-12T09:14:13.069233+00:00,.sh,results,analysis_archive_or_derived_asset,cbc9b217fcf5472e5e62ce3e52961101a16ac18b0a4227b30e0bee1d119e5a69,run.sh,2,/lustre/home/users/ewu/vb_gcmc/MD/viscfric_length_88_RH75_20260731/matched_10fs_rethermalized_weakNH_no_momentum_1L5L_20260804 | /lustre/home/users/ewu/vb_gcmc/MD/viscfric_length_all_chirality_RH75_20260806/long_weakNH_nomom_10L_100fs_10ns_3rep_20260806
results/collective_mode_response/fig2_longitudinal_modes_88_rh75_330k/2026-08-11/remote_raw/stage_Wk_crossfit_88_L2to10_20260812_corrected2/analyze_Wk_crossfit.py,4344,2026-08-12T10:24:00.310431+00:00,.py,results,analysis_archive_or_derived_asset,a4a02530e5625d2f9b41fc723c4045b85714786dc94e31cf67ceb6f7aafda1d4,analyze_Wk_crossfit.py,0,
results/collective_mode_response/fig2_longitudinal_modes_88_rh75_330k/2026-08-11/remote_raw/stage_Wk_crossfit_88_L2to10_20260812_corrected2/run.sh,996,2026-08-12T10:24:00.251503+00:00,.sh,results,analysis_archive_or_derived_asset,cbc9b217fcf5472e5e62ce3e52961101a16ac18b0a4227b30e0bee1d119e5a69,run.sh,2,/lustre/home/users/ewu/vb_gcmc/MD/viscfric_length_88_RH75_20260731/matched_10fs_rethermalized_weakNH_no_momentum_1L5L_20260804 | /lustre/home/users/ewu/vb_gcmc/MD/viscfric_length_all_chirality_RH75_20260806/long_weakNH_nomom_10L_100fs_10ns_3rep_20260806
results/collective_mode_response/fig2_longitudinal_modes_88_rh75_330k/2026-08-11/remote_raw/stage_cjj_n1_block_audit_88_20260812/audit_cjj_blocks.py,3576,2026-08-12T11:34:06.494921+00:00,.py,results,analysis_archive_or_derived_asset,14a38c12a574e265849115f2f02db215eda428a96284e21e76da4da1bf66b553,audit_cjj_blocks.py,0,
results/collective_mode_response/fig2_longitudinal_modes_88_rh75_330k/2026-08-11/remote_raw/stage_cjj_n1_block_audit_88_20260812/run.sh,1084,2026-08-12T11:34:06.373596+00:00,.sh,results,analysis_archive_or_derived_asset,08d230d7c0c18cf6f21ef052ba85ad8c8f55f331d1646ca6917e412391c214d3,run.sh,2,/lustre/home/users/ewu/vb_gcmc/MD/viscfric_length_88_RH75_20260731/matched_10fs_rethermalized_weakNH_no_momentum_1L5L_20260804 | /lustre/home/users/ewu/vb_gcmc/MD/viscfric_length_all_chirality_RH75_20260806/long_weakNH_nomom_10L_100fs_10ns_3rep_20260806
results/collective_mode_response/fig2_longitudinal_modes_88_rh75_330k/2026-08-11/remote_raw/stage_cjj_raw_vs_peculiar_88_20260812/analyze_cjj_raw_vs_peculiar.py,3757,2026-08-12T11:34:23.019172+00:00,.py,results,analysis_archive_or_derived_asset,9bb615b3d08e6bf1f2e0f97c6547dca8f4bf4ae8af46c24f790a443639573141,analyze_cjj_raw_vs_peculiar.py,0,
results/collective_mode_response/fig2_longitudinal_modes_88_rh75_330k/2026-08-11/remote_raw/stage_cjj_raw_vs_peculiar_88_20260812/run.sh,1111,2026-08-12T11:34:23.225508+00:00,.sh,results,analysis_archive_or_derived_asset,c4160e9b3646a6ec79be1ec7d03ef18c8d0e95ccdcb90192071d0bfed73100d4,run.sh,2,/lustre/home/users/ewu/vb_gcmc/MD/viscfric_length_88_RH75_20260731/matched_10fs_rethermalized_weakNH_no_momentum_1L5L_20260804 | /lustre/home/users/ewu/vb_gcmc/MD/viscfric_length_all_chirality_RH75_20260806/long_weakNH_nomom_10L_100fs_10ns_3rep_20260806
results/collective_mode_response/fig2_longitudinal_modes_88_rh75_330k/2026-08-11/scripts/analyze_Wk_crossfit_unbiased.py,5695,2026-08-12T10:29:18.238895+00:00,.py,results,analysis_archive_or_derived_asset,ede1f2c48c51b2836bc156b5b4244a656930684a7a72f0b19b2cb3b3a2d2449e,analyze_Wk_crossfit_unbiased.py,0,
results/collective_mode_response/fig2_longitudinal_modes_88_rh75_330k/2026-08-11/scripts/analyze_cvj_distinct_n1_decimated.py,3914,2026-08-11T13:30:03.552876+00:00,.py,results,analysis_archive_or_derived_asset,d367db2270163106807c09b03055519dc8e62cabf2d95ec7eb1d9adf2fad3580,analyze_cvj_distinct_n1_decimated.py,0,
results/collective_mode_response/fig2_longitudinal_modes_88_rh75_330k/2026-08-11/scripts/analyze_matched_k_all_lengths.py,5642,2026-08-11T09:24:26.396551+00:00,.py,results,analysis_archive_or_derived_asset,75e2548c614e4549c180e4288f3facf104ccc73cd5e67fbbf33c5838ee145bb1,analyze_matched_k_all_lengths.py,0,
results/collective_mode_response/fig2_longitudinal_modes_88_rh75_330k/2026-08-11/scripts/audit_cjj_n1_lobe_extraction.py,4267,2026-08-12T11:09:25.806215+00:00,.py,results,analysis_archive_or_derived_asset,49fe8b9c54ead127b9d2fa41bb51038aec24e30f1c465b3e9b371f182aa587e5,audit_cjj_n1_lobe_extraction.py,0,
results/collective_mode_response/fig2_longitudinal_modes_88_rh75_330k/2026-08-11/scripts/make_cvj_distinct_scaled_panel.py,3020,2026-08-11T14:03:58.743049+00:00,.py,results,analysis_archive_or_derived_asset,46870f2785f23f7a417a575409d519c6ef0cd3fb265b4455c7cd3482e644a967,make_cvj_distinct_scaled_panel.py,0,
results/collective_mode_response/fig2_longitudinal_modes_88_rh75_330k/2026-08-11/scripts/make_fig2_longitudinal_modes.py,25214,2026-08-14T03:10:45.616428+00:00,.py,results,analysis_archive_or_derived_asset,6ed6cf4970de1f0d46bc9b5bf008d2810b1217b1c03d70c848977078573ced15,make_fig2_longitudinal_modes.py,0,
results/collective_mode_response/fig2_longitudinal_modes_88_rh75_330k/2026-08-11/scripts/run_cvj_distinct_10L_n1.pbs,690,2026-08-11T13:30:03.555873+00:00,.pbs,results,analysis_archive_or_derived_asset,71fbdd3fbdeee7a1db504b43115164ea6fc6c2768f7d77794ea5d35524c2d2fb,run_cvj_distinct_10L_n1.pbs,2,/lustre/home/users/ewu/.conda/envs/HB_analysis/bin/python | /lustre/home/users/ewu/vb_gcmc/MD/viscfric_length_all_chirality_RH75_20260806/long_weakNH_nomom_10L_100fs_10ns_3rep_20260806
results/collective_mode_response/fig2_longitudinal_modes_88_rh75_330k/2026-08-11/scripts/run_matched_k_all_lengths.pbs,1017,2026-08-11T09:26:36.271092+00:00,.pbs,results,analysis_archive_or_derived_asset,da199b7856666f3224b6263d7aeb34d6bd97b992ff29918afcb3d48f93cb0c9e,run_matched_k_all_lengths.pbs,3,/lustre/home/users/ewu/.conda/envs/HB_analysis/bin/python | /lustre/home/users/ewu/vb_gcmc/MD/viscfric_length_88_RH75_20260731/matched_10fs_rethermalized_weakNH_no_momentum_1L5L_20260804 | /lustre/home/users/ewu/vb_gcmc/MD/viscfric_length_all_chirality_RH75_20260806/long_weakNH_nomom_10L_100fs_10ns_3rep_20260806
results/collective_mode_response/fig2_longitudinal_modes_88_rh75_330k/2026-08-11/scripts/summarize_raw_peculiar_cjj.py,2275,2026-08-12T11:35:02.387298+00:00,.py,results,analysis_archive_or_derived_asset,c94d6b7b47b8f9d733c4c35f1714cd69823f554e106015276ebe27facbff8fdf,summarize_raw_peculiar_cjj.py,0,
results/collective_mode_response/finite_size_collapse_2L10L/2026-08-10/scripts/plot_8_8_msd_alpha_collapse_2L10L.py,8626,2026-08-10T09:40:49.821191+00:00,.py,results,analysis_archive_or_derived_asset,6bffc9ae7c3b867615ca5b04957aaaefdbb0768a44575643c33935df9bb38c8e,plot_8_8_msd_alpha_collapse_2L10L.py,0,
results/collective_mode_response/implicit_C77_C88_C99_matched_k_loglog_scaling/2026-08-30/scripts/plot_loglog_omega_gamma.py,7187,2026-08-30T00:47:01.500208+00:00,.py,results,analysis_archive_or_derived_asset,c1a42a85c2a461d4c4277728f98c85ff072c550c472e254f45c2d4a693b737f4,plot_loglog_omega_gamma.py,0,
results/collective_mode_response/implicit_C88_C99_alpha_min_N_dependence/2026-09-01/scripts/build_alpha_min_N_dependence.py,9852,2026-09-01T04:43:10.505684+00:00,.py,results,analysis_archive_or_derived_asset,2407965c971ea8868e76eb7417d443dbf752a34ae1573b96097cf612c8430cbb,build_alpha_min_N_dependence.py,0,
results/collective_mode_response/implicit_C88_N1600_old_weakNH_TAtheta/2026-08-25/analyze_implicitCNT_TAtheta_linewidth.py,10108,2026-08-25T02:37:44.538877+00:00,.py,results,analysis_archive_or_derived_asset,69295104f26c13c9308e3db977276ff7973c76aa2fa0688966fd2afa1c5d5110,analyze_implicitCNT_TAtheta_linewidth.py,0,
results/collective_mode_response/implicit_C88_N1600_old_weakNH_TAtheta/2026-08-25/run_implicit_C88_N1600_TAtheta_CCFEP.sh,777,2026-08-25T02:37:44.486360+00:00,.sh,results,analysis_archive_or_derived_asset,719c3e3e0e36ba54aaedaec8c67fd324b61ecc9dfb25389e7c2788e0b7dfea0d,run_implicit_C88_N1600_TAtheta_CCFEP.sh,2,/lustre/home/users/ewu/.conda/envs/HB_analysis/bin/python | /lustre/home/users/ewu/vb_gcmc/MD/N1600_weakNH_6ns
results/collective_mode_response/implicit_C88_N3200_prospective_VACF_forecast/2026-09-01/scripts/build_blinded_N3200_prediction.py,7887,2026-09-01T06:30:16.686303+00:00,.py,results,analysis_archive_or_derived_asset,be68eac12ccdcda83e5bd8c6f0ec5d38c2a1df7b85031b300b6894740acba267,build_blinded_N3200_prediction.py,0,
results/collective_mode_response/implicit_C88_N3200_prospective_VACF_forecast/2026-09-01/scripts/build_complete_discrete_mode_sum_N3200.py,6887,2026-09-01T07:06:34.406842+00:00,.py,results,analysis_archive_or_derived_asset,cc7745fb8e670df4b0d2e1f50f236bf64256f2c58ca00cc7b71efde9777d943f,build_complete_discrete_mode_sum_N3200.py,0,
results/collective_mode_response/implicit_C88_N3200_prospective_VACF_forecast/2026-09-01/scripts/build_lowk_extrapolated_N3200_prediction.py,12648,2026-09-01T06:59:54.872213+00:00,.py,results,analysis_archive_or_derived_asset,aac8ad2fafa77647a4d807d6db62fdc639aa271c07542010d01f81fb3fd1bd46,build_lowk_extrapolated_N3200_prediction.py,0,
results/collective_mode_response/implicit_C88_N3200_prospective_VACF_forecast/2026-09-01/scripts/build_seedwise_verified_N3200_mode_sum.py,7469,2026-09-01T07:12:47.323529+00:00,.py,results,analysis_archive_or_derived_asset,34cf22f9a34a60376ad8975899d18ef802da1c6d40e7790ca20b2cd0ded5e207,build_seedwise_verified_N3200_mode_sum.py,0,
results/collective_mode_response/implicit_C88_N800_from_N1600_evenmode_projection/2026-09-01/scripts/build_N1600_to_N800_exact_evenmode_projection.py,5736,2026-09-01T07:24:55.629560+00:00,.py,results,analysis_archive_or_derived_asset,380d5444cfd3ce5bad0ed5545b81ffb06f154a1cc8f498ea3576b100431fcd74,build_N1600_to_N800_exact_evenmode_projection.py,0,
results/collective_mode_response/implicit_C88_static_weight_VACF_closure/2026-08-31/scripts/summarize_implicit_C88_static_vertex_partial.py,9155,2026-08-31T03:53:38.546871+00:00,.py,results,analysis_archive_or_derived_asset,3e548c53b7ac7c2eda3b4341891e481e2268c67e8749c4658efd2d9bb4d412c5,summarize_implicit_C88_static_vertex_partial.py,1,/lustre/home/users/ewu/vb_gcmc/MD/stage_implicit_C88_static_vertex_VACF_20260831
results/collective_mode_response/implicit_C99_allbox_lowk_dispersion_damping/2026-08-30/scripts/plot_C99_lowest_mode_loglog.py,3101,2026-08-30T02:42:32.107528+00:00,.py,results,analysis_archive_or_derived_asset,a3049166ff6af21225e4dd69fe4ad30e2d8c4786a53446af0a6d9e5bcebc4334,plot_C99_lowest_mode_loglog.py,0,
results/collective_mode_response/implicit_C99_analytic_lowk_VACF_tail/2026-08-30/scripts/construct_analytic_lowk_VACF_tail.py,8365,2026-08-30T03:15:16.721259+00:00,.py,results,analysis_archive_or_derived_asset,d22a214c46561016c27265c78b4c55bbd99989cf53d0d96d0d28a51c1e4d8b50,construct_analytic_lowk_VACF_tail.py,1,/lustre/home/users/ewu/vb_gcmc/MD/stage_C99_unified_longitudinal_current_VACF_500ps_20260829
results/collective_mode_response/implicit_C99_dispersion_and_VACF_tail_audit/2026-08-30/scripts/audit_C99_dispersion_and_abs_vacf.py,8713,2026-08-30T02:52:30.645449+00:00,.py,results,analysis_archive_or_derived_asset,483ac4b2975ac4a58cfb8dfdd15bfb9100d8c56037fef5085a7d64a033f47789,audit_C99_dispersion_and_abs_vacf.py,0,
results/collective_mode_response/implicit_C99_earlytime_longitudinal_bandwidth/2026-08-30/scripts/audit_earlytime_longitudinal_bandwidth.py,9668,2026-08-30T03:33:20.820713+00:00,.py,results,analysis_archive_or_derived_asset,2eb696fc4eeecd5cfb1efd4ca0973c9130608601744c1778250650713475becb,audit_earlytime_longitudinal_bandwidth.py,1,/lustre/home/users/ewu/vb_gcmc/MD/stage_C99_unified_longitudinal_current_VACF_500ps_20260829
results/collective_mode_response/implicit_C99_first_negative_lobe_mode_build_up/2026-08-30/scripts/build_up_N1600_N3200_n1to25.py,7739,2026-08-30T03:25:02.524796+00:00,.py,results,analysis_archive_or_derived_asset,3cf999949a92db004ac4c3fd60b9800c8c20e2e8faf0b134584bf9c451e13830,build_up_N1600_N3200_n1to25.py,1,/lustre/home/users/ewu/vb_gcmc/MD/stage_C99_unified_longitudinal_current_VACF_500ps_20260829
results/collective_mode_response/implicit_C99_highk_empirical_VACF_closure/2026-08-30/scripts/archive_C99_highk_empirical_closure.py,9300,2026-08-30T09:06:53.310322+00:00,.py,results,analysis_archive_or_derived_asset,f90069ae8c226ab77f30124b6dfab3eb048f5cb73f10b0cd856783b46b64db64,archive_C99_highk_empirical_closure.py,1,/lustre/home/users/ewu/vb_gcmc/MD/stage_C99_earlytime_highk_measured_kernel_20260830
results/collective_mode_response/implicit_C99_lowk_DHO_modesum_test/2026-08-30/scripts/test_N1600_N3200_lowk_DHO_modesum.py,8224,2026-08-30T02:59:55.345811+00:00,.py,results,analysis_archive_or_derived_asset,951b970fc4f354e967bcd3f01000b51b565231a245e89c97bdb0b87f5ff09eb8,test_N1600_N3200_lowk_DHO_modesum.py,1,/lustre/home/users/ewu/vb_gcmc/MD/stage_C99_unified_longitudinal_current_VACF_500ps_20260829
results/collective_mode_response/implicit_C99_unified_longitudinal_500ps/2026-08-29/scripts/aggregate_C99_unified_longitudinal_500ps.py,8136,2026-08-29T07:55:37.885834+00:00,.py,results,analysis_archive_or_derived_asset,9ee34c83d1a3a6aba2ab38e2e09a323134b984a3e6d5d9db97c07505aa1c452a,aggregate_C99_unified_longitudinal_500ps.py,1,/lustre/home/users/ewu/vb_gcmc/MD/stage_C99_unified_longitudinal_current_VACF_500ps_20260829
results/collective_mode_response/implicit_C99_unified_longitudinal_500ps/2026-08-29/scripts/analyze_C99_allbox_bigOmega_dispersion.py,3902,2026-08-29T10:52:29.870691+00:00,.py,results,analysis_archive_or_derived_asset,8592b7b1dcd843df603249165266f30ac48e7af95d3f5b8e561d6ea4c36c84f4,analyze_C99_allbox_bigOmega_dispersion.py,0,
results/collective_mode_response/implicit_C99_unified_longitudinal_500ps/2026-08-29/scripts/analyze_C99_allbox_matched_k.py,7429,2026-08-29T07:59:32.924830+00:00,.py,results,analysis_archive_or_derived_asset,6d989a13ad429c3cc3415091243c080bb1b58480f025e0e1ac9de0bf43611122,analyze_C99_allbox_matched_k.py,0,
results/collective_mode_response/implicit_C99_unified_longitudinal_500ps/2026-08-29/scripts/fit_C99_allbox_allmodes_omega_gamma_weight.py,6499,2026-08-29T10:19:18.666824+00:00,.py,results,analysis_archive_or_derived_asset,de46aa43e91740f044dffcb8cecef33328af8aac8f9c7a18659a6721cc26e12b,fit_C99_allbox_allmodes_omega_gamma_weight.py,0,
results/collective_mode_response/implicit_C99_unified_longitudinal_500ps/2026-08-29/scripts/fit_C99_allbox_matched_k_effective_DHO.py,4793,2026-08-29T08:04:41.640066+00:00,.py,results,analysis_archive_or_derived_asset,2b3f5e6fa01ac2c4b93d426d85a73704dee869d0564d7acbde059ad0ef378761,fit_C99_allbox_matched_k_effective_DHO.py,0,
results/collective_mode_response/implicit_C99_unified_longitudinal_500ps/2026-08-29/scripts/transfer_N1600_to_N3200_all_odd_DHO.py,5745,2026-08-29T10:05:17.257034+00:00,.py,results,analysis_archive_or_derived_asset,8d0dbbaf058f4db25b62095393891aa75d50b20d8dc5ef0bc09911c7c00138b1,transfer_N1600_to_N3200_all_odd_DHO.py,0,
results/collective_mode_response/implicit_C99_unified_longitudinal_500ps/2026-08-29/scripts/transfer_N1600_to_N3200_interpolated_modes.py,9157,2026-08-29T08:21:12.139452+00:00,.py,results,analysis_archive_or_derived_asset,748515212ab2d111d9b543ebcdc215cd95299c7ce2142c85ca5891a40d674d13,transfer_N1600_to_N3200_interpolated_modes.py,0,
results/collective_mode_response/implicit_C99_unified_longitudinal_500ps/2026-08-29/scripts/transfer_N1600_to_N3200_lowest_mode_DHO.py,7568,2026-08-29T08:58:29.881610+00:00,.py,results,analysis_archive_or_derived_asset,808a30da8f1ed44162905d8684d914e5e7f482a223b329b6d7246bb55414affb,transfer_N1600_to_N3200_lowest_mode_DHO.py,0,
results/collective_mode_response/m0_rotation_oxygen_stride_88_L10_100fs_10ns_3rep/2026-08-27/scripts/aggregate_m0_rotation_oxygen_stride.py,6660,2026-08-27T01:45:52.458535+00:00,.py,results,analysis_archive_or_derived_asset,5fc5270bde9dccf4909292afa4e6f3cf2bf1d62c626e1f63f10226696f240097,aggregate_m0_rotation_oxygen_stride.py,0,
results/collective_mode_response/m0_rotation_oxygen_stride_88_L10_100fs_10ns_3rep/2026-08-27/scripts/aggregate_relative_angular_current.py,5349,2026-08-27T02:23:59.140612+00:00,.py,results,analysis_archive_or_derived_asset,a029299a40315f07b9b2f8c76e66edbf4fb0f3a3cbb0ef37bc9258b5b417608a,aggregate_relative_angular_current.py,0,
results/collective_mode_response/m0_rotation_oxygen_stride_88_L10_100fs_10ns_3rep/2026-08-27/scripts/analyze_L2L5L10_vacf_exit_offset.py,3584,2026-08-27T08:05:32.298044+00:00,.py,results,analysis_archive_or_derived_asset,ff100c539ae8ddf93fbd9b861660472e0e70ab9711cbf4190ab10d353f29d1ac,analyze_L2L5L10_vacf_exit_offset.py,0,
results/collective_mode_response/m0_rotation_oxygen_stride_88_L10_100fs_10ns_3rep/2026-08-27/scripts/analyze_L2L5_vacf_kmin_Fs_mechanism.py,4896,2026-08-27T08:00:51.907393+00:00,.py,results,analysis_archive_or_derived_asset,80c235ce6283f17391793fcdeb187fbb14b16fc45f8505e9bfea6f7ad4292a86,analyze_L2L5_vacf_kmin_Fs_mechanism.py,0,
results/collective_mode_response/m0_rotation_oxygen_stride_88_L10_100fs_10ns_3rep/2026-08-27/scripts/analyze_Lz_vacf_positive_alpha.py,5983,2026-08-27T08:42:13.470220+00:00,.py,results,analysis_archive_or_derived_asset,faa881e801c99a31d4a5fe9fa5e6b2c21e1d808b543ce48406e796f3d528c62a,analyze_Lz_vacf_positive_alpha.py,0,
results/collective_mode_response/m0_rotation_oxygen_stride_88_L10_100fs_10ns_3rep/2026-08-27/scripts/analyze_alpha_z_rebound_peak_100fs.py,7901,2026-08-27T09:11:55.314903+00:00,.py,results,analysis_archive_or_derived_asset,c076c17b09528c4c84ce0bed521966ddb5aaf86cd755365069fb8c841600715b,analyze_alpha_z_rebound_peak_100fs.py,0,
results/collective_mode_response/m0_rotation_oxygen_stride_88_L10_100fs_10ns_3rep/2026-08-27/scripts/analyze_axial_m0_modecoupling_screen.py,6778,2026-08-27T03:18:23.339603+00:00,.py,results,analysis_archive_or_derived_asset,61316f46347e78d45a3caf4ac0d81095d5afd0d77a2bdf2d046f33d14376330d,analyze_axial_m0_modecoupling_screen.py,0,
results/collective_mode_response/m0_rotation_oxygen_stride_88_L10_100fs_10ns_3rep/2026-08-27/scripts/analyze_ct_theta_m0_kn.py,8293,2026-08-27T02:35:53.708393+00:00,.py,results,analysis_archive_or_derived_asset,761888309bbec6a0645e4905c5b35746043687f0479fcd45095b5a9a949c8513,analyze_ct_theta_m0_kn.py,0,
results/collective_mode_response/m0_rotation_oxygen_stride_88_L10_100fs_10ns_3rep/2026-08-27/scripts/analyze_ct_theta_m0_kn_acf.py,3774,2026-08-27T02:46:13.537416+00:00,.py,results,analysis_archive_or_derived_asset,a31bf5f3658a62e4e720f44b5cc52c3fa784aa53e57dc4beedfd05f028fe8ae8,analyze_ct_theta_m0_kn_acf.py,0,
results/collective_mode_response/m0_rotation_oxygen_stride_88_L10_100fs_10ns_3rep/2026-08-27/scripts/analyze_helical_self_isf_k1.py,12931,2026-08-27T10:34:51.765177+00:00,.py,results,analysis_archive_or_derived_asset,c3a7e393cfa7d1d7fd5b47d86fb322dc6b45b7115a4cc581d8bcabe186e7bb95,analyze_helical_self_isf_k1.py,0,
results/collective_mode_response/m0_rotation_oxygen_stride_88_L10_100fs_10ns_3rep/2026-08-27/scripts/analyze_lowk_m1_dynamic_projection.py,6972,2026-08-27T04:50:28.957035+00:00,.py,results,analysis_archive_or_derived_asset,d538fc1a6d691ed232e9571324d3478d47d68d179f3a07ec56408dfb5e1fd881,analyze_lowk_m1_dynamic_projection.py,0,
results/collective_mode_response/m0_rotation_oxygen_stride_88_L10_100fs_10ns_3rep/2026-08-27/scripts/analyze_m0_n11n20_negative_lobe.py,7824,2026-08-27T05:25:07.194449+00:00,.py,results,analysis_archive_or_derived_asset,27fc41aec2ccace6118508b3452b3bc786cbd2edce08df89f3a264631fc99a1c,analyze_m0_n11n20_negative_lobe.py,0,
results/collective_mode_response/m0_rotation_oxygen_stride_88_L10_100fs_10ns_3rep/2026-08-27/scripts/analyze_m0_odd_even_counterfactual.py,5483,2026-08-27T05:18:47.297569+00:00,.py,results,analysis_archive_or_derived_asset,c1823d2c37b317126bbaba4d04dd9d44e60d95b016f73bf80b20c61c7e897fc3,analyze_m0_odd_even_counterfactual.py,0,
results/collective_mode_response/m0_rotation_oxygen_stride_88_L10_100fs_10ns_3rep/2026-08-27/scripts/analyze_m0_rotation_oxygen_stride.py,9440,2026-08-27T01:27:55.541949+00:00,.py,results,analysis_archive_or_derived_asset,bbbbe8eb7a09365e8e98ee1857f5a2422c70cf2ab0ca4b3313379adfd7c5d44f,analyze_m0_rotation_oxygen_stride.py,0,
results/collective_mode_response/m0_rotation_oxygen_stride_88_L10_100fs_10ns_3rep/2026-08-27/scripts/analyze_relative_angular_current_stride.py,7308,2026-08-27T01:59:06.208071+00:00,.py,results,analysis_archive_or_derived_asset,b702f13ca22c0b73282d37c55f99e2354f0fb6b52320124dfa75713a6c90ad9a,analyze_relative_angular_current_stride.py,0,
results/collective_mode_response/m0_rotation_oxygen_stride_88_L10_100fs_10ns_3rep/2026-08-27/scripts/analyze_smallm_polarization_lifetime.py,4343,2026-08-27T03:33:49.673781+00:00,.py,results,analysis_archive_or_derived_asset,b669dc5ba4bd91d4fe7f6cb6c4b93e8629b8a08ee79694fefa7675ae30aba28d,analyze_smallm_polarization_lifetime.py,0,
results/collective_mode_response/m0_rotation_oxygen_stride_88_L10_100fs_10ns_3rep/2026-08-27/scripts/analyze_tagged_collective_vertex_m0.py,8568,2026-08-27T04:31:30.591889+00:00,.py,results,analysis_archive_or_derived_asset,c484f4df67101151ccf8f457230b345b1f30ad241ea229b2335afebe21299595,analyze_tagged_collective_vertex_m0.py,0,
results/collective_mode_response/m0_rotation_oxygen_stride_88_L10_100fs_10ns_3rep/2026-08-27/scripts/analyze_tagged_collective_vertex_mixed_pairs.py,5883,2026-08-27T04:39:56.272916+00:00,.py,results,analysis_archive_or_derived_asset,7dfe72108dac78f2b63bd2d0c17ff33219142ef7f1ab2dd5fee0750ca18afa3c,analyze_tagged_collective_vertex_mixed_pairs.py,0,
results/collective_mode_response/m0_rotation_oxygen_stride_88_L10_100fs_10ns_3rep/2026-08-27/scripts/analyze_theta_m0_factorization_m1m4.py,9457,2026-08-27T02:59:51.253649+00:00,.py,results,analysis_archive_or_derived_asset,582bf28566a333e990b7841a9910ee5cad5b2cef48bd5397e2685d5d921a721d,analyze_theta_m0_factorization_m1m4.py,0,
results/collective_mode_response/m0_rotation_oxygen_stride_88_L10_100fs_10ns_3rep/2026-08-27/scripts/analyze_theta_rep.py,8952,2026-08-26T10:56:44.361490+00:00,.py,results,analysis_archive_or_derived_asset,3553aca28fbd9defaea6c13e15a78e960c582258ab163a2c22802201a386ba95,analyze_theta_rep.py,0,
results/collective_mode_response/m0_rotation_oxygen_stride_88_L10_100fs_10ns_3rep/2026-08-27/scripts/analyze_theta_rep_memmap.py,12135,2026-08-27T01:25:01.943863+00:00,.py,results,analysis_archive_or_derived_asset,8ce64a54e204e609ff9c3706f825e3da18954539d842d303a2d26a6902817165,analyze_theta_rep_memmap.py,0,
results/collective_mode_response/m0_rotation_oxygen_stride_88_L10_100fs_10ns_3rep/2026-08-27/scripts/analyze_unnormalized_cjj_static_screen.py,9908,2026-08-27T04:21:19.451155+00:00,.py,results,analysis_archive_or_derived_asset,3a8748fbd4b31982b043c91e789b646c51aac8f4200437bee1510d5e348978cd,analyze_unnormalized_cjj_static_screen.py,0,
results/collective_mode_response/m0_rotation_oxygen_stride_88_L10_100fs_10ns_3rep/2026-08-27/scripts/analyze_viscoelastic_mixed_band.py,8120,2026-08-27T03:44:45.576220+00:00,.py,results,analysis_archive_or_derived_asset,6da0937e6b7bdd80cbd557ddf0720a9942d84dc26b9526eb43f510240a6060c8,analyze_viscoelastic_mixed_band.py,0,
results/collective_mode_response/m0_rotation_oxygen_stride_88_L10_100fs_10ns_3rep/2026-08-27/scripts/audit_alpha_exponential_source_10fs.py,7976,2026-08-27T09:21:36.521298+00:00,.py,results,analysis_archive_or_derived_asset,d6aeb8a50173f55ed6a371853ce1e881b61b361f6af1a5baa073322bf6be1040,audit_alpha_exponential_source_10fs.py,0,
results/collective_mode_response/m0_rotation_oxygen_stride_88_L10_100fs_10ns_3rep/2026-08-27/scripts/check_fullwater_header.py,954,2026-08-26T10:56:44.365491+00:00,.py,results,analysis_archive_or_derived_asset,6d8e4f7e52289e55a0a02301f8b7462e56933ab051a1f9964b7871190a0d1c50,check_fullwater_header.py,0,
results/collective_mode_response/m0_rotation_oxygen_stride_88_L10_100fs_10ns_3rep/2026-08-27/scripts/check_merge.py,681,2026-08-26T11:25:44.604849+00:00,.py,results,analysis_archive_or_derived_asset,f857b32cb22718ff95dbae4c1acd0dfc2a72ac02da25b5ec334cef2ccc7626d1,check_merge.py,1,/lustre/home/users/ewu/vb_gcmc/MD/stage_theta_decom_88_L2L10_100fs_10ns_20260826
results/collective_mode_response/m0_rotation_oxygen_stride_88_L10_100fs_10ns_3rep/2026-08-27/scripts/check_remote_parser.py,593,2026-08-26T10:56:06.752485+00:00,.py,results,analysis_archive_or_derived_asset,f7874759a598c1244c091e33898625e0553862c438bbe6ca1d52f73ac8884e20,check_remote_parser.py,1,/lustre/home/users/ewu/vb_gcmc/MD/stage_theta_decom_88_L2L10_100fs_10ns_20260826/analyze_theta_rep.py
results/collective_mode_response/m0_rotation_oxygen_stride_88_L10_100fs_10ns_3rep/2026-08-27/scripts/check_sources.py,1417,2026-08-26T09:31:26.800121+00:00,.py,results,analysis_archive_or_derived_asset,e53c41d43203e63df311fd1e61e5cb20537e8be83c74b2abdab7986a3e06eb0a,check_sources.py,3,/lustre/home/users/ewu/vb_gcmc/MD | /lustre/home/users/ewu/vb_gcmc/MD/stage_vacf_tail_8_8_L2L5_4rep_weaknh_nomom_10ns_100fs_20260821 | /lustre/home/users/ewu/vb_gcmc/MD/viscfric_length_all_chirality_RH75_20260806/long_weakNH_nomom_10L_100fs_10ns_3rep_20260806
results/collective_mode_response/m0_rotation_oxygen_stride_88_L10_100fs_10ns_3rep/2026-08-27/scripts/compare_alpha_min_saturation_models.py,6125,2026-08-27T09:05:32.937101+00:00,.py,results,analysis_archive_or_derived_asset,b6f7d2e299f5f9f408c324da65e8005caa52820ba27220cc30120a593e51c3d6,compare_alpha_min_saturation_models.py,0,
results/collective_mode_response/m0_rotation_oxygen_stride_88_L10_100fs_10ns_3rep/2026-08-27/scripts/finalize_viscoelastic_mixed_band.py,3633,2026-08-27T03:53:42.363371+00:00,.py,results,analysis_archive_or_derived_asset,cc00a7ede78d2d66c01b5f8bb317557f2ddcdf6babf481717a8380750194560e,finalize_viscoelastic_mixed_band.py,0,
results/collective_mode_response/m0_rotation_oxygen_stride_88_L10_100fs_10ns_3rep/2026-08-27/scripts/fit_axial_lowk_hydro_component.py,3169,2026-08-27T03:22:45.149660+00:00,.py,results,analysis_archive_or_derived_asset,f090394696507c6b0facc3b698023b224466e1f31957a9a51a26e215c69cbc2f,fit_axial_lowk_hydro_component.py,0,
results/collective_mode_response/m0_rotation_oxygen_stride_88_L10_100fs_10ns_3rep/2026-08-27/scripts/fit_axial_lowk_hydro_component_nmax.py,3357,2026-08-27T03:25:20.859219+00:00,.py,results,analysis_archive_or_derived_asset,95f29d89622ac4e5223f3723468ea2b5ddce23a9b8dab0940d5ada09e1cdd824,fit_axial_lowk_hydro_component_nmax.py,0,
results/collective_mode_response/m0_rotation_oxygen_stride_88_L10_100fs_10ns_3rep/2026-08-27/scripts/fit_theta_m0_hydro_component.py,3389,2026-08-27T03:32:25.713431+00:00,.py,results,analysis_archive_or_derived_asset,7a8c62de70d2eb87d14993c5603de586c87363a546198a0d8292373457a63445,fit_theta_m0_hydro_component.py,0,
results/collective_mode_response/m0_rotation_oxygen_stride_88_L10_100fs_10ns_3rep/2026-08-27/scripts/merge_theta_ensemble.py,3577,2026-08-26T11:16:11.050288+00:00,.py,results,analysis_archive_or_derived_asset,d2bea8aa59d143fc5bb6eb227a33ac7cb4734bab05e7036e037f6f667668f69a,merge_theta_ensemble.py,1,/lustre/home/users/ewu/vb_gcmc/MD/stage_theta_decom_88_L2L10_100fs_10ns_20260826
results/collective_mode_response/m0_rotation_oxygen_stride_88_L10_100fs_10ns_3rep/2026-08-27/scripts/monitor_theta.py,1104,2026-08-26T11:05:39.393851+00:00,.py,results,analysis_archive_or_derived_asset,26a4664fde5680461466205161e331bfb18329fe3f3f4d9f463c816d89cbf0f6,monitor_theta.py,1,/lustre/home/users/ewu/vb_gcmc/MD/stage_theta_decom_88_L2L10_100fs_10ns_20260826
results/collective_mode_response/m0_rotation_oxygen_stride_88_L10_100fs_10ns_3rep/2026-08-27/scripts/plot_L2L5L10_vacf_exit_offset.py,2236,2026-08-27T08:05:32.330048+00:00,.py,results,analysis_archive_or_derived_asset,012c5fa29ef2def6fb7ec2821c882253e0acae2ae064f53b971835b8b5ae5041,plot_L2L5L10_vacf_exit_offset.py,0,
results/collective_mode_response/m0_rotation_oxygen_stride_88_L10_100fs_10ns_3rep/2026-08-27/scripts/plot_L2L5_vacf_kmin_Fs_mechanism.py,2487,2026-08-27T08:00:51.920837+00:00,.py,results,analysis_archive_or_derived_asset,93ba4ce3cccffa701a349f32d6026886a0f3ab13ad885e0b80e2aebf5fb6090e,plot_L2L5_vacf_kmin_Fs_mechanism.py,0,
results/collective_mode_response/m0_rotation_oxygen_stride_88_L10_100fs_10ns_3rep/2026-08-27/scripts/plot_Lz_vacf_positive_alpha.py,2954,2026-08-27T08:43:13.571340+00:00,.py,results,analysis_archive_or_derived_asset,a8ed074491c12987fbd324dce86e7acd9daa156b04d8c6bde6ad801e8c10223b,plot_Lz_vacf_positive_alpha.py,0,
results/collective_mode_response/m0_rotation_oxygen_stride_88_L10_100fs_10ns_3rep/2026-08-27/scripts/plot_axial_m0_modecoupling_screen.py,2158,2026-08-27T03:23:29.020668+00:00,.py,results,analysis_archive_or_derived_asset,09daa905375f7d96606b7f8e0f75b31d66358a7c67eaca3ed17e15b88e6fa5f5,plot_axial_m0_modecoupling_screen.py,0,
results/collective_mode_response/m0_rotation_oxygen_stride_88_L10_100fs_10ns_3rep/2026-08-27/scripts/plot_ct_theta_m0_kn.py,5509,2026-08-27T02:43:21.208540+00:00,.py,results,analysis_archive_or_derived_asset,b4cb59dfe9d2ebf212373fa0bc32d9ed40b6be302ef04c803948d2e5e1135cdd,plot_ct_theta_m0_kn.py,0,
results/collective_mode_response/m0_rotation_oxygen_stride_88_L10_100fs_10ns_3rep/2026-08-27/scripts/plot_ct_theta_m0_kn_acf.py,2766,2026-08-27T02:46:13.541420+00:00,.py,results,analysis_archive_or_derived_asset,ec6a3bfed0671f81399c9767c06e2b081760d75173220b5f9bbd1a4749dd5d7e,plot_ct_theta_m0_kn_acf.py,0,
results/collective_mode_response/m0_rotation_oxygen_stride_88_L10_100fs_10ns_3rep/2026-08-27/scripts/plot_lowk_m1_dynamic_projection.py,2400,2026-08-27T05:01:49.530975+00:00,.py,results,analysis_archive_or_derived_asset,5ad435c493376fdf78ec7c00e609b07fbdda31008096370ae00ee0fe1b17b7a7,plot_lowk_m1_dynamic_projection.py,0,
results/collective_mode_response/m0_rotation_oxygen_stride_88_L10_100fs_10ns_3rep/2026-08-27/scripts/plot_m0_n11n20_negative_lobe.py,2956,2026-08-27T05:30:10.432550+00:00,.py,results,analysis_archive_or_derived_asset,d07bfa57f1f9e21a8cd8a531329edfd9c9eddcc06f2e5492acbb247f5870a773,plot_m0_n11n20_negative_lobe.py,0,
results/collective_mode_response/m0_rotation_oxygen_stride_88_L10_100fs_10ns_3rep/2026-08-27/scripts/plot_m0_odd_even_5L10L_1x3.py,4983,2026-08-27T10:17:56.898712+00:00,.py,results,analysis_archive_or_derived_asset,f319b99821bd815d20a2bb66841d5788f86338802b01460506a3f0e598c12582,plot_m0_odd_even_5L10L_1x3.py,0,
results/collective_mode_response/m0_rotation_oxygen_stride_88_L10_100fs_10ns_3rep/2026-08-27/scripts/plot_m0_odd_even_counterfactual.py,2930,2026-08-27T05:18:28.862903+00:00,.py,results,analysis_archive_or_derived_asset,3a6d53c0a37bb61bc34f1ff8c122120fc748262a98e61a7dc9c074be7fe719db,plot_m0_odd_even_counterfactual.py,0,
results/collective_mode_response/m0_rotation_oxygen_stride_88_L10_100fs_10ns_3rep/2026-08-27/scripts/plot_native100fs_alpha_min_peak_dependence.py,8883,2026-08-27T09:28:07.911557+00:00,.py,results,analysis_archive_or_derived_asset,96d1497415895c0028b5bd7f74377c13b6051a171185c8387c393780775368d1,plot_native100fs_alpha_min_peak_dependence.py,0,
results/collective_mode_response/m0_rotation_oxygen_stride_88_L10_100fs_10ns_3rep/2026-08-27/scripts/plot_native100fs_k1_semilog_extrema.py,11900,2026-08-27T10:02:47.464368+00:00,.py,results,analysis_archive_or_derived_asset,a94323672d8c4a66a6e02955dcf6b4c2a7506687389cd47e5be6c16205fc7b52,plot_native100fs_k1_semilog_extrema.py,0,
results/collective_mode_response/m0_rotation_oxygen_stride_88_L10_100fs_10ns_3rep/2026-08-27/scripts/plot_paired_helical_tagged_vertex.py,2296,2026-08-27T04:44:25.582112+00:00,.py,results,analysis_archive_or_derived_asset,10de05958144894d970a58e603595199cfcc1c6a05f6333316d314ca3f038673,plot_paired_helical_tagged_vertex.py,0,
results/collective_mode_response/m0_rotation_oxygen_stride_88_L10_100fs_10ns_3rep/2026-08-27/scripts/plot_raw_vacf_alpha_realLz_100fs.py,11296,2026-08-27T08:58:19.707025+00:00,.py,results,analysis_archive_or_derived_asset,21ccd390d5e02e3a69284e7c733efffba32d99c3474fe8e1320af7a0d629f863,plot_raw_vacf_alpha_realLz_100fs.py,0,
results/collective_mode_response/m0_rotation_oxygen_stride_88_L10_100fs_10ns_3rep/2026-08-27/scripts/plot_tagged_collective_vertex_m0.py,2819,2026-08-27T04:35:40.337896+00:00,.py,results,analysis_archive_or_derived_asset,75e970f706b53cc46f1b6530291d89e1d3dec7800efa1fe55dced8f5ddc044e5,plot_tagged_collective_vertex_m0.py,0,
results/collective_mode_response/m0_rotation_oxygen_stride_88_L10_100fs_10ns_3rep/2026-08-27/scripts/plot_theta_hydro_closure_recheck.py,3339,2026-08-27T03:39:08.258999+00:00,.py,results,analysis_archive_or_derived_asset,09a3da828fcba19623c549b72fb0ba54c57da0996c3e6b33fc1e840dd9fcc9b7,plot_theta_hydro_closure_recheck.py,0,
results/collective_mode_response/m0_rotation_oxygen_stride_88_L10_100fs_10ns_3rep/2026-08-27/scripts/plot_theta_m0_factorization_m1m4.py,3425,2026-08-27T03:09:50.085881+00:00,.py,results,analysis_archive_or_derived_asset,cc17fc665f3fe9e0165543b5d5a5586cae8de280be198110abb01ee5fde3ff18,plot_theta_m0_factorization_m1m4.py,0,
results/collective_mode_response/m0_rotation_oxygen_stride_88_L10_100fs_10ns_3rep/2026-08-27/scripts/plot_unnormalized_cjj_static_screen.py,3855,2026-08-27T04:23:14.004920+00:00,.py,results,analysis_archive_or_derived_asset,3cc02ac0631aadde2564d92ebb7aa871c176b2bd02ddd409cd1b797a42d3760b,plot_unnormalized_cjj_static_screen.py,0,
results/collective_mode_response/m0_rotation_oxygen_stride_88_L10_100fs_10ns_3rep/2026-08-27/scripts/run_local_10L_88_memmap.ps1,1102,2026-08-27T01:20:09.197196+00:00,.ps1,results,analysis_archive_or_derived_asset,35a7f1d1f54002c730193910fa0b56ba007fafa780a2f2a757f31ac45762b10e,run_local_10L_88_memmap.ps1,0,
results/collective_mode_response/m0_rotation_oxygen_stride_88_L10_100fs_10ns_3rep/2026-08-27/scripts/run_merge_theta_ensemble.sh,434,2026-08-26T11:16:11.054290+00:00,.sh,results,analysis_archive_or_derived_asset,a5a94cecdbd600b52a891e6dc3a8ee59c0d2ef71282cf62dbb06071a39769eb8,run_merge_theta_ensemble.sh,2,/lustre/home/users/ewu/.conda/envs/HB_analysis/bin/python | /lustre/home/users/ewu/vb_gcmc/MD/stage_theta_decom_88_L2L10_100fs_10ns_20260826
results/collective_mode_response/m0_rotation_oxygen_stride_88_L10_100fs_10ns_3rep/2026-08-27/scripts/run_theta_rep.template.sh,768,2026-08-26T10:45:57.627578+00:00,.sh,results,analysis_archive_or_derived_asset,e6b6074587257c15d8a2687a4e61d5da2d59408de8f3053c28be581199bf525e,run_theta_rep.template.sh,3,/lustre/home/users/ewu/.conda/envs/HB_analysis/bin/python | /lustre/home/users/ewu/vb_gcmc/MD/stage_theta_decom_88_L2L10_100fs_10ns_20260826 | /lustre/home/users/ewu/vb_gcmc/MD/stage_vacf_tail_8_8_L2L5_4rep_weaknh_nomom_10ns_100fs_20260821/__L__L/rep__R__/LONG_WEAKNH_NOMOM_8_8_L__L___rep__R___100fs_10ns.water_100fs_10ns.dump
results/collective_mode_response/m0_rotation_oxygen_stride_88_L10_100fs_10ns_3rep/2026-08-27/scripts/submit_2L5L.sh,900,2026-08-26T09:34:11.684928+00:00,.sh,results,analysis_archive_or_derived_asset,56b510c630e671494f3607f265d26e196d89601015ee47e28caa7e950338c25b,submit_2L5L.sh,0,
results/collective_mode_response/m0_rotation_oxygen_stride_88_L10_100fs_10ns_3rep/2026-08-27/scripts/submit_final_parserfix.sh,812,2026-08-26T10:57:21.097450+00:00,.sh,results,analysis_archive_or_derived_asset,62d96ab86bf0be521943c9a938d74b5c6a95c0418ec98f1fbb185db9dab3ffaf,submit_final_parserfix.sh,0,
results/collective_mode_response/m0_rotation_oxygen_stride_88_L10_100fs_10ns_3rep/2026-08-27/scripts/submit_headerfix_resubmission.sh,838,2026-08-26T10:16:54.565244+00:00,.sh,results,analysis_archive_or_derived_asset,9b6b54be70ca8fada9b804f84fde1991c6f120549b8126b96d6cd6f0eeb05dfa,submit_headerfix_resubmission.sh,0,
results/collective_mode_response/m0_rotation_oxygen_stride_88_L10_100fs_10ns_3rep/2026-08-27/scripts/submit_resourcefix_resubmission.sh,878,2026-08-26T10:45:57.630576+00:00,.sh,results,analysis_archive_or_derived_asset,0ded27d292d4a4d8ab28fae8a2e349b22dfb53c157037b4cbce007960156126a,submit_resourcefix_resubmission.sh,0,
results/collective_mode_response/m0_rotation_oxygen_stride_88_L10_100fs_10ns_3rep/2026-08-27/scripts/summarize_axial_m0_nmax_convergence.py,2137,2026-08-27T03:26:36.805819+00:00,.py,results,analysis_archive_or_derived_asset,47cf34e7ecdf081bacee7405b7b6354b4194c7d92fd176f7c0bd070c6cb427e1,summarize_axial_m0_nmax_convergence.py,0,
results/collective_mode_response/m0_vertex_gaussian_uv_cutoff_test_88_L10_100fs_1ns_3seed/2026-08-28/scripts/test_m0_vertex_gaussian_cutoff.py,10346,2026-08-28T08:46:08.186188+00:00,.py,results,analysis_archive_or_derived_asset,3f657176acb5e8ce34d7e5e7775848b41cb948ac1a3d171070471515a142c6cd,test_m0_vertex_gaussian_cutoff.py,0,
results/collective_mode_response/minimum_k_current_lobe_t_over_L/2026-08-10/scripts/analyze_minimum_k_current_lobes.py,3994,2026-08-10T08:45:07.948551+00:00,.py,results,analysis_archive_or_derived_asset,52210565f31e8239e915a709c80925d02756bfef3f8251edad04fa4b8bc369f8,analyze_minimum_k_current_lobes.py,0,
results/collective_mode_response/msd_numerical_alpha_cjj_phase/2026-08-11/remote_raw/stage_Wk_crossfit_88_L2to10_20260812/analyze_Wk_crossfit.py,2906,2026-08-12T08:07:25.671813+00:00,.py,results,analysis_archive_or_derived_asset,91bd0ad8addceb5f10b02108fa70f071bcba40153b731de58bbb253c092571fd,analyze_Wk_crossfit.py,0,
results/collective_mode_response/msd_numerical_alpha_cjj_phase/2026-08-11/remote_raw/stage_Wk_crossfit_88_L2to10_20260812/run.sh,992,2026-08-12T08:07:25.611489+00:00,.sh,results,analysis_archive_or_derived_asset,00e19408ca0a86372ff6c9270ca310e6202e70d6b570c5b3d70abc92aef1ef74,run.sh,2,/lustre/home/users/ewu/vb_gcmc/MD/viscfric_length_88_RH75_20260731/matched_10fs_rethermalized_weakNH_no_momentum_1L5L_20260804 | /lustre/home/users/ewu/vb_gcmc/MD/viscfric_length_all_chirality_RH75_20260806/long_weakNH_nomom_10L_100fs_10ns_3rep_20260806
results/collective_mode_response/msd_numerical_alpha_cjj_phase/2026-08-11/remote_raw/stage_coherent_spectrum_88_L2to10_20260812/run.sh,1073,2026-08-12T06:19:53.818647+00:00,.sh,results,analysis_archive_or_derived_asset,ef8e4f8b018cf5804bedaa1b3a11262ea88a6372b13ac1e2a6b5896973d4d72b,run.sh,2,/lustre/home/users/ewu/vb_gcmc/MD/viscfric_length_88_RH75_20260731/matched_10fs_rethermalized_weakNH_no_momentum_1L5L_20260804 | /lustre/home/users/ewu/vb_gcmc/MD/viscfric_length_all_chirality_RH75_20260806/long_weakNH_nomom_10L_100fs_10ns_3rep_20260806
results/collective_mode_response/msd_numerical_alpha_cjj_phase/2026-08-11/remote_raw/stage_vacf_coherent_10L_n1to4_20260812/analyze_multimode_coherent_vacf.py,3682,2026-08-12T05:49:53.145369+00:00,.py,results,analysis_archive_or_derived_asset,de604e08ffb1c4436f7a68f7ab2e158232f7c78cad1a4cee38bb70762e4c5445,analyze_multimode_coherent_vacf.py,0,
results/collective_mode_response/msd_numerical_alpha_cjj_phase/2026-08-11/remote_raw/stage_vacf_coherent_10L_n1to4_20260812/run.sh,614,2026-08-12T05:49:53.089051+00:00,.sh,results,analysis_archive_or_derived_asset,b0eb6370b56f4e7c65b616c4d276718fd6534023bb55b540b11a88512979c130,run.sh,1,/lustre/home/users/ewu/vb_gcmc/MD/viscfric_length_all_chirality_RH75_20260806/long_weakNH_nomom_10L_100fs_10ns_3rep_20260806
results/collective_mode_response/msd_numerical_alpha_cjj_phase/2026-08-11/scripts/analyze_decom_msd_alpha_1000ps.py,2480,2026-08-11T13:51:53.260185+00:00,.py,results,analysis_archive_or_derived_asset,c094b3bec4d8aa58b302493730e8adc1ff81ef4d5a3bc588a745cc704866a8d6,analyze_decom_msd_alpha_1000ps.py,0,
results/collective_mode_response/msd_numerical_alpha_cjj_phase/2026-08-11/scripts/compare_msd_10L_without_n1_to_5L_full.py,4880,2026-08-12T06:02:21.877253+00:00,.py,results,analysis_archive_or_derived_asset,919e9e1f8f2650216bbaee43910d3a1c8bd092b595039a9ba8c909fa49c4d74e,compare_msd_10L_without_n1_to_5L_full.py,0,
results/collective_mode_response/msd_numerical_alpha_cjj_phase/2026-08-11/scripts/estimate_Wk_coherent_variance_88.py,4997,2026-08-12T06:27:50.372300+00:00,.py,results,analysis_archive_or_derived_asset,8a0cdd5173f03bbd37d6a30330e6c75c665f5a6b5cbaf5ec3fd800bd50c5345e,estimate_Wk_coherent_variance_88.py,0,
results/collective_mode_response/msd_numerical_alpha_cjj_phase/2026-08-11/scripts/make_alpha_from_vacf_integral.py,3470,2026-08-12T04:16:33.717215+00:00,.py,results,analysis_archive_or_derived_asset,4a1f4cfa3f0540d82e78ee1279e0514936fe623c2a8c19a72f58414207e1d860,make_alpha_from_vacf_integral.py,0,
results/collective_mode_response/msd_numerical_alpha_cjj_phase/2026-08-11/scripts/make_alpha_from_vacf_spliced_2to5L.py,3592,2026-08-12T04:25:57.314901+00:00,.py,results,analysis_archive_or_derived_asset,65d38732d9de997ca971a44b37bfb110a48beeee029a02df2d473d0db5be1c83,make_alpha_from_vacf_spliced_2to5L.py,0,
results/collective_mode_response/msd_numerical_alpha_cjj_phase/2026-08-11/scripts/make_alpha_stitched_1000ps.py,3465,2026-08-12T02:32:46.763306+00:00,.py,results,analysis_archive_or_derived_asset,2764136296512dbdca3b249232fc79759629699287b300ae6f3967f9a2eb5eaf,make_alpha_stitched_1000ps.py,0,
results/collective_mode_response/msd_numerical_alpha_cjj_phase/2026-08-11/scripts/make_coherent_vacf_10L_assessment.py,4709,2026-08-12T04:49:24.959936+00:00,.py,results,analysis_archive_or_derived_asset,5fba5a798378d55f424c98810ec299b63157e4fabe757e1e631ed85b774a3f81,make_coherent_vacf_10L_assessment.py,0,
results/collective_mode_response/msd_numerical_alpha_cjj_phase/2026-08-11/scripts/make_coherent_vacf_10L_n1to4.py,5237,2026-08-12T05:50:45.101773+00:00,.py,results,analysis_archive_or_derived_asset,05d47306aec1a0945922018e4e9fa3338c888a443d2e747f20ec411f22e38118,make_coherent_vacf_10L_n1to4.py,0,
results/collective_mode_response/msd_numerical_alpha_cjj_phase/2026-08-11/scripts/make_msd_numerical_alpha_cjj_phase.py,6099,2026-08-11T13:44:34.126706+00:00,.py,results,analysis_archive_or_derived_asset,e0e7566d82d67730f5799d2ebd35fee45ee5dbe2b2d05eb202befd8c85748307,make_msd_numerical_alpha_cjj_phase.py,0,
results/collective_mode_response/msd_numerical_alpha_cjj_phase/2026-08-11/scripts/make_msd_without_n1_vacf_10L.py,7095,2026-08-12T05:48:23.059350+00:00,.py,results,analysis_archive_or_derived_asset,cf4d30786433a64eac1faef97a891d4d2a1ea8048c6d5045be0155d1b3a546e2,make_msd_without_n1_vacf_10L.py,0,
results/collective_mode_response/msd_numerical_alpha_cjj_phase/2026-08-11/scripts/make_msd_without_projected_n1_10L.py,5801,2026-08-12T05:55:39.164604+00:00,.py,results,analysis_archive_or_derived_asset,103a711baa6e8ced79c4d4ec93744d35f61072efa89b51e661aea7175dbe41b2,make_msd_without_projected_n1_10L.py,0,
results/collective_mode_response/msd_numerical_alpha_cjj_phase/2026-08-11/scripts/make_vacf_10ps_interface_and_crosschirality.py,5062,2026-08-12T02:53:52.794348+00:00,.py,results,analysis_archive_or_derived_asset,c56ad6d368041b2fc368b02ad9de824fb1a17ede4bf8de5008ab6831ed0a98c6,make_vacf_10ps_interface_and_crosschirality.py,0,
results/collective_mode_response/msd_numerical_alpha_cjj_phase/2026-08-11/scripts/make_vacf_88_100to500ps_linear.py,1991,2026-08-12T03:14:06.533427+00:00,.py,results,analysis_archive_or_derived_asset,4727155d4fd822a40c632ac82aeeb06156f22f6ff97b8bea11cb1532c1aa67f0,make_vacf_88_100to500ps_linear.py,0,
results/collective_mode_response/msd_numerical_alpha_cjj_phase/2026-08-11/scripts/make_vacf_88_t_over_L_1to500ps_linear.py,2163,2026-08-12T03:41:15.272865+00:00,.py,results,analysis_archive_or_derived_asset,a1f5e2fefc921c7053f042c70c7f48f89fedc38196888f75a6c1a5639032fdd8,make_vacf_88_t_over_L_1to500ps_linear.py,0,
results/collective_mode_response/msd_numerical_alpha_cjj_phase/2026-08-11/scripts/make_vacf_lowpass_by_acoustic_mode_10L.py,6216,2026-08-12T05:34:25.083560+00:00,.py,results,analysis_archive_or_derived_asset,7f6bf655d68f7e6dce2464acd92de1e1c690fc3a34576b0d6d7dc8a86fc28ddc,make_vacf_lowpass_by_acoustic_mode_10L.py,0,
results/collective_mode_response/msd_numerical_alpha_cjj_phase/2026-08-11/scripts/make_vacf_stitched_tails_2to10L.py,2824,2026-08-12T02:31:46.487023+00:00,.py,results,analysis_archive_or_derived_asset,f34908818dbd25558a84a3ae3ca72a8b786db492c7292a646c70e670e90fb299,make_vacf_stitched_tails_2to10L.py,0,
results/collective_mode_response/msd_numerical_alpha_cjj_phase/2026-08-11/scripts/run_decom_alpha_1000ps.pbs,1320,2026-08-11T13:51:53.274218+00:00,.pbs,results,analysis_archive_or_derived_asset,4393499cfa73af82bf6b4d870d64b179db215d13978cc9e9d32c094129e5127f,run_decom_alpha_1000ps.pbs,4,/lustre/home/users/ewu/.conda/envs/HB_analysis/bin/python | /lustre/home/users/ewu/vb_gcmc/MD/independent_seeds_8_8_1L5L_2x20ns_20260728 | /lustre/home/users/ewu/vb_gcmc/MD/length_extension_8_8_1L5L_20ns_20260727 | /lustre/home/users/ewu/vb_gcmc/MD/viscfric_length_all_chirality_RH75_20260806/long_weakNH_nomom_10L_100fs_10ns_3rep_20260806
results/collective_mode_response/msd_numerical_alpha_cjj_phase/2026-08-11/scripts/test_first_negative_lobe_Lcvv_collapse.py,5600,2026-08-12T06:50:50.809220+00:00,.py,results,analysis_archive_or_derived_asset,04434e41e778b05ae29e3046f5f704e69ee595a5ab41f4ad37a431b19b72d781,test_first_negative_lobe_Lcvv_collapse.py,0,
results/collective_mode_response/oxygen_vacf_spectrum_cm_L2L10/plot_oxygen_vz_spectrum_2L4L.py,1368,2026-08-14T02:35:57.881783+00:00,.py,results,analysis_archive_or_derived_asset,4d3ab694c4faef085a22ecaef1c3718b0ecc180526ac4e9e2aea03aeced24773,plot_oxygen_vz_spectrum_2L4L.py,0,
results/collective_mode_response/phase_aligned_Fs_Phi_interpolation_10L_to_20L/2026-08-28/scripts/phase_aligned_transfer.py,9197,2026-08-28T10:11:06.656448+00:00,.py,results,analysis_archive_or_derived_asset,7a262ab2b042af16f39a636ae0f60747ad2ec51e6cbe69c2e4cc7cb6cdb462b6,phase_aligned_transfer.py,0,
results/collective_mode_response/relative_angular_current_m1m4_88_L10_100fs_10ns_3rep/2026-08-27/scripts/aggregate_m0_rotation_oxygen_stride.py,6660,2026-08-27T01:45:52.458535+00:00,.py,results,analysis_archive_or_derived_asset,5fc5270bde9dccf4909292afa4e6f3cf2bf1d62c626e1f63f10226696f240097,aggregate_m0_rotation_oxygen_stride.py,0,
results/collective_mode_response/relative_angular_current_m1m4_88_L10_100fs_10ns_3rep/2026-08-27/scripts/aggregate_relative_angular_current.py,5349,2026-08-27T02:23:59.140612+00:00,.py,results,analysis_archive_or_derived_asset,a029299a40315f07b9b2f8c76e66edbf4fb0f3a3cbb0ef37bc9258b5b417608a,aggregate_relative_angular_current.py,0,
results/collective_mode_response/relative_angular_current_m1m4_88_L10_100fs_10ns_3rep/2026-08-27/scripts/analyze_L2L5L10_vacf_exit_offset.py,3584,2026-08-27T08:05:32.298044+00:00,.py,results,analysis_archive_or_derived_asset,ff100c539ae8ddf93fbd9b861660472e0e70ab9711cbf4190ab10d353f29d1ac,analyze_L2L5L10_vacf_exit_offset.py,0,
results/collective_mode_response/relative_angular_current_m1m4_88_L10_100fs_10ns_3rep/2026-08-27/scripts/analyze_L2L5_vacf_kmin_Fs_mechanism.py,4896,2026-08-27T08:00:51.907393+00:00,.py,results,analysis_archive_or_derived_asset,80c235ce6283f17391793fcdeb187fbb14b16fc45f8505e9bfea6f7ad4292a86,analyze_L2L5_vacf_kmin_Fs_mechanism.py,0,
results/collective_mode_response/relative_angular_current_m1m4_88_L10_100fs_10ns_3rep/2026-08-27/scripts/analyze_Lz_vacf_positive_alpha.py,5983,2026-08-27T08:42:13.470220+00:00,.py,results,analysis_archive_or_derived_asset,faa881e801c99a31d4a5fe9fa5e6b2c21e1d808b543ce48406e796f3d528c62a,analyze_Lz_vacf_positive_alpha.py,0,
results/collective_mode_response/relative_angular_current_m1m4_88_L10_100fs_10ns_3rep/2026-08-27/scripts/analyze_alpha_z_rebound_peak_100fs.py,7901,2026-08-27T09:11:55.314903+00:00,.py,results,analysis_archive_or_derived_asset,c076c17b09528c4c84ce0bed521966ddb5aaf86cd755365069fb8c841600715b,analyze_alpha_z_rebound_peak_100fs.py,0,
results/collective_mode_response/relative_angular_current_m1m4_88_L10_100fs_10ns_3rep/2026-08-27/scripts/analyze_axial_m0_modecoupling_screen.py,6778,2026-08-27T03:18:23.339603+00:00,.py,results,analysis_archive_or_derived_asset,61316f46347e78d45a3caf4ac0d81095d5afd0d77a2bdf2d046f33d14376330d,analyze_axial_m0_modecoupling_screen.py,0,
results/collective_mode_response/relative_angular_current_m1m4_88_L10_100fs_10ns_3rep/2026-08-27/scripts/analyze_ct_theta_m0_kn.py,8293,2026-08-27T02:35:53.708393+00:00,.py,results,analysis_archive_or_derived_asset,761888309bbec6a0645e4905c5b35746043687f0479fcd45095b5a9a949c8513,analyze_ct_theta_m0_kn.py,0,
results/collective_mode_response/relative_angular_current_m1m4_88_L10_100fs_10ns_3rep/2026-08-27/scripts/analyze_ct_theta_m0_kn_acf.py,3774,2026-08-27T02:46:13.537416+00:00,.py,results,analysis_archive_or_derived_asset,a31bf5f3658a62e4e720f44b5cc52c3fa784aa53e57dc4beedfd05f028fe8ae8,analyze_ct_theta_m0_kn_acf.py,0,
results/collective_mode_response/relative_angular_current_m1m4_88_L10_100fs_10ns_3rep/2026-08-27/scripts/analyze_helical_self_isf_k1.py,12931,2026-08-27T10:34:51.765177+00:00,.py,results,analysis_archive_or_derived_asset,c3a7e393cfa7d1d7fd5b47d86fb322dc6b45b7115a4cc581d8bcabe186e7bb95,analyze_helical_self_isf_k1.py,0,
results/collective_mode_response/relative_angular_current_m1m4_88_L10_100fs_10ns_3rep/2026-08-27/scripts/analyze_lowk_m1_dynamic_projection.py,6972,2026-08-27T04:50:28.957035+00:00,.py,results,analysis_archive_or_derived_asset,d538fc1a6d691ed232e9571324d3478d47d68d179f3a07ec56408dfb5e1fd881,analyze_lowk_m1_dynamic_projection.py,0,
results/collective_mode_response/relative_angular_current_m1m4_88_L10_100fs_10ns_3rep/2026-08-27/scripts/analyze_m0_n11n20_negative_lobe.py,7824,2026-08-27T05:25:07.194449+00:00,.py,results,analysis_archive_or_derived_asset,27fc41aec2ccace6118508b3452b3bc786cbd2edce08df89f3a264631fc99a1c,analyze_m0_n11n20_negative_lobe.py,0,
results/collective_mode_response/relative_angular_current_m1m4_88_L10_100fs_10ns_3rep/2026-08-27/scripts/analyze_m0_odd_even_counterfactual.py,5483,2026-08-27T05:18:47.297569+00:00,.py,results,analysis_archive_or_derived_asset,c1823d2c37b317126bbaba4d04dd9d44e60d95b016f73bf80b20c61c7e897fc3,analyze_m0_odd_even_counterfactual.py,0,
results/collective_mode_response/relative_angular_current_m1m4_88_L10_100fs_10ns_3rep/2026-08-27/scripts/analyze_m0_rotation_oxygen_stride.py,9440,2026-08-27T01:27:55.541949+00:00,.py,results,analysis_archive_or_derived_asset,bbbbe8eb7a09365e8e98ee1857f5a2422c70cf2ab0ca4b3313379adfd7c5d44f,analyze_m0_rotation_oxygen_stride.py,0,
results/collective_mode_response/relative_angular_current_m1m4_88_L10_100fs_10ns_3rep/2026-08-27/scripts/analyze_relative_angular_current_stride.py,7308,2026-08-27T01:59:06.208071+00:00,.py,results,analysis_archive_or_derived_asset,b702f13ca22c0b73282d37c55f99e2354f0fb6b52320124dfa75713a6c90ad9a,analyze_relative_angular_current_stride.py,0,
results/collective_mode_response/relative_angular_current_m1m4_88_L10_100fs_10ns_3rep/2026-08-27/scripts/analyze_smallm_polarization_lifetime.py,4343,2026-08-27T03:33:49.673781+00:00,.py,results,analysis_archive_or_derived_asset,b669dc5ba4bd91d4fe7f6cb6c4b93e8629b8a08ee79694fefa7675ae30aba28d,analyze_smallm_polarization_lifetime.py,0,
results/collective_mode_response/relative_angular_current_m1m4_88_L10_100fs_10ns_3rep/2026-08-27/scripts/analyze_tagged_collective_vertex_m0.py,8568,2026-08-27T04:31:30.591889+00:00,.py,results,analysis_archive_or_derived_asset,c484f4df67101151ccf8f457230b345b1f30ad241ea229b2335afebe21299595,analyze_tagged_collective_vertex_m0.py,0,
results/collective_mode_response/relative_angular_current_m1m4_88_L10_100fs_10ns_3rep/2026-08-27/scripts/analyze_tagged_collective_vertex_mixed_pairs.py,5883,2026-08-27T04:39:56.272916+00:00,.py,results,analysis_archive_or_derived_asset,7dfe72108dac78f2b63bd2d0c17ff33219142ef7f1ab2dd5fee0750ca18afa3c,analyze_tagged_collective_vertex_mixed_pairs.py,0,
results/collective_mode_response/relative_angular_current_m1m4_88_L10_100fs_10ns_3rep/2026-08-27/scripts/analyze_theta_m0_factorization_m1m4.py,9457,2026-08-27T02:59:51.253649+00:00,.py,results,analysis_archive_or_derived_asset,582bf28566a333e990b7841a9910ee5cad5b2cef48bd5397e2685d5d921a721d,analyze_theta_m0_factorization_m1m4.py,0,
results/collective_mode_response/relative_angular_current_m1m4_88_L10_100fs_10ns_3rep/2026-08-27/scripts/analyze_theta_rep.py,8952,2026-08-26T10:56:44.361490+00:00,.py,results,analysis_archive_or_derived_asset,3553aca28fbd9defaea6c13e15a78e960c582258ab163a2c22802201a386ba95,analyze_theta_rep.py,0,
results/collective_mode_response/relative_angular_current_m1m4_88_L10_100fs_10ns_3rep/2026-08-27/scripts/analyze_theta_rep_memmap.py,12135,2026-08-27T01:25:01.943863+00:00,.py,results,analysis_archive_or_derived_asset,8ce64a54e204e609ff9c3706f825e3da18954539d842d303a2d26a6902817165,analyze_theta_rep_memmap.py,0,
results/collective_mode_response/relative_angular_current_m1m4_88_L10_100fs_10ns_3rep/2026-08-27/scripts/analyze_unnormalized_cjj_static_screen.py,9908,2026-08-27T04:21:19.451155+00:00,.py,results,analysis_archive_or_derived_asset,3a8748fbd4b31982b043c91e789b646c51aac8f4200437bee1510d5e348978cd,analyze_unnormalized_cjj_static_screen.py,0,
results/collective_mode_response/relative_angular_current_m1m4_88_L10_100fs_10ns_3rep/2026-08-27/scripts/analyze_viscoelastic_mixed_band.py,8120,2026-08-27T03:44:45.576220+00:00,.py,results,analysis_archive_or_derived_asset,6da0937e6b7bdd80cbd557ddf0720a9942d84dc26b9526eb43f510240a6060c8,analyze_viscoelastic_mixed_band.py,0,
results/collective_mode_response/relative_angular_current_m1m4_88_L10_100fs_10ns_3rep/2026-08-27/scripts/audit_alpha_exponential_source_10fs.py,7976,2026-08-27T09:21:36.521298+00:00,.py,results,analysis_archive_or_derived_asset,d6aeb8a50173f55ed6a371853ce1e881b61b361f6af1a5baa073322bf6be1040,audit_alpha_exponential_source_10fs.py,0,
results/collective_mode_response/relative_angular_current_m1m4_88_L10_100fs_10ns_3rep/2026-08-27/scripts/check_fullwater_header.py,954,2026-08-26T10:56:44.365491+00:00,.py,results,analysis_archive_or_derived_asset,6d8e4f7e52289e55a0a02301f8b7462e56933ab051a1f9964b7871190a0d1c50,check_fullwater_header.py,0,
results/collective_mode_response/relative_angular_current_m1m4_88_L10_100fs_10ns_3rep/2026-08-27/scripts/check_merge.py,681,2026-08-26T11:25:44.604849+00:00,.py,results,analysis_archive_or_derived_asset,f857b32cb22718ff95dbae4c1acd0dfc2a72ac02da25b5ec334cef2ccc7626d1,check_merge.py,1,/lustre/home/users/ewu/vb_gcmc/MD/stage_theta_decom_88_L2L10_100fs_10ns_20260826
results/collective_mode_response/relative_angular_current_m1m4_88_L10_100fs_10ns_3rep/2026-08-27/scripts/check_remote_parser.py,593,2026-08-26T10:56:06.752485+00:00,.py,results,analysis_archive_or_derived_asset,f7874759a598c1244c091e33898625e0553862c438bbe6ca1d52f73ac8884e20,check_remote_parser.py,1,/lustre/home/users/ewu/vb_gcmc/MD/stage_theta_decom_88_L2L10_100fs_10ns_20260826/analyze_theta_rep.py
results/collective_mode_response/relative_angular_current_m1m4_88_L10_100fs_10ns_3rep/2026-08-27/scripts/check_sources.py,1417,2026-08-26T09:31:26.800121+00:00,.py,results,analysis_archive_or_derived_asset,e53c41d43203e63df311fd1e61e5cb20537e8be83c74b2abdab7986a3e06eb0a,check_sources.py,3,/lustre/home/users/ewu/vb_gcmc/MD | /lustre/home/users/ewu/vb_gcmc/MD/stage_vacf_tail_8_8_L2L5_4rep_weaknh_nomom_10ns_100fs_20260821 | /lustre/home/users/ewu/vb_gcmc/MD/viscfric_length_all_chirality_RH75_20260806/long_weakNH_nomom_10L_100fs_10ns_3rep_20260806
results/collective_mode_response/relative_angular_current_m1m4_88_L10_100fs_10ns_3rep/2026-08-27/scripts/compare_alpha_min_saturation_models.py,6125,2026-08-27T09:05:32.937101+00:00,.py,results,analysis_archive_or_derived_asset,b6f7d2e299f5f9f408c324da65e8005caa52820ba27220cc30120a593e51c3d6,compare_alpha_min_saturation_models.py,0,
results/collective_mode_response/relative_angular_current_m1m4_88_L10_100fs_10ns_3rep/2026-08-27/scripts/finalize_viscoelastic_mixed_band.py,3633,2026-08-27T03:53:42.363371+00:00,.py,results,analysis_archive_or_derived_asset,cc00a7ede78d2d66c01b5f8bb317557f2ddcdf6babf481717a8380750194560e,finalize_viscoelastic_mixed_band.py,0,
results/collective_mode_response/relative_angular_current_m1m4_88_L10_100fs_10ns_3rep/2026-08-27/scripts/fit_axial_lowk_hydro_component.py,3169,2026-08-27T03:22:45.149660+00:00,.py,results,analysis_archive_or_derived_asset,f090394696507c6b0facc3b698023b224466e1f31957a9a51a26e215c69cbc2f,fit_axial_lowk_hydro_component.py,0,
results/collective_mode_response/relative_angular_current_m1m4_88_L10_100fs_10ns_3rep/2026-08-27/scripts/fit_axial_lowk_hydro_component_nmax.py,3357,2026-08-27T03:25:20.859219+00:00,.py,results,analysis_archive_or_derived_asset,95f29d89622ac4e5223f3723468ea2b5ddce23a9b8dab0940d5ada09e1cdd824,fit_axial_lowk_hydro_component_nmax.py,0,
results/collective_mode_response/relative_angular_current_m1m4_88_L10_100fs_10ns_3rep/2026-08-27/scripts/fit_theta_m0_hydro_component.py,3389,2026-08-27T03:32:25.713431+00:00,.py,results,analysis_archive_or_derived_asset,7a8c62de70d2eb87d14993c5603de586c87363a546198a0d8292373457a63445,fit_theta_m0_hydro_component.py,0,
results/collective_mode_response/relative_angular_current_m1m4_88_L10_100fs_10ns_3rep/2026-08-27/scripts/merge_theta_ensemble.py,3577,2026-08-26T11:16:11.050288+00:00,.py,results,analysis_archive_or_derived_asset,d2bea8aa59d143fc5bb6eb227a33ac7cb4734bab05e7036e037f6f667668f69a,merge_theta_ensemble.py,1,/lustre/home/users/ewu/vb_gcmc/MD/stage_theta_decom_88_L2L10_100fs_10ns_20260826
results/collective_mode_response/relative_angular_current_m1m4_88_L10_100fs_10ns_3rep/2026-08-27/scripts/monitor_theta.py,1104,2026-08-26T11:05:39.393851+00:00,.py,results,analysis_archive_or_derived_asset,26a4664fde5680461466205161e331bfb18329fe3f3f4d9f463c816d89cbf0f6,monitor_theta.py,1,/lustre/home/users/ewu/vb_gcmc/MD/stage_theta_decom_88_L2L10_100fs_10ns_20260826
results/collective_mode_response/relative_angular_current_m1m4_88_L10_100fs_10ns_3rep/2026-08-27/scripts/plot_L2L5L10_vacf_exit_offset.py,2236,2026-08-27T08:05:32.330048+00:00,.py,results,analysis_archive_or_derived_asset,012c5fa29ef2def6fb7ec2821c882253e0acae2ae064f53b971835b8b5ae5041,plot_L2L5L10_vacf_exit_offset.py,0,
results/collective_mode_response/relative_angular_current_m1m4_88_L10_100fs_10ns_3rep/2026-08-27/scripts/plot_L2L5_vacf_kmin_Fs_mechanism.py,2487,2026-08-27T08:00:51.920837+00:00,.py,results,analysis_archive_or_derived_asset,93ba4ce3cccffa701a349f32d6026886a0f3ab13ad885e0b80e2aebf5fb6090e,plot_L2L5_vacf_kmin_Fs_mechanism.py,0,
results/collective_mode_response/relative_angular_current_m1m4_88_L10_100fs_10ns_3rep/2026-08-27/scripts/plot_Lz_vacf_positive_alpha.py,2954,2026-08-27T08:43:13.571340+00:00,.py,results,analysis_archive_or_derived_asset,a8ed074491c12987fbd324dce86e7acd9daa156b04d8c6bde6ad801e8c10223b,plot_Lz_vacf_positive_alpha.py,0,
results/collective_mode_response/relative_angular_current_m1m4_88_L10_100fs_10ns_3rep/2026-08-27/scripts/plot_axial_m0_modecoupling_screen.py,2158,2026-08-27T03:23:29.020668+00:00,.py,results,analysis_archive_or_derived_asset,09daa905375f7d96606b7f8e0f75b31d66358a7c67eaca3ed17e15b88e6fa5f5,plot_axial_m0_modecoupling_screen.py,0,
results/collective_mode_response/relative_angular_current_m1m4_88_L10_100fs_10ns_3rep/2026-08-27/scripts/plot_ct_theta_m0_kn.py,5509,2026-08-27T02:43:21.208540+00:00,.py,results,analysis_archive_or_derived_asset,b4cb59dfe9d2ebf212373fa0bc32d9ed40b6be302ef04c803948d2e5e1135cdd,plot_ct_theta_m0_kn.py,0,
results/collective_mode_response/relative_angular_current_m1m4_88_L10_100fs_10ns_3rep/2026-08-27/scripts/plot_ct_theta_m0_kn_acf.py,2766,2026-08-27T02:46:13.541420+00:00,.py,results,analysis_archive_or_derived_asset,ec6a3bfed0671f81399c9767c06e2b081760d75173220b5f9bbd1a4749dd5d7e,plot_ct_theta_m0_kn_acf.py,0,
results/collective_mode_response/relative_angular_current_m1m4_88_L10_100fs_10ns_3rep/2026-08-27/scripts/plot_lowk_m1_dynamic_projection.py,2400,2026-08-27T05:01:49.530975+00:00,.py,results,analysis_archive_or_derived_asset,5ad435c493376fdf78ec7c00e609b07fbdda31008096370ae00ee0fe1b17b7a7,plot_lowk_m1_dynamic_projection.py,0,
results/collective_mode_response/relative_angular_current_m1m4_88_L10_100fs_10ns_3rep/2026-08-27/scripts/plot_m0_n11n20_negative_lobe.py,2956,2026-08-27T05:30:10.432550+00:00,.py,results,analysis_archive_or_derived_asset,d07bfa57f1f9e21a8cd8a531329edfd9c9eddcc06f2e5492acbb247f5870a773,plot_m0_n11n20_negative_lobe.py,0,
results/collective_mode_response/relative_angular_current_m1m4_88_L10_100fs_10ns_3rep/2026-08-27/scripts/plot_m0_odd_even_5L10L_1x3.py,4983,2026-08-27T10:17:56.898712+00:00,.py,results,analysis_archive_or_derived_asset,f319b99821bd815d20a2bb66841d5788f86338802b01460506a3f0e598c12582,plot_m0_odd_even_5L10L_1x3.py,0,
results/collective_mode_response/relative_angular_current_m1m4_88_L10_100fs_10ns_3rep/2026-08-27/scripts/plot_m0_odd_even_counterfactual.py,2930,2026-08-27T05:18:28.862903+00:00,.py,results,analysis_archive_or_derived_asset,3a6d53c0a37bb61bc34f1ff8c122120fc748262a98e61a7dc9c074be7fe719db,plot_m0_odd_even_counterfactual.py,0,
results/collective_mode_response/relative_angular_current_m1m4_88_L10_100fs_10ns_3rep/2026-08-27/scripts/plot_native100fs_alpha_min_peak_dependence.py,8883,2026-08-27T09:28:07.911557+00:00,.py,results,analysis_archive_or_derived_asset,96d1497415895c0028b5bd7f74377c13b6051a171185c8387c393780775368d1,plot_native100fs_alpha_min_peak_dependence.py,0,
results/collective_mode_response/relative_angular_current_m1m4_88_L10_100fs_10ns_3rep/2026-08-27/scripts/plot_native100fs_k1_semilog_extrema.py,11900,2026-08-27T10:02:47.464368+00:00,.py,results,analysis_archive_or_derived_asset,a94323672d8c4a66a6e02955dcf6b4c2a7506687389cd47e5be6c16205fc7b52,plot_native100fs_k1_semilog_extrema.py,0,
results/collective_mode_response/relative_angular_current_m1m4_88_L10_100fs_10ns_3rep/2026-08-27/scripts/plot_paired_helical_tagged_vertex.py,2296,2026-08-27T04:44:25.582112+00:00,.py,results,analysis_archive_or_derived_asset,10de05958144894d970a58e603595199cfcc1c6a05f6333316d314ca3f038673,plot_paired_helical_tagged_vertex.py,0,
results/collective_mode_response/relative_angular_current_m1m4_88_L10_100fs_10ns_3rep/2026-08-27/scripts/plot_raw_vacf_alpha_realLz_100fs.py,11296,2026-08-27T08:58:19.707025+00:00,.py,results,analysis_archive_or_derived_asset,21ccd390d5e02e3a69284e7c733efffba32d99c3474fe8e1320af7a0d629f863,plot_raw_vacf_alpha_realLz_100fs.py,0,
results/collective_mode_response/relative_angular_current_m1m4_88_L10_100fs_10ns_3rep/2026-08-27/scripts/plot_tagged_collective_vertex_m0.py,2819,2026-08-27T04:35:40.337896+00:00,.py,results,analysis_archive_or_derived_asset,75e970f706b53cc46f1b6530291d89e1d3dec7800efa1fe55dced8f5ddc044e5,plot_tagged_collective_vertex_m0.py,0,
results/collective_mode_response/relative_angular_current_m1m4_88_L10_100fs_10ns_3rep/2026-08-27/scripts/plot_theta_hydro_closure_recheck.py,3339,2026-08-27T03:39:08.258999+00:00,.py,results,analysis_archive_or_derived_asset,09a3da828fcba19623c549b72fb0ba54c57da0996c3e6b33fc1e840dd9fcc9b7,plot_theta_hydro_closure_recheck.py,0,
results/collective_mode_response/relative_angular_current_m1m4_88_L10_100fs_10ns_3rep/2026-08-27/scripts/plot_theta_m0_factorization_m1m4.py,3425,2026-08-27T03:09:50.085881+00:00,.py,results,analysis_archive_or_derived_asset,cc17fc665f3fe9e0165543b5d5a5586cae8de280be198110abb01ee5fde3ff18,plot_theta_m0_factorization_m1m4.py,0,
results/collective_mode_response/relative_angular_current_m1m4_88_L10_100fs_10ns_3rep/2026-08-27/scripts/plot_unnormalized_cjj_static_screen.py,3855,2026-08-27T04:23:14.004920+00:00,.py,results,analysis_archive_or_derived_asset,3cc02ac0631aadde2564d92ebb7aa871c176b2bd02ddd409cd1b797a42d3760b,plot_unnormalized_cjj_static_screen.py,0,
results/collective_mode_response/relative_angular_current_m1m4_88_L10_100fs_10ns_3rep/2026-08-27/scripts/run_local_10L_88_memmap.ps1,1102,2026-08-27T01:20:09.197196+00:00,.ps1,results,analysis_archive_or_derived_asset,35a7f1d1f54002c730193910fa0b56ba007fafa780a2f2a757f31ac45762b10e,run_local_10L_88_memmap.ps1,0,
results/collective_mode_response/relative_angular_current_m1m4_88_L10_100fs_10ns_3rep/2026-08-27/scripts/run_merge_theta_ensemble.sh,434,2026-08-26T11:16:11.054290+00:00,.sh,results,analysis_archive_or_derived_asset,a5a94cecdbd600b52a891e6dc3a8ee59c0d2ef71282cf62dbb06071a39769eb8,run_merge_theta_ensemble.sh,2,/lustre/home/users/ewu/.conda/envs/HB_analysis/bin/python | /lustre/home/users/ewu/vb_gcmc/MD/stage_theta_decom_88_L2L10_100fs_10ns_20260826
results/collective_mode_response/relative_angular_current_m1m4_88_L10_100fs_10ns_3rep/2026-08-27/scripts/run_theta_rep.template.sh,768,2026-08-26T10:45:57.627578+00:00,.sh,results,analysis_archive_or_derived_asset,e6b6074587257c15d8a2687a4e61d5da2d59408de8f3053c28be581199bf525e,run_theta_rep.template.sh,3,/lustre/home/users/ewu/.conda/envs/HB_analysis/bin/python | /lustre/home/users/ewu/vb_gcmc/MD/stage_theta_decom_88_L2L10_100fs_10ns_20260826 | /lustre/home/users/ewu/vb_gcmc/MD/stage_vacf_tail_8_8_L2L5_4rep_weaknh_nomom_10ns_100fs_20260821/__L__L/rep__R__/LONG_WEAKNH_NOMOM_8_8_L__L___rep__R___100fs_10ns.water_100fs_10ns.dump
results/collective_mode_response/relative_angular_current_m1m4_88_L10_100fs_10ns_3rep/2026-08-27/scripts/submit_2L5L.sh,900,2026-08-26T09:34:11.684928+00:00,.sh,results,analysis_archive_or_derived_asset,56b510c630e671494f3607f265d26e196d89601015ee47e28caa7e950338c25b,submit_2L5L.sh,0,
results/collective_mode_response/relative_angular_current_m1m4_88_L10_100fs_10ns_3rep/2026-08-27/scripts/submit_final_parserfix.sh,812,2026-08-26T10:57:21.097450+00:00,.sh,results,analysis_archive_or_derived_asset,62d96ab86bf0be521943c9a938d74b5c6a95c0418ec98f1fbb185db9dab3ffaf,submit_final_parserfix.sh,0,
results/collective_mode_response/relative_angular_current_m1m4_88_L10_100fs_10ns_3rep/2026-08-27/scripts/submit_headerfix_resubmission.sh,838,2026-08-26T10:16:54.565244+00:00,.sh,results,analysis_archive_or_derived_asset,9b6b54be70ca8fada9b804f84fde1991c6f120549b8126b96d6cd6f0eeb05dfa,submit_headerfix_resubmission.sh,0,
results/collective_mode_response/relative_angular_current_m1m4_88_L10_100fs_10ns_3rep/2026-08-27/scripts/submit_resourcefix_resubmission.sh,878,2026-08-26T10:45:57.630576+00:00,.sh,results,analysis_archive_or_derived_asset,0ded27d292d4a4d8ab28fae8a2e349b22dfb53c157037b4cbce007960156126a,submit_resourcefix_resubmission.sh,0,
results/collective_mode_response/relative_angular_current_m1m4_88_L10_100fs_10ns_3rep/2026-08-27/scripts/summarize_axial_m0_nmax_convergence.py,2137,2026-08-27T03:26:36.805819+00:00,.py,results,analysis_archive_or_derived_asset,47cf34e7ecdf081bacee7405b7b6354b4194c7d92fd176f7c0bd070c6cb427e1,summarize_axial_m0_nmax_convergence.py,0,
results/collective_mode_response/self_dsf_kn_longitudinal_screen/2026-08-24/scripts/analyze_self_dsf_kn.py,11324,2026-08-24T02:55:04.967006+00:00,.py,results,analysis_archive_or_derived_asset,f3cf0a4e40f28aab1dc2cd699f7944b7a4c23d4603e900bde099352f01f2299d,analyze_self_dsf_kn.py,0,
results/collective_mode_response/self_dsf_kn_longitudinal_screen/2026-08-24/scripts/make_self_dsf_figures.py,7777,2026-08-24T04:10:14.093643+00:00,.py,results,analysis_archive_or_derived_asset,e7ab67cf6f974c55554e5ff88309fe8eadad4f11dfd93bea80430b7caaf3e88e,make_self_dsf_figures.py,0,
results/collective_mode_response/self_dsf_kn_longitudinal_screen/2026-08-24/scripts/run_self_dsf_kn_main64.pbs,1188,2026-08-24T02:55:59.764633+00:00,.pbs,results,analysis_archive_or_derived_asset,028d50d2fef25a8d62d3cf87b07b43c18b3b1b672515cbb765129a29ccda6f0f,run_self_dsf_kn_main64.pbs,3,/lustre/home/users/ewu/.conda/envs/HB_analysis/bin/python | /lustre/home/users/ewu/vb_gcmc/MD/stage_self_dsf_kn_77_99_L2L5_8rep_10fs_20260824 | /lustre/home/users/ewu/vb_gcmc/MD/stage_vacf_tail_crosschirality_7_7_9_9_L2L5_8rep_weaknh_nomom_2ns_10fs_20260818
results/collective_mode_response/sound_mode_10L_to_20L_constantW_k3half_kcutoff_extension/2026-08-28/scripts/extend_k_cutoff_length_normalized_prediction.py,8173,2026-08-28T09:18:30.737829+00:00,.py,results,analysis_archive_or_derived_asset,4abe39ee0cd2a6fa8adc25357aef404b89a2f35f3518ac94cfd10de4ac5ffc3b,extend_k_cutoff_length_normalized_prediction.py,1,/lustre/home/users/ewu/vb_gcmc/MD/stage_vacf_tail_8_8_L20_4rep_veryweaknh_nomom_20ns_100fs_20260826/rep
results/collective_mode_response/sound_mode_10L_to_20L_constantW_k3half_length_normalized_prediction/2026-08-28/scripts/check_length_normalized_weight.py,9967,2026-08-28T09:10:20.788811+00:00,.py,results,analysis_archive_or_derived_asset,c8019637d3af3bfb47077532d096a7998bb5f4b7365fe4b31665ed4fa92ef083,check_length_normalized_weight.py,1,/lustre/home/users/ewu/vb_gcmc/MD/stage_vacf_tail_8_8_L20_4rep_veryweaknh_nomom_20ns_100fs_20260826/rep
results/collective_mode_response/sound_mode_10L_to_20L_constantW_k3half_prediction/2026-08-28/scripts/predict_L20_from_L10_lowk_sound_modes.py,11352,2026-08-28T08:59:53.408993+00:00,.py,results,analysis_archive_or_derived_asset,a9e1a395363c0bd8caa7f05792efe48c54861519f77946927fe7c7a081b7543f,predict_L20_from_L10_lowk_sound_modes.py,1,/lustre/home/users/ewu/vb_gcmc/MD/stage_vacf_tail_8_8_L20_4rep_veryweaknh_nomom_20ns_100fs_20260826/rep
results/collective_mode_response/theta_decom_msd_88_L10_100fs_10ns_3rep/2026-08-26/aggregate_and_plot_10L_theta.py,4697,2026-08-26T16:33:36.755834+00:00,.py,results,analysis_archive_or_derived_asset,de5260d5ec3a45effe32a8afd99afefa8c157cf0bc1d36b9211d23ba86a36dd8,aggregate_and_plot_10L_theta.py,0,
results/collective_mode_response/theta_decom_msd_88_L10_100fs_10ns_3rep/2026-08-26/scripts/analyze_theta_rep_memmap.py,9510,2026-08-26T14:29:37.839479+00:00,.py,results,analysis_archive_or_derived_asset,883195ec06b8bccb967a41bd43b9a9e91dea6ee3b81a7c266267b42b382b3cc5,analyze_theta_rep_memmap.py,0,
results/collective_mode_response/theta_decom_msd_88_L10_100fs_10ns_3rep/2026-08-26/scripts/run_local_10L_88_memmap.ps1,1091,2026-08-26T14:29:47.823434+00:00,.ps1,results,analysis_archive_or_derived_asset,7c017ac870f12cdd23e9d60f1ad92b79350457b637ab8a8542386f9f3669ca60,run_local_10L_88_memmap.ps1,0,
results/collective_mode_response/theta_decom_msd_88_L2L5_100fs_10ns_4rep/2026-08-26/plot_theta_alpha_1to500ps_vs_axial_tmin.py,3452,2026-08-26T14:02:30.753375+00:00,.py,results,analysis_archive_or_derived_asset,1a672933146fb256b68c84f7e25e439757bac07a3aea105889a0c5c08611873e,plot_theta_alpha_1to500ps_vs_axial_tmin.py,0,
results/collective_mode_response/theta_decom_msd_88_L2L5_100fs_10ns_4rep/2026-08-26/plot_theta_alpha_vs_axial_tmin.py,5066,2026-08-26T13:53:37.995619+00:00,.py,results,analysis_archive_or_derived_asset,4367e3a0e9b7dfcaf487a3c453d1e4ca29ac6c8397aa7d3eeab0349a84946f15,plot_theta_alpha_vs_axial_tmin.py,0,
results/collective_mode_response/theta_decom_msd_88_L2L5_100fs_10ns_4rep/2026-08-26/receipts/run_L2_rep1.sh,730,2026-08-26T11:28:37.220005+00:00,.sh,results,analysis_archive_or_derived_asset,67d0daa2e9fcff6db49a16534ef42b13764aa036b87379feb4fcc6313f64b4b9,run_L2_rep1.sh,3,/lustre/home/users/ewu/.conda/envs/HB_analysis/bin/python | /lustre/home/users/ewu/vb_gcmc/MD/stage_theta_decom_88_L2L10_100fs_10ns_20260826 | /lustre/home/users/ewu/vb_gcmc/MD/stage_vacf_tail_8_8_L2L5_4rep_weaknh_nomom_10ns_100fs_20260821/2L/rep1/LONG_WEAKNH_NOMOM_8_8_L2_rep1_100fs_10ns.water_100fs_10ns.dump
results/collective_mode_response/theta_decom_msd_88_L2L5_100fs_10ns_4rep/2026-08-26/receipts/run_L2_rep2.sh,730,2026-08-26T11:28:37.749583+00:00,.sh,results,analysis_archive_or_derived_asset,85a79187c8928db3a68f1f0d64ac98045dbd54065e8865b42904b2ea3802bb52,run_L2_rep2.sh,3,/lustre/home/users/ewu/.conda/envs/HB_analysis/bin/python | /lustre/home/users/ewu/vb_gcmc/MD/stage_theta_decom_88_L2L10_100fs_10ns_20260826 | /lustre/home/users/ewu/vb_gcmc/MD/stage_vacf_tail_8_8_L2L5_4rep_weaknh_nomom_10ns_100fs_20260821/2L/rep2/LONG_WEAKNH_NOMOM_8_8_L2_rep2_100fs_10ns.water_100fs_10ns.dump
results/collective_mode_response/theta_decom_msd_88_L2L5_100fs_10ns_4rep/2026-08-26/receipts/run_L2_rep3.sh,730,2026-08-26T11:28:35.859703+00:00,.sh,results,analysis_archive_or_derived_asset,fb92f3ab36cb1d9050d745276dcf9af9747aa91480438f0a1a9288110140f7c5,run_L2_rep3.sh,3,/lustre/home/users/ewu/.conda/envs/HB_analysis/bin/python | /lustre/home/users/ewu/vb_gcmc/MD/stage_theta_decom_88_L2L10_100fs_10ns_20260826 | /lustre/home/users/ewu/vb_gcmc/MD/stage_vacf_tail_8_8_L2L5_4rep_weaknh_nomom_10ns_100fs_20260821/2L/rep3/LONG_WEAKNH_NOMOM_8_8_L2_rep3_100fs_10ns.water_100fs_10ns.dump
results/collective_mode_response/theta_decom_msd_88_L2L5_100fs_10ns_4rep/2026-08-26/receipts/run_L2_rep4.sh,730,2026-08-26T11:28:36.070255+00:00,.sh,results,analysis_archive_or_derived_asset,a08996bc9c7f05c2c54a03af5b0ea77150821ac88583c68422260a012edc0818,run_L2_rep4.sh,3,/lustre/home/users/ewu/.conda/envs/HB_analysis/bin/python | /lustre/home/users/ewu/vb_gcmc/MD/stage_theta_decom_88_L2L10_100fs_10ns_20260826 | /lustre/home/users/ewu/vb_gcmc/MD/stage_vacf_tail_8_8_L2L5_4rep_weaknh_nomom_10ns_100fs_20260821/2L/rep4/LONG_WEAKNH_NOMOM_8_8_L2_rep4_100fs_10ns.water_100fs_10ns.dump
results/collective_mode_response/theta_decom_msd_88_L2L5_100fs_10ns_4rep/2026-08-26/receipts/run_L3_rep1.sh,730,2026-08-26T11:28:36.181971+00:00,.sh,results,analysis_archive_or_derived_asset,7715525b99f998e90456e774d0f5cd18de37297c8ee53d049fcbe3d2c2222d64,run_L3_rep1.sh,3,/lustre/home/users/ewu/.conda/envs/HB_analysis/bin/python | /lustre/home/users/ewu/vb_gcmc/MD/stage_theta_decom_88_L2L10_100fs_10ns_20260826 | /lustre/home/users/ewu/vb_gcmc/MD/stage_vacf_tail_8_8_L2L5_4rep_weaknh_nomom_10ns_100fs_20260821/3L/rep1/LONG_WEAKNH_NOMOM_8_8_L3_rep1_100fs_10ns.water_100fs_10ns.dump
results/collective_mode_response/theta_decom_msd_88_L2L5_100fs_10ns_4rep/2026-08-26/receipts/run_L3_rep2.sh,730,2026-08-26T11:28:36.714746+00:00,.sh,results,analysis_archive_or_derived_asset,6e9923ac414e38b2f36803f0c9fcc4fd0d57599172948c153b797677fadca9be,run_L3_rep2.sh,3,/lustre/home/users/ewu/.conda/envs/HB_analysis/bin/python | /lustre/home/users/ewu/vb_gcmc/MD/stage_theta_decom_88_L2L10_100fs_10ns_20260826 | /lustre/home/users/ewu/vb_gcmc/MD/stage_vacf_tail_8_8_L2L5_4rep_weaknh_nomom_10ns_100fs_20260821/3L/rep2/LONG_WEAKNH_NOMOM_8_8_L3_rep2_100fs_10ns.water_100fs_10ns.dump
results/collective_mode_response/theta_decom_msd_88_L2L5_100fs_10ns_4rep/2026-08-26/receipts/run_L3_rep3.sh,730,2026-08-26T11:28:35.412727+00:00,.sh,results,analysis_archive_or_derived_asset,ea258d46dab66c23563a09dc737765206e3436ce0d9a0f74b0e037ac43a79d54,run_L3_rep3.sh,3,/lustre/home/users/ewu/.conda/envs/HB_analysis/bin/python | /lustre/home/users/ewu/vb_gcmc/MD/stage_theta_decom_88_L2L10_100fs_10ns_20260826 | /lustre/home/users/ewu/vb_gcmc/MD/stage_vacf_tail_8_8_L2L5_4rep_weaknh_nomom_10ns_100fs_20260821/3L/rep3/LONG_WEAKNH_NOMOM_8_8_L3_rep3_100fs_10ns.water_100fs_10ns.dump
results/collective_mode_response/theta_decom_msd_88_L2L5_100fs_10ns_4rep/2026-08-26/receipts/run_L3_rep4.sh,730,2026-08-26T11:28:36.237396+00:00,.sh,results,analysis_archive_or_derived_asset,3e7153eee9eceeb8e941933229a5271534a4268dfebe95e0ad65b5769dc4a613,run_L3_rep4.sh,3,/lustre/home/users/ewu/.conda/envs/HB_analysis/bin/python | /lustre/home/users/ewu/vb_gcmc/MD/stage_theta_decom_88_L2L10_100fs_10ns_20260826 | /lustre/home/users/ewu/vb_gcmc/MD/stage_vacf_tail_8_8_L2L5_4rep_weaknh_nomom_10ns_100fs_20260821/3L/rep4/LONG_WEAKNH_NOMOM_8_8_L3_rep4_100fs_10ns.water_100fs_10ns.dump
results/collective_mode_response/theta_decom_msd_88_L2L5_100fs_10ns_4rep/2026-08-26/receipts/run_L4_rep1.sh,730,2026-08-26T11:28:37.108963+00:00,.sh,results,analysis_archive_or_derived_asset,4abc21633095027e5d7c3da6d85d501b7faef3119ad53ac59b52421506b5e29e,run_L4_rep1.sh,3,/lustre/home/users/ewu/.conda/envs/HB_analysis/bin/python | /lustre/home/users/ewu/vb_gcmc/MD/stage_theta_decom_88_L2L10_100fs_10ns_20260826 | /lustre/home/users/ewu/vb_gcmc/MD/stage_vacf_tail_8_8_L2L5_4rep_weaknh_nomom_10ns_100fs_20260821/4L/rep1/LONG_WEAKNH_NOMOM_8_8_L4_rep1_100fs_10ns.water_100fs_10ns.dump
results/collective_mode_response/theta_decom_msd_88_L2L5_100fs_10ns_4rep/2026-08-26/receipts/run_L4_rep2.sh,730,2026-08-26T11:28:38.105791+00:00,.sh,results,analysis_archive_or_derived_asset,4e482074e1b2ab43877b3eff9206ba5cd570910a008c9eb424652f7c425311c0,run_L4_rep2.sh,3,/lustre/home/users/ewu/.conda/envs/HB_analysis/bin/python | /lustre/home/users/ewu/vb_gcmc/MD/stage_theta_decom_88_L2L10_100fs_10ns_20260826 | /lustre/home/users/ewu/vb_gcmc/MD/stage_vacf_tail_8_8_L2L5_4rep_weaknh_nomom_10ns_100fs_20260821/4L/rep2/LONG_WEAKNH_NOMOM_8_8_L4_rep2_100fs_10ns.water_100fs_10ns.dump
results/collective_mode_response/theta_decom_msd_88_L2L5_100fs_10ns_4rep/2026-08-26/receipts/run_L4_rep3.sh,730,2026-08-26T11:28:38.198303+00:00,.sh,results,analysis_archive_or_derived_asset,51bd71ba2315a140ff73020a8f288b891396b9a3db275cbf2d3c0c0ed816e1f2,run_L4_rep3.sh,3,/lustre/home/users/ewu/.conda/envs/HB_analysis/bin/python | /lustre/home/users/ewu/vb_gcmc/MD/stage_theta_decom_88_L2L10_100fs_10ns_20260826 | /lustre/home/users/ewu/vb_gcmc/MD/stage_vacf_tail_8_8_L2L5_4rep_weaknh_nomom_10ns_100fs_20260821/4L/rep3/LONG_WEAKNH_NOMOM_8_8_L4_rep3_100fs_10ns.water_100fs_10ns.dump
results/collective_mode_response/theta_decom_msd_88_L2L5_100fs_10ns_4rep/2026-08-26/receipts/run_L4_rep4.sh,730,2026-08-26T11:28:37.500040+00:00,.sh,results,analysis_archive_or_derived_asset,431554aa89a803e0731009f8530939bb0d70e6a8688533ef3e2caa62f819c738,run_L4_rep4.sh,3,/lustre/home/users/ewu/.conda/envs/HB_analysis/bin/python | /lustre/home/users/ewu/vb_gcmc/MD/stage_theta_decom_88_L2L10_100fs_10ns_20260826 | /lustre/home/users/ewu/vb_gcmc/MD/stage_vacf_tail_8_8_L2L5_4rep_weaknh_nomom_10ns_100fs_20260821/4L/rep4/LONG_WEAKNH_NOMOM_8_8_L4_rep4_100fs_10ns.water_100fs_10ns.dump
results/collective_mode_response/theta_decom_msd_88_L2L5_100fs_10ns_4rep/2026-08-26/receipts/run_L5_rep1.sh,730,2026-08-26T11:28:37.268004+00:00,.sh,results,analysis_archive_or_derived_asset,9ed003804d484d96dc36a82173377cdfe7759a4b746448cbc5e8f3f41c27e782,run_L5_rep1.sh,3,/lustre/home/users/ewu/.conda/envs/HB_analysis/bin/python | /lustre/home/users/ewu/vb_gcmc/MD/stage_theta_decom_88_L2L10_100fs_10ns_20260826 | /lustre/home/users/ewu/vb_gcmc/MD/stage_vacf_tail_8_8_L2L5_4rep_weaknh_nomom_10ns_100fs_20260821/5L/rep1/LONG_WEAKNH_NOMOM_8_8_L5_rep1_100fs_10ns.water_100fs_10ns.dump
results/collective_mode_response/theta_decom_msd_88_L2L5_100fs_10ns_4rep/2026-08-26/receipts/run_L5_rep2.sh,730,2026-08-26T11:28:36.120147+00:00,.sh,results,analysis_archive_or_derived_asset,2ef488eb21edcced0e264754ea06ff62c5a998c0ff13bad68961e91ea4918bf0,run_L5_rep2.sh,3,/lustre/home/users/ewu/.conda/envs/HB_analysis/bin/python | /lustre/home/users/ewu/vb_gcmc/MD/stage_theta_decom_88_L2L10_100fs_10ns_20260826 | /lustre/home/users/ewu/vb_gcmc/MD/stage_vacf_tail_8_8_L2L5_4rep_weaknh_nomom_10ns_100fs_20260821/5L/rep2/LONG_WEAKNH_NOMOM_8_8_L5_rep2_100fs_10ns.water_100fs_10ns.dump
results/collective_mode_response/theta_decom_msd_88_L2L5_100fs_10ns_4rep/2026-08-26/receipts/run_L5_rep3.sh,730,2026-08-26T11:28:37.166483+00:00,.sh,results,analysis_archive_or_derived_asset,78a00bd8a623edc365d385ba0be23df254d37b7f4b5e67480b2c3387881b850c,run_L5_rep3.sh,3,/lustre/home/users/ewu/.conda/envs/HB_analysis/bin/python | /lustre/home/users/ewu/vb_gcmc/MD/stage_theta_decom_88_L2L10_100fs_10ns_20260826 | /lustre/home/users/ewu/vb_gcmc/MD/stage_vacf_tail_8_8_L2L5_4rep_weaknh_nomom_10ns_100fs_20260821/5L/rep3/LONG_WEAKNH_NOMOM_8_8_L5_rep3_100fs_10ns.water_100fs_10ns.dump
results/collective_mode_response/theta_decom_msd_88_L2L5_100fs_10ns_4rep/2026-08-26/receipts/run_L5_rep4.sh,730,2026-08-26T11:28:38.676762+00:00,.sh,results,analysis_archive_or_derived_asset,8215b79573f19ab9197514a865a1ec675efdebed47505079eabe13d2ddda389c,run_L5_rep4.sh,3,/lustre/home/users/ewu/.conda/envs/HB_analysis/bin/python | /lustre/home/users/ewu/vb_gcmc/MD/stage_theta_decom_88_L2L10_100fs_10ns_20260826 | /lustre/home/users/ewu/vb_gcmc/MD/stage_vacf_tail_8_8_L2L5_4rep_weaknh_nomom_10ns_100fs_20260821/5L/rep4/LONG_WEAKNH_NOMOM_8_8_L5_rep4_100fs_10ns.water_100fs_10ns.dump
results/collective_mode_response/theta_decom_msd_88_L2L5_100fs_10ns_4rep/2026-08-26/receipts/run_finalparserfix_L2_rep1.sh,728,2026-08-26T11:28:37.057956+00:00,.sh,results,analysis_archive_or_derived_asset,9daa093f92e214728a00a154b2393921ba12b77be041ddb08f56157f80fe8219,run_finalparserfix_L2_rep1.sh,3,/lustre/home/users/ewu/.conda/envs/HB_analysis/bin/python | /lustre/home/users/ewu/vb_gcmc/MD/stage_theta_decom_88_L2L10_100fs_10ns_20260826 | /lustre/home/users/ewu/vb_gcmc/MD/stage_vacf_tail_8_8_L2L5_4rep_weaknh_nomom_10ns_100fs_20260821/2L/rep1/LONG_WEAKNH_NOMOM_8_8_L2_rep1_100fs_10ns.water_100fs_10ns.dump
results/collective_mode_response/theta_decom_msd_88_L2L5_100fs_10ns_4rep/2026-08-26/receipts/run_finalparserfix_L2_rep2.sh,728,2026-08-26T11:28:38.473727+00:00,.sh,results,analysis_archive_or_derived_asset,9f15c54c3bc0318d25be054cb69d937b6164197bf16ffdd8574a6efd6cfba637,run_finalparserfix_L2_rep2.sh,3,/lustre/home/users/ewu/.conda/envs/HB_analysis/bin/python | /lustre/home/users/ewu/vb_gcmc/MD/stage_theta_decom_88_L2L10_100fs_10ns_20260826 | /lustre/home/users/ewu/vb_gcmc/MD/stage_vacf_tail_8_8_L2L5_4rep_weaknh_nomom_10ns_100fs_20260821/2L/rep2/LONG_WEAKNH_NOMOM_8_8_L2_rep2_100fs_10ns.water_100fs_10ns.dump
results/collective_mode_response/theta_decom_msd_88_L2L5_100fs_10ns_4rep/2026-08-26/receipts/run_finalparserfix_L2_rep3.sh,728,2026-08-26T11:28:38.823664+00:00,.sh,results,analysis_archive_or_derived_asset,605456a6a7946a33572cc538213306ec7046f515bfb6449cc1353ad65a277b3c,run_finalparserfix_L2_rep3.sh,3,/lustre/home/users/ewu/.conda/envs/HB_analysis/bin/python | /lustre/home/users/ewu/vb_gcmc/MD/stage_theta_decom_88_L2L10_100fs_10ns_20260826 | /lustre/home/users/ewu/vb_gcmc/MD/stage_vacf_tail_8_8_L2L5_4rep_weaknh_nomom_10ns_100fs_20260821/2L/rep3/LONG_WEAKNH_NOMOM_8_8_L2_rep3_100fs_10ns.water_100fs_10ns.dump
results/collective_mode_response/theta_decom_msd_88_L2L5_100fs_10ns_4rep/2026-08-26/receipts/run_finalparserfix_L2_rep4.sh,728,2026-08-26T11:28:36.854451+00:00,.sh,results,analysis_archive_or_derived_asset,c801b8160186e2c78e479437690c1689a83fed107bed5a732751ad9e9d6d2931,run_finalparserfix_L2_rep4.sh,3,/lustre/home/users/ewu/.conda/envs/HB_analysis/bin/python | /lustre/home/users/ewu/vb_gcmc/MD/stage_theta_decom_88_L2L10_100fs_10ns_20260826 | /lustre/home/users/ewu/vb_gcmc/MD/stage_vacf_tail_8_8_L2L5_4rep_weaknh_nomom_10ns_100fs_20260821/2L/rep4/LONG_WEAKNH_NOMOM_8_8_L2_rep4_100fs_10ns.water_100fs_10ns.dump
results/collective_mode_response/theta_decom_msd_88_L2L5_100fs_10ns_4rep/2026-08-26/receipts/run_finalparserfix_L3_rep1.sh,728,2026-08-26T11:28:38.257359+00:00,.sh,results,analysis_archive_or_derived_asset,76b545759739b7f1bd0f11dc116a25998931f8d16ea686ab9b682ad8d9437ff1,run_finalparserfix_L3_rep1.sh,3,/lustre/home/users/ewu/.conda/envs/HB_analysis/bin/python | /lustre/home/users/ewu/vb_gcmc/MD/stage_theta_decom_88_L2L10_100fs_10ns_20260826 | /lustre/home/users/ewu/vb_gcmc/MD/stage_vacf_tail_8_8_L2L5_4rep_weaknh_nomom_10ns_100fs_20260821/3L/rep1/LONG_WEAKNH_NOMOM_8_8_L3_rep1_100fs_10ns.water_100fs_10ns.dump
results/collective_mode_response/theta_decom_msd_88_L2L5_100fs_10ns_4rep/2026-08-26/receipts/run_finalparserfix_L3_rep2.sh,728,2026-08-26T11:28:38.997935+00:00,.sh,results,analysis_archive_or_derived_asset,367f5dd7cbb2015f45f46de80bb37bd6752e88f1d9563f8931d8efdb9ee58e93,run_finalparserfix_L3_rep2.sh,3,/lustre/home/users/ewu/.conda/envs/HB_analysis/bin/python | /lustre/home/users/ewu/vb_gcmc/MD/stage_theta_decom_88_L2L10_100fs_10ns_20260826 | /lustre/home/users/ewu/vb_gcmc/MD/stage_vacf_tail_8_8_L2L5_4rep_weaknh_nomom_10ns_100fs_20260821/3L/rep2/LONG_WEAKNH_NOMOM_8_8_L3_rep2_100fs_10ns.water_100fs_10ns.dump
results/collective_mode_response/theta_decom_msd_88_L2L5_100fs_10ns_4rep/2026-08-26/receipts/run_finalparserfix_L3_rep3.sh,728,2026-08-26T11:28:38.770286+00:00,.sh,results,analysis_archive_or_derived_asset,cf375b01e3c9f030636ffe082ee112102c1289bfe18d0e602fd477125bee38d1,run_finalparserfix_L3_rep3.sh,3,/lustre/home/users/ewu/.conda/envs/HB_analysis/bin/python | /lustre/home/users/ewu/vb_gcmc/MD/stage_theta_decom_88_L2L10_100fs_10ns_20260826 | /lustre/home/users/ewu/vb_gcmc/MD/stage_vacf_tail_8_8_L2L5_4rep_weaknh_nomom_10ns_100fs_20260821/3L/rep3/LONG_WEAKNH_NOMOM_8_8_L3_rep3_100fs_10ns.water_100fs_10ns.dump
results/collective_mode_response/theta_decom_msd_88_L2L5_100fs_10ns_4rep/2026-08-26/receipts/run_finalparserfix_L3_rep4.sh,728,2026-08-26T11:28:38.314363+00:00,.sh,results,analysis_archive_or_derived_asset,f2f0a06448d2f1fa5799b42735a9bb8464bf9c19179064ef8844d1af2851be23,run_finalparserfix_L3_rep4.sh,3,/lustre/home/users/ewu/.conda/envs/HB_analysis/bin/python | /lustre/home/users/ewu/vb_gcmc/MD/stage_theta_decom_88_L2L10_100fs_10ns_20260826 | /lustre/home/users/ewu/vb_gcmc/MD/stage_vacf_tail_8_8_L2L5_4rep_weaknh_nomom_10ns_100fs_20260821/3L/rep4/LONG_WEAKNH_NOMOM_8_8_L3_rep4_100fs_10ns.water_100fs_10ns.dump
results/collective_mode_response/theta_decom_msd_88_L2L5_100fs_10ns_4rep/2026-08-26/receipts/run_finalparserfix_L4_rep1.sh,728,2026-08-26T11:28:38.879391+00:00,.sh,results,analysis_archive_or_derived_asset,d8f2512e1e425f6092f82cfcefd82d1a849d62c3f46b439a78209cacd8908bb5,run_finalparserfix_L4_rep1.sh,3,/lustre/home/users/ewu/.conda/envs/HB_analysis/bin/python | /lustre/home/users/ewu/vb_gcmc/MD/stage_theta_decom_88_L2L10_100fs_10ns_20260826 | /lustre/home/users/ewu/vb_gcmc/MD/stage_vacf_tail_8_8_L2L5_4rep_weaknh_nomom_10ns_100fs_20260821/4L/rep1/LONG_WEAKNH_NOMOM_8_8_L4_rep1_100fs_10ns.water_100fs_10ns.dump
results/collective_mode_response/theta_decom_msd_88_L2L5_100fs_10ns_4rep/2026-08-26/receipts/run_finalparserfix_L4_rep2.sh,728,2026-08-26T11:28:35.548434+00:00,.sh,results,analysis_archive_or_derived_asset,0565e1a60d5c5aacb28fdead8797a16db443d0b784e702c91b06b28ef4b4408a,run_finalparserfix_L4_rep2.sh,3,/lustre/home/users/ewu/.conda/envs/HB_analysis/bin/python | /lustre/home/users/ewu/vb_gcmc/MD/stage_theta_decom_88_L2L10_100fs_10ns_20260826 | /lustre/home/users/ewu/vb_gcmc/MD/stage_vacf_tail_8_8_L2L5_4rep_weaknh_nomom_10ns_100fs_20260821/4L/rep2/LONG_WEAKNH_NOMOM_8_8_L4_rep2_100fs_10ns.water_100fs_10ns.dump
results/collective_mode_response/theta_decom_msd_88_L2L5_100fs_10ns_4rep/2026-08-26/receipts/run_finalparserfix_L4_rep3.sh,728,2026-08-26T11:28:39.054620+00:00,.sh,results,analysis_archive_or_derived_asset,f9036cd15fecc85f0b6593867f1d40a08d1f4a275d6c5067fdd057abcfdb63ca,run_finalparserfix_L4_rep3.sh,3,/lustre/home/users/ewu/.conda/envs/HB_analysis/bin/python | /lustre/home/users/ewu/vb_gcmc/MD/stage_theta_decom_88_L2L10_100fs_10ns_20260826 | /lustre/home/users/ewu/vb_gcmc/MD/stage_vacf_tail_8_8_L2L5_4rep_weaknh_nomom_10ns_100fs_20260821/4L/rep3/LONG_WEAKNH_NOMOM_8_8_L4_rep3_100fs_10ns.water_100fs_10ns.dump
results/collective_mode_response/theta_decom_msd_88_L2L5_100fs_10ns_4rep/2026-08-26/receipts/run_finalparserfix_L4_rep4.sh,728,2026-08-26T11:28:37.904103+00:00,.sh,results,analysis_archive_or_derived_asset,c63147ac72820c3ec11c7b9c3e2c4602eb2930316535bb80e8eeae8c872d04d3,run_finalparserfix_L4_rep4.sh,3,/lustre/home/users/ewu/.conda/envs/HB_analysis/bin/python | /lustre/home/users/ewu/vb_gcmc/MD/stage_theta_decom_88_L2L10_100fs_10ns_20260826 | /lustre/home/users/ewu/vb_gcmc/MD/stage_vacf_tail_8_8_L2L5_4rep_weaknh_nomom_10ns_100fs_20260821/4L/rep4/LONG_WEAKNH_NOMOM_8_8_L4_rep4_100fs_10ns.water_100fs_10ns.dump
results/collective_mode_response/theta_decom_msd_88_L2L5_100fs_10ns_4rep/2026-08-26/receipts/run_finalparserfix_L5_rep1.sh,728,2026-08-26T11:28:37.449035+00:00,.sh,results,analysis_archive_or_derived_asset,5926dbaf8269a5a8423ef387136cdd32cf931852a1cdcbcd3675cd0f90a76682,run_finalparserfix_L5_rep1.sh,3,/lustre/home/users/ewu/.conda/envs/HB_analysis/bin/python | /lustre/home/users/ewu/vb_gcmc/MD/stage_theta_decom_88_L2L10_100fs_10ns_20260826 | /lustre/home/users/ewu/vb_gcmc/MD/stage_vacf_tail_8_8_L2L5_4rep_weaknh_nomom_10ns_100fs_20260821/5L/rep1/LONG_WEAKNH_NOMOM_8_8_L5_rep1_100fs_10ns.water_100fs_10ns.dump
results/collective_mode_response/theta_decom_msd_88_L2L5_100fs_10ns_4rep/2026-08-26/receipts/run_finalparserfix_L5_rep2.sh,728,2026-08-26T11:28:36.437463+00:00,.sh,results,analysis_archive_or_derived_asset,890200722528432edb1c4c919fea4c02c1c658558ea8ce50dc68a404a786eca0,run_finalparserfix_L5_rep2.sh,3,/lustre/home/users/ewu/.conda/envs/HB_analysis/bin/python | /lustre/home/users/ewu/vb_gcmc/MD/stage_theta_decom_88_L2L10_100fs_10ns_20260826 | /lustre/home/users/ewu/vb_gcmc/MD/stage_vacf_tail_8_8_L2L5_4rep_weaknh_nomom_10ns_100fs_20260821/5L/rep2/LONG_WEAKNH_NOMOM_8_8_L5_rep2_100fs_10ns.water_100fs_10ns.dump
results/collective_mode_response/theta_decom_msd_88_L2L5_100fs_10ns_4rep/2026-08-26/receipts/run_finalparserfix_L5_rep3.sh,728,2026-08-26T11:28:36.382765+00:00,.sh,results,analysis_archive_or_derived_asset,549d31eba5f7520d9d353877664b04c1e2a3e652dff84fa401cad834c25662f0,run_finalparserfix_L5_rep3.sh,3,/lustre/home/users/ewu/.conda/envs/HB_analysis/bin/python | /lustre/home/users/ewu/vb_gcmc/MD/stage_theta_decom_88_L2L10_100fs_10ns_20260826 | /lustre/home/users/ewu/vb_gcmc/MD/stage_vacf_tail_8_8_L2L5_4rep_weaknh_nomom_10ns_100fs_20260821/5L/rep3/LONG_WEAKNH_NOMOM_8_8_L5_rep3_100fs_10ns.water_100fs_10ns.dump
results/collective_mode_response/theta_decom_msd_88_L2L5_100fs_10ns_4rep/2026-08-26/receipts/run_finalparserfix_L5_rep4.sh,728,2026-08-26T11:28:36.767301+00:00,.sh,results,analysis_archive_or_derived_asset,aa700a6e21ef36e18982239aeca74f5c7f1c85c40a5a52f267e6c66c122bf427,run_finalparserfix_L5_rep4.sh,3,/lustre/home/users/ewu/.conda/envs/HB_analysis/bin/python | /lustre/home/users/ewu/vb_gcmc/MD/stage_theta_decom_88_L2L10_100fs_10ns_20260826 | /lustre/home/users/ewu/vb_gcmc/MD/stage_vacf_tail_8_8_L2L5_4rep_weaknh_nomom_10ns_100fs_20260821/5L/rep4/LONG_WEAKNH_NOMOM_8_8_L5_rep4_100fs_10ns.water_100fs_10ns.dump
results/collective_mode_response/theta_decom_msd_88_L2L5_100fs_10ns_4rep/2026-08-26/receipts/run_headerfix_L2_rep1.sh,730,2026-08-26T11:28:36.542439+00:00,.sh,results,analysis_archive_or_derived_asset,67d0daa2e9fcff6db49a16534ef42b13764aa036b87379feb4fcc6313f64b4b9,run_headerfix_L2_rep1.sh,3,/lustre/home/users/ewu/.conda/envs/HB_analysis/bin/python | /lustre/home/users/ewu/vb_gcmc/MD/stage_theta_decom_88_L2L10_100fs_10ns_20260826 | /lustre/home/users/ewu/vb_gcmc/MD/stage_vacf_tail_8_8_L2L5_4rep_weaknh_nomom_10ns_100fs_20260821/2L/rep1/LONG_WEAKNH_NOMOM_8_8_L2_rep1_100fs_10ns.water_100fs_10ns.dump
results/collective_mode_response/theta_decom_msd_88_L2L5_100fs_10ns_4rep/2026-08-26/receipts/run_headerfix_L2_rep2.sh,730,2026-08-26T11:28:35.362298+00:00,.sh,results,analysis_archive_or_derived_asset,85a79187c8928db3a68f1f0d64ac98045dbd54065e8865b42904b2ea3802bb52,run_headerfix_L2_rep2.sh,3,/lustre/home/users/ewu/.conda/envs/HB_analysis/bin/python | /lustre/home/users/ewu/vb_gcmc/MD/stage_theta_decom_88_L2L10_100fs_10ns_20260826 | /lustre/home/users/ewu/vb_gcmc/MD/stage_vacf_tail_8_8_L2L5_4rep_weaknh_nomom_10ns_100fs_20260821/2L/rep2/LONG_WEAKNH_NOMOM_8_8_L2_rep2_100fs_10ns.water_100fs_10ns.dump
results/collective_mode_response/theta_decom_msd_88_L2L5_100fs_10ns_4rep/2026-08-26/receipts/run_headerfix_L2_rep3.sh,730,2026-08-26T11:28:35.916108+00:00,.sh,results,analysis_archive_or_derived_asset,fb92f3ab36cb1d9050d745276dcf9af9747aa91480438f0a1a9288110140f7c5,run_headerfix_L2_rep3.sh,3,/lustre/home/users/ewu/.conda/envs/HB_analysis/bin/python | /lustre/home/users/ewu/vb_gcmc/MD/stage_theta_decom_88_L2L10_100fs_10ns_20260826 | /lustre/home/users/ewu/vb_gcmc/MD/stage_vacf_tail_8_8_L2L5_4rep_weaknh_nomom_10ns_100fs_20260821/2L/rep3/LONG_WEAKNH_NOMOM_8_8_L2_rep3_100fs_10ns.water_100fs_10ns.dump
results/collective_mode_response/theta_decom_msd_88_L2L5_100fs_10ns_4rep/2026-08-26/receipts/run_headerfix_L2_rep4.sh,730,2026-08-26T11:28:37.001662+00:00,.sh,results,analysis_archive_or_derived_asset,a08996bc9c7f05c2c54a03af5b0ea77150821ac88583c68422260a012edc0818,run_headerfix_L2_rep4.sh,3,/lustre/home/users/ewu/.conda/envs/HB_analysis/bin/python | /lustre/home/users/ewu/vb_gcmc/MD/stage_theta_decom_88_L2L10_100fs_10ns_20260826 | /lustre/home/users/ewu/vb_gcmc/MD/stage_vacf_tail_8_8_L2L5_4rep_weaknh_nomom_10ns_100fs_20260821/2L/rep4/LONG_WEAKNH_NOMOM_8_8_L2_rep4_100fs_10ns.water_100fs_10ns.dump
results/collective_mode_response/theta_decom_msd_88_L2L5_100fs_10ns_4rep/2026-08-26/receipts/run_headerfix_L3_rep1.sh,730,2026-08-26T11:28:37.671067+00:00,.sh,results,analysis_archive_or_derived_asset,7715525b99f998e90456e774d0f5cd18de37297c8ee53d049fcbe3d2c2222d64,run_headerfix_L3_rep1.sh,3,/lustre/home/users/ewu/.conda/envs/HB_analysis/bin/python | /lustre/home/users/ewu/vb_gcmc/MD/stage_theta_decom_88_L2L10_100fs_10ns_20260826 | /lustre/home/users/ewu/vb_gcmc/MD/stage_vacf_tail_8_8_L2L5_4rep_weaknh_nomom_10ns_100fs_20260821/3L/rep1/LONG_WEAKNH_NOMOM_8_8_L3_rep1_100fs_10ns.water_100fs_10ns.dump
results/collective_mode_response/theta_decom_msd_88_L2L5_100fs_10ns_4rep/2026-08-26/receipts/run_headerfix_L3_rep2.sh,730,2026-08-26T11:28:38.932174+00:00,.sh,results,analysis_archive_or_derived_asset,6e9923ac414e38b2f36803f0c9fcc4fd0d57599172948c153b797677fadca9be,run_headerfix_L3_rep2.sh,3,/lustre/home/users/ewu/.conda/envs/HB_analysis/bin/python | /lustre/home/users/ewu/vb_gcmc/MD/stage_theta_decom_88_L2L10_100fs_10ns_20260826 | /lustre/home/users/ewu/vb_gcmc/MD/stage_vacf_tail_8_8_L2L5_4rep_weaknh_nomom_10ns_100fs_20260821/3L/rep2/LONG_WEAKNH_NOMOM_8_8_L3_rep2_100fs_10ns.water_100fs_10ns.dump
results/collective_mode_response/theta_decom_msd_88_L2L5_100fs_10ns_4rep/2026-08-26/receipts/run_headerfix_L3_rep3.sh,730,2026-08-26T11:28:36.340306+00:00,.sh,results,analysis_archive_or_derived_asset,ea258d46dab66c23563a09dc737765206e3436ce0d9a0f74b0e037ac43a79d54,run_headerfix_L3_rep3.sh,3,/lustre/home/users/ewu/.conda/envs/HB_analysis/bin/python | /lustre/home/users/ewu/vb_gcmc/MD/stage_theta_decom_88_L2L10_100fs_10ns_20260826 | /lustre/home/users/ewu/vb_gcmc/MD/stage_vacf_tail_8_8_L2L5_4rep_weaknh_nomom_10ns_100fs_20260821/3L/rep3/LONG_WEAKNH_NOMOM_8_8_L3_rep3_100fs_10ns.water_100fs_10ns.dump
results/collective_mode_response/theta_decom_msd_88_L2L5_100fs_10ns_4rep/2026-08-26/receipts/run_headerfix_L3_rep4.sh,730,2026-08-26T11:28:35.660461+00:00,.sh,results,analysis_archive_or_derived_asset,3e7153eee9eceeb8e941933229a5271534a4268dfebe95e0ad65b5769dc4a613,run_headerfix_L3_rep4.sh,3,/lustre/home/users/ewu/.conda/envs/HB_analysis/bin/python | /lustre/home/users/ewu/vb_gcmc/MD/stage_theta_decom_88_L2L10_100fs_10ns_20260826 | /lustre/home/users/ewu/vb_gcmc/MD/stage_vacf_tail_8_8_L2L5_4rep_weaknh_nomom_10ns_100fs_20260821/3L/rep4/LONG_WEAKNH_NOMOM_8_8_L3_rep4_100fs_10ns.water_100fs_10ns.dump
results/collective_mode_response/theta_decom_msd_88_L2L5_100fs_10ns_4rep/2026-08-26/receipts/run_headerfix_L4_rep1.sh,730,2026-08-26T11:28:35.805249+00:00,.sh,results,analysis_archive_or_derived_asset,4abc21633095027e5d7c3da6d85d501b7faef3119ad53ac59b52421506b5e29e,run_headerfix_L4_rep1.sh,3,/lustre/home/users/ewu/.conda/envs/HB_analysis/bin/python | /lustre/home/users/ewu/vb_gcmc/MD/stage_theta_decom_88_L2L10_100fs_10ns_20260826 | /lustre/home/users/ewu/vb_gcmc/MD/stage_vacf_tail_8_8_L2L5_4rep_weaknh_nomom_10ns_100fs_20260821/4L/rep1/LONG_WEAKNH_NOMOM_8_8_L4_rep1_100fs_10ns.water_100fs_10ns.dump
results/collective_mode_response/theta_decom_msd_88_L2L5_100fs_10ns_4rep/2026-08-26/receipts/run_headerfix_L4_rep2.sh,730,2026-08-26T11:28:36.490097+00:00,.sh,results,analysis_archive_or_derived_asset,4e482074e1b2ab43877b3eff9206ba5cd570910a008c9eb424652f7c425311c0,run_headerfix_L4_rep2.sh,3,/lustre/home/users/ewu/.conda/envs/HB_analysis/bin/python | /lustre/home/users/ewu/vb_gcmc/MD/stage_theta_decom_88_L2L10_100fs_10ns_20260826 | /lustre/home/users/ewu/vb_gcmc/MD/stage_vacf_tail_8_8_L2L5_4rep_weaknh_nomom_10ns_100fs_20260821/4L/rep2/LONG_WEAKNH_NOMOM_8_8_L4_rep2_100fs_10ns.water_100fs_10ns.dump
results/collective_mode_response/theta_decom_msd_88_L2L5_100fs_10ns_4rep/2026-08-26/receipts/run_headerfix_L4_rep3.sh,730,2026-08-26T11:28:38.527238+00:00,.sh,results,analysis_archive_or_derived_asset,51bd71ba2315a140ff73020a8f288b891396b9a3db275cbf2d3c0c0ed816e1f2,run_headerfix_L4_rep3.sh,3,/lustre/home/users/ewu/.conda/envs/HB_analysis/bin/python | /lustre/home/users/ewu/vb_gcmc/MD/stage_theta_decom_88_L2L10_100fs_10ns_20260826 | /lustre/home/users/ewu/vb_gcmc/MD/stage_vacf_tail_8_8_L2L5_4rep_weaknh_nomom_10ns_100fs_20260821/4L/rep3/LONG_WEAKNH_NOMOM_8_8_L4_rep3_100fs_10ns.water_100fs_10ns.dump
results/collective_mode_response/theta_decom_msd_88_L2L5_100fs_10ns_4rep/2026-08-26/receipts/run_headerfix_L4_rep4.sh,730,2026-08-26T11:28:38.057788+00:00,.sh,results,analysis_archive_or_derived_asset,431554aa89a803e0731009f8530939bb0d70e6a8688533ef3e2caa62f819c738,run_headerfix_L4_rep4.sh,3,/lustre/home/users/ewu/.conda/envs/HB_analysis/bin/python | /lustre/home/users/ewu/vb_gcmc/MD/stage_theta_decom_88_L2L10_100fs_10ns_20260826 | /lustre/home/users/ewu/vb_gcmc/MD/stage_vacf_tail_8_8_L2L5_4rep_weaknh_nomom_10ns_100fs_20260821/4L/rep4/LONG_WEAKNH_NOMOM_8_8_L4_rep4_100fs_10ns.water_100fs_10ns.dump
results/collective_mode_response/theta_decom_msd_88_L2L5_100fs_10ns_4rep/2026-08-26/receipts/run_headerfix_L5_rep1.sh,730,2026-08-26T11:28:35.968795+00:00,.sh,results,analysis_archive_or_derived_asset,9ed003804d484d96dc36a82173377cdfe7759a4b746448cbc5e8f3f41c27e782,run_headerfix_L5_rep1.sh,3,/lustre/home/users/ewu/.conda/envs/HB_analysis/bin/python | /lustre/home/users/ewu/vb_gcmc/MD/stage_theta_decom_88_L2L10_100fs_10ns_20260826 | /lustre/home/users/ewu/vb_gcmc/MD/stage_vacf_tail_8_8_L2L5_4rep_weaknh_nomom_10ns_100fs_20260821/5L/rep1/LONG_WEAKNH_NOMOM_8_8_L5_rep1_100fs_10ns.water_100fs_10ns.dump
results/collective_mode_response/theta_decom_msd_88_L2L5_100fs_10ns_4rep/2026-08-26/receipts/run_headerfix_L5_rep2.sh,730,2026-08-26T11:28:37.332520+00:00,.sh,results,analysis_archive_or_derived_asset,2ef488eb21edcced0e264754ea06ff62c5a998c0ff13bad68961e91ea4918bf0,run_headerfix_L5_rep2.sh,3,/lustre/home/users/ewu/.conda/envs/HB_analysis/bin/python | /lustre/home/users/ewu/vb_gcmc/MD/stage_theta_decom_88_L2L10_100fs_10ns_20260826 | /lustre/home/users/ewu/vb_gcmc/MD/stage_vacf_tail_8_8_L2L5_4rep_weaknh_nomom_10ns_100fs_20260821/5L/rep2/LONG_WEAKNH_NOMOM_8_8_L5_rep2_100fs_10ns.water_100fs_10ns.dump
results/collective_mode_response/theta_decom_msd_88_L2L5_100fs_10ns_4rep/2026-08-26/receipts/run_headerfix_L5_rep3.sh,730,2026-08-26T11:28:37.798583+00:00,.sh,results,analysis_archive_or_derived_asset,78a00bd8a623edc365d385ba0be23df254d37b7f4b5e67480b2c3387881b850c,run_headerfix_L5_rep3.sh,3,/lustre/home/users/ewu/.conda/envs/HB_analysis/bin/python | /lustre/home/users/ewu/vb_gcmc/MD/stage_theta_decom_88_L2L10_100fs_10ns_20260826 | /lustre/home/users/ewu/vb_gcmc/MD/stage_vacf_tail_8_8_L2L5_4rep_weaknh_nomom_10ns_100fs_20260821/5L/rep3/LONG_WEAKNH_NOMOM_8_8_L5_rep3_100fs_10ns.water_100fs_10ns.dump
results/collective_mode_response/theta_decom_msd_88_L2L5_100fs_10ns_4rep/2026-08-26/receipts/run_headerfix_L5_rep4.sh,730,2026-08-26T11:28:38.432729+00:00,.sh,results,analysis_archive_or_derived_asset,8215b79573f19ab9197514a865a1ec675efdebed47505079eabe13d2ddda389c,run_headerfix_L5_rep4.sh,3,/lustre/home/users/ewu/.conda/envs/HB_analysis/bin/python | /lustre/home/users/ewu/vb_gcmc/MD/stage_theta_decom_88_L2L10_100fs_10ns_20260826 | /lustre/home/users/ewu/vb_gcmc/MD/stage_vacf_tail_8_8_L2L5_4rep_weaknh_nomom_10ns_100fs_20260821/5L/rep4/LONG_WEAKNH_NOMOM_8_8_L5_rep4_100fs_10ns.water_100fs_10ns.dump
results/collective_mode_response/theta_decom_msd_88_L2L5_100fs_10ns_4rep/2026-08-26/receipts/run_resourcefix_L2_rep1.sh,728,2026-08-26T11:28:37.391520+00:00,.sh,results,analysis_archive_or_derived_asset,9daa093f92e214728a00a154b2393921ba12b77be041ddb08f56157f80fe8219,run_resourcefix_L2_rep1.sh,3,/lustre/home/users/ewu/.conda/envs/HB_analysis/bin/python | /lustre/home/users/ewu/vb_gcmc/MD/stage_theta_decom_88_L2L10_100fs_10ns_20260826 | /lustre/home/users/ewu/vb_gcmc/MD/stage_vacf_tail_8_8_L2L5_4rep_weaknh_nomom_10ns_100fs_20260821/2L/rep1/LONG_WEAKNH_NOMOM_8_8_L2_rep1_100fs_10ns.water_100fs_10ns.dump
results/collective_mode_response/theta_decom_msd_88_L2L5_100fs_10ns_4rep/2026-08-26/receipts/run_resourcefix_L2_rep2.sh,728,2026-08-26T11:28:35.751832+00:00,.sh,results,analysis_archive_or_derived_asset,9f15c54c3bc0318d25be054cb69d937b6164197bf16ffdd8574a6efd6cfba637,run_resourcefix_L2_rep2.sh,3,/lustre/home/users/ewu/.conda/envs/HB_analysis/bin/python | /lustre/home/users/ewu/vb_gcmc/MD/stage_theta_decom_88_L2L10_100fs_10ns_20260826 | /lustre/home/users/ewu/vb_gcmc/MD/stage_vacf_tail_8_8_L2L5_4rep_weaknh_nomom_10ns_100fs_20260821/2L/rep2/LONG_WEAKNH_NOMOM_8_8_L2_rep2_100fs_10ns.water_100fs_10ns.dump
results/collective_mode_response/theta_decom_msd_88_L2L5_100fs_10ns_4rep/2026-08-26/receipts/run_resourcefix_L2_rep3.sh,728,2026-08-26T11:28:37.553551+00:00,.sh,results,analysis_archive_or_derived_asset,605456a6a7946a33572cc538213306ec7046f515bfb6449cc1353ad65a277b3c,run_resourcefix_L2_rep3.sh,3,/lustre/home/users/ewu/.conda/envs/HB_analysis/bin/python | /lustre/home/users/ewu/vb_gcmc/MD/stage_theta_decom_88_L2L10_100fs_10ns_20260826 | /lustre/home/users/ewu/vb_gcmc/MD/stage_vacf_tail_8_8_L2L5_4rep_weaknh_nomom_10ns_100fs_20260821/2L/rep3/LONG_WEAKNH_NOMOM_8_8_L2_rep3_100fs_10ns.water_100fs_10ns.dump
results/collective_mode_response/theta_decom_msd_88_L2L5_100fs_10ns_4rep/2026-08-26/receipts/run_resourcefix_L2_rep4.sh,728,2026-08-26T11:28:36.658262+00:00,.sh,results,analysis_archive_or_derived_asset,c801b8160186e2c78e479437690c1689a83fed107bed5a732751ad9e9d6d2931,run_resourcefix_L2_rep4.sh,3,/lustre/home/users/ewu/.conda/envs/HB_analysis/bin/python | /lustre/home/users/ewu/vb_gcmc/MD/stage_theta_decom_88_L2L10_100fs_10ns_20260826 | /lustre/home/users/ewu/vb_gcmc/MD/stage_vacf_tail_8_8_L2L5_4rep_weaknh_nomom_10ns_100fs_20260821/2L/rep4/LONG_WEAKNH_NOMOM_8_8_L2_rep4_100fs_10ns.water_100fs_10ns.dump
results/collective_mode_response/theta_decom_msd_88_L2L5_100fs_10ns_4rep/2026-08-26/receipts/run_resourcefix_L3_rep1.sh,728,2026-08-26T11:28:37.612556+00:00,.sh,results,analysis_archive_or_derived_asset,76b545759739b7f1bd0f11dc116a25998931f8d16ea686ab9b682ad8d9437ff1,run_resourcefix_L3_rep1.sh,3,/lustre/home/users/ewu/.conda/envs/HB_analysis/bin/python | /lustre/home/users/ewu/vb_gcmc/MD/stage_theta_decom_88_L2L10_100fs_10ns_20260826 | /lustre/home/users/ewu/vb_gcmc/MD/stage_vacf_tail_8_8_L2L5_4rep_weaknh_nomom_10ns_100fs_20260821/3L/rep1/LONG_WEAKNH_NOMOM_8_8_L3_rep1_100fs_10ns.water_100fs_10ns.dump
results/collective_mode_response/theta_decom_msd_88_L2L5_100fs_10ns_4rep/2026-08-26/receipts/run_resourcefix_L3_rep2.sh,728,2026-08-26T11:28:38.367573+00:00,.sh,results,analysis_archive_or_derived_asset,367f5dd7cbb2015f45f46de80bb37bd6752e88f1d9563f8931d8efdb9ee58e93,run_resourcefix_L3_rep2.sh,3,/lustre/home/users/ewu/.conda/envs/HB_analysis/bin/python | /lustre/home/users/ewu/vb_gcmc/MD/stage_theta_decom_88_L2L10_100fs_10ns_20260826 | /lustre/home/users/ewu/vb_gcmc/MD/stage_vacf_tail_8_8_L2L5_4rep_weaknh_nomom_10ns_100fs_20260821/3L/rep2/LONG_WEAKNH_NOMOM_8_8_L3_rep2_100fs_10ns.water_100fs_10ns.dump
results/collective_mode_response/theta_decom_msd_88_L2L5_100fs_10ns_4rep/2026-08-26/receipts/run_resourcefix_L3_rep3.sh,728,2026-08-26T11:28:35.490825+00:00,.sh,results,analysis_archive_or_derived_asset,cf375b01e3c9f030636ffe082ee112102c1289bfe18d0e602fd477125bee38d1,run_resourcefix_L3_rep3.sh,3,/lustre/home/users/ewu/.conda/envs/HB_analysis/bin/python | /lustre/home/users/ewu/vb_gcmc/MD/stage_theta_decom_88_L2L10_100fs_10ns_20260826 | /lustre/home/users/ewu/vb_gcmc/MD/stage_vacf_tail_8_8_L2L5_4rep_weaknh_nomom_10ns_100fs_20260821/3L/rep3/LONG_WEAKNH_NOMOM_8_8_L3_rep3_100fs_10ns.water_100fs_10ns.dump
results/collective_mode_response/theta_decom_msd_88_L2L5_100fs_10ns_4rep/2026-08-26/receipts/run_resourcefix_L3_rep4.sh,728,2026-08-26T11:28:38.150302+00:00,.sh,results,analysis_archive_or_derived_asset,f2f0a06448d2f1fa5799b42735a9bb8464bf9c19179064ef8844d1af2851be23,run_resourcefix_L3_rep4.sh,3,/lustre/home/users/ewu/.conda/envs/HB_analysis/bin/python | /lustre/home/users/ewu/vb_gcmc/MD/stage_theta_decom_88_L2L10_100fs_10ns_20260826 | /lustre/home/users/ewu/vb_gcmc/MD/stage_vacf_tail_8_8_L2L5_4rep_weaknh_nomom_10ns_100fs_20260821/3L/rep4/LONG_WEAKNH_NOMOM_8_8_L3_rep4_100fs_10ns.water_100fs_10ns.dump
results/collective_mode_response/theta_decom_msd_88_L2L5_100fs_10ns_4rep/2026-08-26/receipts/run_resourcefix_L4_rep1.sh,728,2026-08-26T11:28:38.611247+00:00,.sh,results,analysis_archive_or_derived_asset,d8f2512e1e425f6092f82cfcefd82d1a849d62c3f46b439a78209cacd8908bb5,run_resourcefix_L4_rep1.sh,3,/lustre/home/users/ewu/.conda/envs/HB_analysis/bin/python | /lustre/home/users/ewu/vb_gcmc/MD/stage_theta_decom_88_L2L10_100fs_10ns_20260826 | /lustre/home/users/ewu/vb_gcmc/MD/stage_vacf_tail_8_8_L2L5_4rep_weaknh_nomom_10ns_100fs_20260821/4L/rep1/LONG_WEAKNH_NOMOM_8_8_L4_rep1_100fs_10ns.water_100fs_10ns.dump
results/collective_mode_response/theta_decom_msd_88_L2L5_100fs_10ns_4rep/2026-08-26/receipts/run_resourcefix_L4_rep2.sh,728,2026-08-26T11:28:35.703465+00:00,.sh,results,analysis_archive_or_derived_asset,0565e1a60d5c5aacb28fdead8797a16db443d0b784e702c91b06b28ef4b4408a,run_resourcefix_L4_rep2.sh,3,/lustre/home/users/ewu/.conda/envs/HB_analysis/bin/python | /lustre/home/users/ewu/vb_gcmc/MD/stage_theta_decom_88_L2L10_100fs_10ns_20260826 | /lustre/home/users/ewu/vb_gcmc/MD/stage_vacf_tail_8_8_L2L5_4rep_weaknh_nomom_10ns_100fs_20260821/4L/rep2/LONG_WEAKNH_NOMOM_8_8_L4_rep2_100fs_10ns.water_100fs_10ns.dump
results/collective_mode_response/theta_decom_msd_88_L2L5_100fs_10ns_4rep/2026-08-26/receipts/run_resourcefix_L4_rep3.sh,728,2026-08-26T11:28:37.972272+00:00,.sh,results,analysis_archive_or_derived_asset,f9036cd15fecc85f0b6593867f1d40a08d1f4a275d6c5067fdd057abcfdb63ca,run_resourcefix_L4_rep3.sh,3,/lustre/home/users/ewu/.conda/envs/HB_analysis/bin/python | /lustre/home/users/ewu/vb_gcmc/MD/stage_theta_decom_88_L2L10_100fs_10ns_20260826 | /lustre/home/users/ewu/vb_gcmc/MD/stage_vacf_tail_8_8_L2L5_4rep_weaknh_nomom_10ns_100fs_20260821/4L/rep3/LONG_WEAKNH_NOMOM_8_8_L4_rep3_100fs_10ns.water_100fs_10ns.dump
results/collective_mode_response/theta_decom_msd_88_L2L5_100fs_10ns_4rep/2026-08-26/receipts/run_resourcefix_L4_rep4.sh,728,2026-08-26T11:28:35.601946+00:00,.sh,results,analysis_archive_or_derived_asset,c63147ac72820c3ec11c7b9c3e2c4602eb2930316535bb80e8eeae8c872d04d3,run_resourcefix_L4_rep4.sh,3,/lustre/home/users/ewu/.conda/envs/HB_analysis/bin/python | /lustre/home/users/ewu/vb_gcmc/MD/stage_theta_decom_88_L2L10_100fs_10ns_20260826 | /lustre/home/users/ewu/vb_gcmc/MD/stage_vacf_tail_8_8_L2L5_4rep_weaknh_nomom_10ns_100fs_20260821/4L/rep4/LONG_WEAKNH_NOMOM_8_8_L4_rep4_100fs_10ns.water_100fs_10ns.dump
results/collective_mode_response/theta_decom_msd_88_L2L5_100fs_10ns_4rep/2026-08-26/receipts/run_resourcefix_L5_rep1.sh,728,2026-08-26T11:28:37.850098+00:00,.sh,results,analysis_archive_or_derived_asset,5926dbaf8269a5a8423ef387136cdd32cf931852a1cdcbcd3675cd0f90a76682,run_resourcefix_L5_rep1.sh,3,/lustre/home/users/ewu/.conda/envs/HB_analysis/bin/python | /lustre/home/users/ewu/vb_gcmc/MD/stage_theta_decom_88_L2L10_100fs_10ns_20260826 | /lustre/home/users/ewu/vb_gcmc/MD/stage_vacf_tail_8_8_L2L5_4rep_weaknh_nomom_10ns_100fs_20260821/5L/rep1/LONG_WEAKNH_NOMOM_8_8_L5_rep1_100fs_10ns.water_100fs_10ns.dump
results/collective_mode_response/theta_decom_msd_88_L2L5_100fs_10ns_4rep/2026-08-26/receipts/run_resourcefix_L5_rep2.sh,728,2026-08-26T11:28:36.025939+00:00,.sh,results,analysis_archive_or_derived_asset,890200722528432edb1c4c919fea4c02c1c658558ea8ce50dc68a404a786eca0,run_resourcefix_L5_rep2.sh,3,/lustre/home/users/ewu/.conda/envs/HB_analysis/bin/python | /lustre/home/users/ewu/vb_gcmc/MD/stage_theta_decom_88_L2L10_100fs_10ns_20260826 | /lustre/home/users/ewu/vb_gcmc/MD/stage_vacf_tail_8_8_L2L5_4rep_weaknh_nomom_10ns_100fs_20260821/5L/rep2/LONG_WEAKNH_NOMOM_8_8_L5_rep2_100fs_10ns.water_100fs_10ns.dump
results/collective_mode_response/theta_decom_msd_88_L2L5_100fs_10ns_4rep/2026-08-26/receipts/run_resourcefix_L5_rep3.sh,728,2026-08-26T11:28:36.921994+00:00,.sh,results,analysis_archive_or_derived_asset,549d31eba5f7520d9d353877664b04c1e2a3e652dff84fa401cad834c25662f0,run_resourcefix_L5_rep3.sh,3,/lustre/home/users/ewu/.conda/envs/HB_analysis/bin/python | /lustre/home/users/ewu/vb_gcmc/MD/stage_theta_decom_88_L2L10_100fs_10ns_20260826 | /lustre/home/users/ewu/vb_gcmc/MD/stage_vacf_tail_8_8_L2L5_4rep_weaknh_nomom_10ns_100fs_20260821/5L/rep3/LONG_WEAKNH_NOMOM_8_8_L5_rep3_100fs_10ns.water_100fs_10ns.dump
results/collective_mode_response/theta_decom_msd_88_L2L5_100fs_10ns_4rep/2026-08-26/receipts/run_resourcefix_L5_rep4.sh,728,2026-08-26T11:28:36.287627+00:00,.sh,results,analysis_archive_or_derived_asset,aa700a6e21ef36e18982239aeca74f5c7f1c85c40a5a52f267e6c66c122bf427,run_resourcefix_L5_rep4.sh,3,/lustre/home/users/ewu/.conda/envs/HB_analysis/bin/python | /lustre/home/users/ewu/vb_gcmc/MD/stage_theta_decom_88_L2L10_100fs_10ns_20260826 | /lustre/home/users/ewu/vb_gcmc/MD/stage_vacf_tail_8_8_L2L5_4rep_weaknh_nomom_10ns_100fs_20260821/5L/rep4/LONG_WEAKNH_NOMOM_8_8_L5_rep4_100fs_10ns.water_100fs_10ns.dump
results/collective_mode_response/theta_decom_msd_88_L2L5_100fs_10ns_4rep/2026-08-26/scripts/analyze_theta_rep.py,8952,2026-08-26T10:56:44.361490+00:00,.py,results,analysis_archive_or_derived_asset,3553aca28fbd9defaea6c13e15a78e960c582258ab163a2c22802201a386ba95,analyze_theta_rep.py,0,
results/collective_mode_response/theta_decom_msd_88_L2L5_100fs_10ns_4rep/2026-08-26/scripts/check_fullwater_header.py,954,2026-08-26T10:56:44.365491+00:00,.py,results,analysis_archive_or_derived_asset,6d8e4f7e52289e55a0a02301f8b7462e56933ab051a1f9964b7871190a0d1c50,check_fullwater_header.py,0,
results/collective_mode_response/theta_decom_msd_88_L2L5_100fs_10ns_4rep/2026-08-26/scripts/merge_theta_ensemble.py,3577,2026-08-26T11:16:11.050288+00:00,.py,results,analysis_archive_or_derived_asset,d2bea8aa59d143fc5bb6eb227a33ac7cb4734bab05e7036e037f6f667668f69a,merge_theta_ensemble.py,1,/lustre/home/users/ewu/vb_gcmc/MD/stage_theta_decom_88_L2L10_100fs_10ns_20260826
results/collective_mode_response/theta_decom_msd_88_L2L5_100fs_10ns_4rep/2026-08-26/scripts/run_merge_theta_ensemble.sh,434,2026-08-26T11:16:11.054290+00:00,.sh,results,analysis_archive_or_derived_asset,a5a94cecdbd600b52a891e6dc3a8ee59c0d2ef71282cf62dbb06071a39769eb8,run_merge_theta_ensemble.sh,2,/lustre/home/users/ewu/.conda/envs/HB_analysis/bin/python | /lustre/home/users/ewu/vb_gcmc/MD/stage_theta_decom_88_L2L10_100fs_10ns_20260826
results/collective_mode_response/theta_decom_msd_88_L2L5_100fs_10ns_4rep/2026-08-26/scripts/run_theta_rep.template.sh,768,2026-08-26T10:45:57.627578+00:00,.sh,results,analysis_archive_or_derived_asset,e6b6074587257c15d8a2687a4e61d5da2d59408de8f3053c28be581199bf525e,run_theta_rep.template.sh,3,/lustre/home/users/ewu/.conda/envs/HB_analysis/bin/python | /lustre/home/users/ewu/vb_gcmc/MD/stage_theta_decom_88_L2L10_100fs_10ns_20260826 | /lustre/home/users/ewu/vb_gcmc/MD/stage_vacf_tail_8_8_L2L5_4rep_weaknh_nomom_10ns_100fs_20260821/__L__L/rep__R__/LONG_WEAKNH_NOMOM_8_8_L__L___rep__R___100fs_10ns.water_100fs_10ns.dump
results/collective_mode_response/theta_hydro_closure_recheck_88_L10_100fs_1ns_3rep/2026-08-27/scripts_stage/aggregate_m0_rotation_oxygen_stride.py,6660,2026-08-27T01:45:52.458535+00:00,.py,results,analysis_archive_or_derived_asset,5fc5270bde9dccf4909292afa4e6f3cf2bf1d62c626e1f63f10226696f240097,aggregate_m0_rotation_oxygen_stride.py,0,
results/collective_mode_response/theta_hydro_closure_recheck_88_L10_100fs_1ns_3rep/2026-08-27/scripts_stage/aggregate_relative_angular_current.py,5349,2026-08-27T02:23:59.140612+00:00,.py,results,analysis_archive_or_derived_asset,a029299a40315f07b9b2f8c76e66edbf4fb0f3a3cbb0ef37bc9258b5b417608a,aggregate_relative_angular_current.py,0,
results/collective_mode_response/theta_hydro_closure_recheck_88_L10_100fs_1ns_3rep/2026-08-27/scripts_stage/analyze_L2L5L10_vacf_exit_offset.py,3584,2026-08-27T08:05:32.298044+00:00,.py,results,analysis_archive_or_derived_asset,ff100c539ae8ddf93fbd9b861660472e0e70ab9711cbf4190ab10d353f29d1ac,analyze_L2L5L10_vacf_exit_offset.py,0,
results/collective_mode_response/theta_hydro_closure_recheck_88_L10_100fs_1ns_3rep/2026-08-27/scripts_stage/analyze_L2L5_vacf_kmin_Fs_mechanism.py,4896,2026-08-27T08:00:51.907393+00:00,.py,results,analysis_archive_or_derived_asset,80c235ce6283f17391793fcdeb187fbb14b16fc45f8505e9bfea6f7ad4292a86,analyze_L2L5_vacf_kmin_Fs_mechanism.py,0,
results/collective_mode_response/theta_hydro_closure_recheck_88_L10_100fs_1ns_3rep/2026-08-27/scripts_stage/analyze_Lz_vacf_positive_alpha.py,5983,2026-08-27T08:42:13.470220+00:00,.py,results,analysis_archive_or_derived_asset,faa881e801c99a31d4a5fe9fa5e6b2c21e1d808b543ce48406e796f3d528c62a,analyze_Lz_vacf_positive_alpha.py,0,
results/collective_mode_response/theta_hydro_closure_recheck_88_L10_100fs_1ns_3rep/2026-08-27/scripts_stage/analyze_alpha_z_rebound_peak_100fs.py,7901,2026-08-27T09:11:55.314903+00:00,.py,results,analysis_archive_or_derived_asset,c076c17b09528c4c84ce0bed521966ddb5aaf86cd755365069fb8c841600715b,analyze_alpha_z_rebound_peak_100fs.py,0,
results/collective_mode_response/theta_hydro_closure_recheck_88_L10_100fs_1ns_3rep/2026-08-27/scripts_stage/analyze_axial_m0_modecoupling_screen.py,6778,2026-08-27T03:18:23.339603+00:00,.py,results,analysis_archive_or_derived_asset,61316f46347e78d45a3caf4ac0d81095d5afd0d77a2bdf2d046f33d14376330d,analyze_axial_m0_modecoupling_screen.py,0,
results/collective_mode_response/theta_hydro_closure_recheck_88_L10_100fs_1ns_3rep/2026-08-27/scripts_stage/analyze_ct_theta_m0_kn.py,8293,2026-08-27T02:35:53.708393+00:00,.py,results,analysis_archive_or_derived_asset,761888309bbec6a0645e4905c5b35746043687f0479fcd45095b5a9a949c8513,analyze_ct_theta_m0_kn.py,0,
results/collective_mode_response/theta_hydro_closure_recheck_88_L10_100fs_1ns_3rep/2026-08-27/scripts_stage/analyze_ct_theta_m0_kn_acf.py,3774,2026-08-27T02:46:13.537416+00:00,.py,results,analysis_archive_or_derived_asset,a31bf5f3658a62e4e720f44b5cc52c3fa784aa53e57dc4beedfd05f028fe8ae8,analyze_ct_theta_m0_kn_acf.py,0,
results/collective_mode_response/theta_hydro_closure_recheck_88_L10_100fs_1ns_3rep/2026-08-27/scripts_stage/analyze_helical_self_isf_k1.py,12931,2026-08-27T10:34:51.765177+00:00,.py,results,analysis_archive_or_derived_asset,c3a7e393cfa7d1d7fd5b47d86fb322dc6b45b7115a4cc581d8bcabe186e7bb95,analyze_helical_self_isf_k1.py,0,
results/collective_mode_response/theta_hydro_closure_recheck_88_L10_100fs_1ns_3rep/2026-08-27/scripts_stage/analyze_lowk_m1_dynamic_projection.py,6972,2026-08-27T04:50:28.957035+00:00,.py,results,analysis_archive_or_derived_asset,d538fc1a6d691ed232e9571324d3478d47d68d179f3a07ec56408dfb5e1fd881,analyze_lowk_m1_dynamic_projection.py,0,
results/collective_mode_response/theta_hydro_closure_recheck_88_L10_100fs_1ns_3rep/2026-08-27/scripts_stage/analyze_m0_n11n20_negative_lobe.py,7824,2026-08-27T05:25:07.194449+00:00,.py,results,analysis_archive_or_derived_asset,27fc41aec2ccace6118508b3452b3bc786cbd2edce08df89f3a264631fc99a1c,analyze_m0_n11n20_negative_lobe.py,0,
results/collective_mode_response/theta_hydro_closure_recheck_88_L10_100fs_1ns_3rep/2026-08-27/scripts_stage/analyze_m0_odd_even_counterfactual.py,5483,2026-08-27T05:18:47.297569+00:00,.py,results,analysis_archive_or_derived_asset,c1823d2c37b317126bbaba4d04dd9d44e60d95b016f73bf80b20c61c7e897fc3,analyze_m0_odd_even_counterfactual.py,0,
results/collective_mode_response/theta_hydro_closure_recheck_88_L10_100fs_1ns_3rep/2026-08-27/scripts_stage/analyze_m0_rotation_oxygen_stride.py,9440,2026-08-27T01:27:55.541949+00:00,.py,results,analysis_archive_or_derived_asset,bbbbe8eb7a09365e8e98ee1857f5a2422c70cf2ab0ca4b3313379adfd7c5d44f,analyze_m0_rotation_oxygen_stride.py,0,
results/collective_mode_response/theta_hydro_closure_recheck_88_L10_100fs_1ns_3rep/2026-08-27/scripts_stage/analyze_relative_angular_current_stride.py,7308,2026-08-27T01:59:06.208071+00:00,.py,results,analysis_archive_or_derived_asset,b702f13ca22c0b73282d37c55f99e2354f0fb6b52320124dfa75713a6c90ad9a,analyze_relative_angular_current_stride.py,0,
results/collective_mode_response/theta_hydro_closure_recheck_88_L10_100fs_1ns_3rep/2026-08-27/scripts_stage/analyze_smallm_polarization_lifetime.py,4343,2026-08-27T03:33:49.673781+00:00,.py,results,analysis_archive_or_derived_asset,b669dc5ba4bd91d4fe7f6cb6c4b93e8629b8a08ee79694fefa7675ae30aba28d,analyze_smallm_polarization_lifetime.py,0,
results/collective_mode_response/theta_hydro_closure_recheck_88_L10_100fs_1ns_3rep/2026-08-27/scripts_stage/analyze_tagged_collective_vertex_m0.py,8568,2026-08-27T04:31:30.591889+00:00,.py,results,analysis_archive_or_derived_asset,c484f4df67101151ccf8f457230b345b1f30ad241ea229b2335afebe21299595,analyze_tagged_collective_vertex_m0.py,0,
results/collective_mode_response/theta_hydro_closure_recheck_88_L10_100fs_1ns_3rep/2026-08-27/scripts_stage/analyze_tagged_collective_vertex_mixed_pairs.py,5883,2026-08-27T04:39:56.272916+00:00,.py,results,analysis_archive_or_derived_asset,7dfe72108dac78f2b63bd2d0c17ff33219142ef7f1ab2dd5fee0750ca18afa3c,analyze_tagged_collective_vertex_mixed_pairs.py,0,
results/collective_mode_response/theta_hydro_closure_recheck_88_L10_100fs_1ns_3rep/2026-08-27/scripts_stage/analyze_theta_m0_factorization_m1m4.py,9457,2026-08-27T02:59:51.253649+00:00,.py,results,analysis_archive_or_derived_asset,582bf28566a333e990b7841a9910ee5cad5b2cef48bd5397e2685d5d921a721d,analyze_theta_m0_factorization_m1m4.py,0,
results/collective_mode_response/theta_hydro_closure_recheck_88_L10_100fs_1ns_3rep/2026-08-27/scripts_stage/analyze_theta_rep.py,8952,2026-08-26T10:56:44.361490+00:00,.py,results,analysis_archive_or_derived_asset,3553aca28fbd9defaea6c13e15a78e960c582258ab163a2c22802201a386ba95,analyze_theta_rep.py,0,
results/collective_mode_response/theta_hydro_closure_recheck_88_L10_100fs_1ns_3rep/2026-08-27/scripts_stage/analyze_theta_rep_memmap.py,12135,2026-08-27T01:25:01.943863+00:00,.py,results,analysis_archive_or_derived_asset,8ce64a54e204e609ff9c3706f825e3da18954539d842d303a2d26a6902817165,analyze_theta_rep_memmap.py,0,
results/collective_mode_response/theta_hydro_closure_recheck_88_L10_100fs_1ns_3rep/2026-08-27/scripts_stage/analyze_unnormalized_cjj_static_screen.py,9908,2026-08-27T04:21:19.451155+00:00,.py,results,analysis_archive_or_derived_asset,3a8748fbd4b31982b043c91e789b646c51aac8f4200437bee1510d5e348978cd,analyze_unnormalized_cjj_static_screen.py,0,
results/collective_mode_response/theta_hydro_closure_recheck_88_L10_100fs_1ns_3rep/2026-08-27/scripts_stage/analyze_viscoelastic_mixed_band.py,8120,2026-08-27T03:44:45.576220+00:00,.py,results,analysis_archive_or_derived_asset,6da0937e6b7bdd80cbd557ddf0720a9942d84dc26b9526eb43f510240a6060c8,analyze_viscoelastic_mixed_band.py,0,
results/collective_mode_response/theta_hydro_closure_recheck_88_L10_100fs_1ns_3rep/2026-08-27/scripts_stage/audit_alpha_exponential_source_10fs.py,7976,2026-08-27T09:21:36.521298+00:00,.py,results,analysis_archive_or_derived_asset,d6aeb8a50173f55ed6a371853ce1e881b61b361f6af1a5baa073322bf6be1040,audit_alpha_exponential_source_10fs.py,0,
results/collective_mode_response/theta_hydro_closure_recheck_88_L10_100fs_1ns_3rep/2026-08-27/scripts_stage/check_fullwater_header.py,954,2026-08-26T10:56:44.365491+00:00,.py,results,analysis_archive_or_derived_asset,6d8e4f7e52289e55a0a02301f8b7462e56933ab051a1f9964b7871190a0d1c50,check_fullwater_header.py,0,
results/collective_mode_response/theta_hydro_closure_recheck_88_L10_100fs_1ns_3rep/2026-08-27/scripts_stage/check_merge.py,681,2026-08-26T11:25:44.604849+00:00,.py,results,analysis_archive_or_derived_asset,f857b32cb22718ff95dbae4c1acd0dfc2a72ac02da25b5ec334cef2ccc7626d1,check_merge.py,1,/lustre/home/users/ewu/vb_gcmc/MD/stage_theta_decom_88_L2L10_100fs_10ns_20260826
results/collective_mode_response/theta_hydro_closure_recheck_88_L10_100fs_1ns_3rep/2026-08-27/scripts_stage/check_remote_parser.py,593,2026-08-26T10:56:06.752485+00:00,.py,results,analysis_archive_or_derived_asset,f7874759a598c1244c091e33898625e0553862c438bbe6ca1d52f73ac8884e20,check_remote_parser.py,1,/lustre/home/users/ewu/vb_gcmc/MD/stage_theta_decom_88_L2L10_100fs_10ns_20260826/analyze_theta_rep.py
results/collective_mode_response/theta_hydro_closure_recheck_88_L10_100fs_1ns_3rep/2026-08-27/scripts_stage/check_sources.py,1417,2026-08-26T09:31:26.800121+00:00,.py,results,analysis_archive_or_derived_asset,e53c41d43203e63df311fd1e61e5cb20537e8be83c74b2abdab7986a3e06eb0a,check_sources.py,3,/lustre/home/users/ewu/vb_gcmc/MD | /lustre/home/users/ewu/vb_gcmc/MD/stage_vacf_tail_8_8_L2L5_4rep_weaknh_nomom_10ns_100fs_20260821 | /lustre/home/users/ewu/vb_gcmc/MD/viscfric_length_all_chirality_RH75_20260806/long_weakNH_nomom_10L_100fs_10ns_3rep_20260806
results/collective_mode_response/theta_hydro_closure_recheck_88_L10_100fs_1ns_3rep/2026-08-27/scripts_stage/compare_alpha_min_saturation_models.py,6125,2026-08-27T09:05:32.937101+00:00,.py,results,analysis_archive_or_derived_asset,b6f7d2e299f5f9f408c324da65e8005caa52820ba27220cc30120a593e51c3d6,compare_alpha_min_saturation_models.py,0,
results/collective_mode_response/theta_hydro_closure_recheck_88_L10_100fs_1ns_3rep/2026-08-27/scripts_stage/finalize_viscoelastic_mixed_band.py,3633,2026-08-27T03:53:42.363371+00:00,.py,results,analysis_archive_or_derived_asset,cc00a7ede78d2d66c01b5f8bb317557f2ddcdf6babf481717a8380750194560e,finalize_viscoelastic_mixed_band.py,0,
results/collective_mode_response/theta_hydro_closure_recheck_88_L10_100fs_1ns_3rep/2026-08-27/scripts_stage/fit_axial_lowk_hydro_component.py,3169,2026-08-27T03:22:45.149660+00:00,.py,results,analysis_archive_or_derived_asset,f090394696507c6b0facc3b698023b224466e1f31957a9a51a26e215c69cbc2f,fit_axial_lowk_hydro_component.py,0,
results/collective_mode_response/theta_hydro_closure_recheck_88_L10_100fs_1ns_3rep/2026-08-27/scripts_stage/fit_axial_lowk_hydro_component_nmax.py,3357,2026-08-27T03:25:20.859219+00:00,.py,results,analysis_archive_or_derived_asset,95f29d89622ac4e5223f3723468ea2b5ddce23a9b8dab0940d5ada09e1cdd824,fit_axial_lowk_hydro_component_nmax.py,0,
results/collective_mode_response/theta_hydro_closure_recheck_88_L10_100fs_1ns_3rep/2026-08-27/scripts_stage/fit_theta_m0_hydro_component.py,3389,2026-08-27T03:32:25.713431+00:00,.py,results,analysis_archive_or_derived_asset,7a8c62de70d2eb87d14993c5603de586c87363a546198a0d8292373457a63445,fit_theta_m0_hydro_component.py,0,
results/collective_mode_response/theta_hydro_closure_recheck_88_L10_100fs_1ns_3rep/2026-08-27/scripts_stage/merge_theta_ensemble.py,3577,2026-08-26T11:16:11.050288+00:00,.py,results,analysis_archive_or_derived_asset,d2bea8aa59d143fc5bb6eb227a33ac7cb4734bab05e7036e037f6f667668f69a,merge_theta_ensemble.py,1,/lustre/home/users/ewu/vb_gcmc/MD/stage_theta_decom_88_L2L10_100fs_10ns_20260826
results/collective_mode_response/theta_hydro_closure_recheck_88_L10_100fs_1ns_3rep/2026-08-27/scripts_stage/monitor_theta.py,1104,2026-08-26T11:05:39.393851+00:00,.py,results,analysis_archive_or_derived_asset,26a4664fde5680461466205161e331bfb18329fe3f3f4d9f463c816d89cbf0f6,monitor_theta.py,1,/lustre/home/users/ewu/vb_gcmc/MD/stage_theta_decom_88_L2L10_100fs_10ns_20260826
results/collective_mode_response/theta_hydro_closure_recheck_88_L10_100fs_1ns_3rep/2026-08-27/scripts_stage/plot_L2L5L10_vacf_exit_offset.py,2236,2026-08-27T08:05:32.330048+00:00,.py,results,analysis_archive_or_derived_asset,012c5fa29ef2def6fb7ec2821c882253e0acae2ae064f53b971835b8b5ae5041,plot_L2L5L10_vacf_exit_offset.py,0,
results/collective_mode_response/theta_hydro_closure_recheck_88_L10_100fs_1ns_3rep/2026-08-27/scripts_stage/plot_L2L5_vacf_kmin_Fs_mechanism.py,2487,2026-08-27T08:00:51.920837+00:00,.py,results,analysis_archive_or_derived_asset,93ba4ce3cccffa701a349f32d6026886a0f3ab13ad885e0b80e2aebf5fb6090e,plot_L2L5_vacf_kmin_Fs_mechanism.py,0,
results/collective_mode_response/theta_hydro_closure_recheck_88_L10_100fs_1ns_3rep/2026-08-27/scripts_stage/plot_Lz_vacf_positive_alpha.py,2954,2026-08-27T08:43:13.571340+00:00,.py,results,analysis_archive_or_derived_asset,a8ed074491c12987fbd324dce86e7acd9daa156b04d8c6bde6ad801e8c10223b,plot_Lz_vacf_positive_alpha.py,0,
results/collective_mode_response/theta_hydro_closure_recheck_88_L10_100fs_1ns_3rep/2026-08-27/scripts_stage/plot_axial_m0_modecoupling_screen.py,2158,2026-08-27T03:23:29.020668+00:00,.py,results,analysis_archive_or_derived_asset,09daa905375f7d96606b7f8e0f75b31d66358a7c67eaca3ed17e15b88e6fa5f5,plot_axial_m0_modecoupling_screen.py,0,
results/collective_mode_response/theta_hydro_closure_recheck_88_L10_100fs_1ns_3rep/2026-08-27/scripts_stage/plot_ct_theta_m0_kn.py,5509,2026-08-27T02:43:21.208540+00:00,.py,results,analysis_archive_or_derived_asset,b4cb59dfe9d2ebf212373fa0bc32d9ed40b6be302ef04c803948d2e5e1135cdd,plot_ct_theta_m0_kn.py,0,
results/collective_mode_response/theta_hydro_closure_recheck_88_L10_100fs_1ns_3rep/2026-08-27/scripts_stage/plot_ct_theta_m0_kn_acf.py,2766,2026-08-27T02:46:13.541420+00:00,.py,results,analysis_archive_or_derived_asset,ec6a3bfed0671f81399c9767c06e2b081760d75173220b5f9bbd1a4749dd5d7e,plot_ct_theta_m0_kn_acf.py,0,
results/collective_mode_response/theta_hydro_closure_recheck_88_L10_100fs_1ns_3rep/2026-08-27/scripts_stage/plot_lowk_m1_dynamic_projection.py,2400,2026-08-27T05:01:49.530975+00:00,.py,results,analysis_archive_or_derived_asset,5ad435c493376fdf78ec7c00e609b07fbdda31008096370ae00ee0fe1b17b7a7,plot_lowk_m1_dynamic_projection.py,0,
results/collective_mode_response/theta_hydro_closure_recheck_88_L10_100fs_1ns_3rep/2026-08-27/scripts_stage/plot_m0_n11n20_negative_lobe.py,2956,2026-08-27T05:30:10.432550+00:00,.py,results,analysis_archive_or_derived_asset,d07bfa57f1f9e21a8cd8a531329edfd9c9eddcc06f2e5492acbb247f5870a773,plot_m0_n11n20_negative_lobe.py,0,
results/collective_mode_response/theta_hydro_closure_recheck_88_L10_100fs_1ns_3rep/2026-08-27/scripts_stage/plot_m0_odd_even_5L10L_1x3.py,4983,2026-08-27T10:17:56.898712+00:00,.py,results,analysis_archive_or_derived_asset,f319b99821bd815d20a2bb66841d5788f86338802b01460506a3f0e598c12582,plot_m0_odd_even_5L10L_1x3.py,0,
results/collective_mode_response/theta_hydro_closure_recheck_88_L10_100fs_1ns_3rep/2026-08-27/scripts_stage/plot_m0_odd_even_counterfactual.py,2930,2026-08-27T05:18:28.862903+00:00,.py,results,analysis_archive_or_derived_asset,3a6d53c0a37bb61bc34f1ff8c122120fc748262a98e61a7dc9c074be7fe719db,plot_m0_odd_even_counterfactual.py,0,
results/collective_mode_response/theta_hydro_closure_recheck_88_L10_100fs_1ns_3rep/2026-08-27/scripts_stage/plot_native100fs_alpha_min_peak_dependence.py,8883,2026-08-27T09:28:07.911557+00:00,.py,results,analysis_archive_or_derived_asset,96d1497415895c0028b5bd7f74377c13b6051a171185c8387c393780775368d1,plot_native100fs_alpha_min_peak_dependence.py,0,
results/collective_mode_response/theta_hydro_closure_recheck_88_L10_100fs_1ns_3rep/2026-08-27/scripts_stage/plot_native100fs_k1_semilog_extrema.py,11900,2026-08-27T10:02:47.464368+00:00,.py,results,analysis_archive_or_derived_asset,a94323672d8c4a66a6e02955dcf6b4c2a7506687389cd47e5be6c16205fc7b52,plot_native100fs_k1_semilog_extrema.py,0,
results/collective_mode_response/theta_hydro_closure_recheck_88_L10_100fs_1ns_3rep/2026-08-27/scripts_stage/plot_paired_helical_tagged_vertex.py,2296,2026-08-27T04:44:25.582112+00:00,.py,results,analysis_archive_or_derived_asset,10de05958144894d970a58e603595199cfcc1c6a05f6333316d314ca3f038673,plot_paired_helical_tagged_vertex.py,0,
results/collective_mode_response/theta_hydro_closure_recheck_88_L10_100fs_1ns_3rep/2026-08-27/scripts_stage/plot_raw_vacf_alpha_realLz_100fs.py,11296,2026-08-27T08:58:19.707025+00:00,.py,results,analysis_archive_or_derived_asset,21ccd390d5e02e3a69284e7c733efffba32d99c3474fe8e1320af7a0d629f863,plot_raw_vacf_alpha_realLz_100fs.py,0,
results/collective_mode_response/theta_hydro_closure_recheck_88_L10_100fs_1ns_3rep/2026-08-27/scripts_stage/plot_tagged_collective_vertex_m0.py,2819,2026-08-27T04:35:40.337896+00:00,.py,results,analysis_archive_or_derived_asset,75e970f706b53cc46f1b6530291d89e1d3dec7800efa1fe55dced8f5ddc044e5,plot_tagged_collective_vertex_m0.py,0,
results/collective_mode_response/theta_hydro_closure_recheck_88_L10_100fs_1ns_3rep/2026-08-27/scripts_stage/plot_theta_hydro_closure_recheck.py,3339,2026-08-27T03:39:08.258999+00:00,.py,results,analysis_archive_or_derived_asset,09a3da828fcba19623c549b72fb0ba54c57da0996c3e6b33fc1e840dd9fcc9b7,plot_theta_hydro_closure_recheck.py,0,
results/collective_mode_response/theta_hydro_closure_recheck_88_L10_100fs_1ns_3rep/2026-08-27/scripts_stage/plot_theta_m0_factorization_m1m4.py,3425,2026-08-27T03:09:50.085881+00:00,.py,results,analysis_archive_or_derived_asset,cc17fc665f3fe9e0165543b5d5a5586cae8de280be198110abb01ee5fde3ff18,plot_theta_m0_factorization_m1m4.py,0,
results/collective_mode_response/theta_hydro_closure_recheck_88_L10_100fs_1ns_3rep/2026-08-27/scripts_stage/plot_unnormalized_cjj_static_screen.py,3855,2026-08-27T04:23:14.004920+00:00,.py,results,analysis_archive_or_derived_asset,3cc02ac0631aadde2564d92ebb7aa871c176b2bd02ddd409cd1b797a42d3760b,plot_unnormalized_cjj_static_screen.py,0,
results/collective_mode_response/theta_hydro_closure_recheck_88_L10_100fs_1ns_3rep/2026-08-27/scripts_stage/run_local_10L_88_memmap.ps1,1102,2026-08-27T01:20:09.197196+00:00,.ps1,results,analysis_archive_or_derived_asset,35a7f1d1f54002c730193910fa0b56ba007fafa780a2f2a757f31ac45762b10e,run_local_10L_88_memmap.ps1,0,
results/collective_mode_response/theta_hydro_closure_recheck_88_L10_100fs_1ns_3rep/2026-08-27/scripts_stage/run_merge_theta_ensemble.sh,434,2026-08-26T11:16:11.054290+00:00,.sh,results,analysis_archive_or_derived_asset,a5a94cecdbd600b52a891e6dc3a8ee59c0d2ef71282cf62dbb06071a39769eb8,run_merge_theta_ensemble.sh,2,/lustre/home/users/ewu/.conda/envs/HB_analysis/bin/python | /lustre/home/users/ewu/vb_gcmc/MD/stage_theta_decom_88_L2L10_100fs_10ns_20260826
results/collective_mode_response/theta_hydro_closure_recheck_88_L10_100fs_1ns_3rep/2026-08-27/scripts_stage/run_theta_rep.template.sh,768,2026-08-26T10:45:57.627578+00:00,.sh,results,analysis_archive_or_derived_asset,e6b6074587257c15d8a2687a4e61d5da2d59408de8f3053c28be581199bf525e,run_theta_rep.template.sh,3,/lustre/home/users/ewu/.conda/envs/HB_analysis/bin/python | /lustre/home/users/ewu/vb_gcmc/MD/stage_theta_decom_88_L2L10_100fs_10ns_20260826 | /lustre/home/users/ewu/vb_gcmc/MD/stage_vacf_tail_8_8_L2L5_4rep_weaknh_nomom_10ns_100fs_20260821/__L__L/rep__R__/LONG_WEAKNH_NOMOM_8_8_L__L___rep__R___100fs_10ns.water_100fs_10ns.dump
results/collective_mode_response/theta_hydro_closure_recheck_88_L10_100fs_1ns_3rep/2026-08-27/scripts_stage/submit_2L5L.sh,900,2026-08-26T09:34:11.684928+00:00,.sh,results,analysis_archive_or_derived_asset,56b510c630e671494f3607f265d26e196d89601015ee47e28caa7e950338c25b,submit_2L5L.sh,0,
results/collective_mode_response/theta_hydro_closure_recheck_88_L10_100fs_1ns_3rep/2026-08-27/scripts_stage/submit_final_parserfix.sh,812,2026-08-26T10:57:21.097450+00:00,.sh,results,analysis_archive_or_derived_asset,62d96ab86bf0be521943c9a938d74b5c6a95c0418ec98f1fbb185db9dab3ffaf,submit_final_parserfix.sh,0,
results/collective_mode_response/theta_hydro_closure_recheck_88_L10_100fs_1ns_3rep/2026-08-27/scripts_stage/submit_headerfix_resubmission.sh,838,2026-08-26T10:16:54.565244+00:00,.sh,results,analysis_archive_or_derived_asset,9b6b54be70ca8fada9b804f84fde1991c6f120549b8126b96d6cd6f0eeb05dfa,submit_headerfix_resubmission.sh,0,
results/collective_mode_response/theta_hydro_closure_recheck_88_L10_100fs_1ns_3rep/2026-08-27/scripts_stage/submit_resourcefix_resubmission.sh,878,2026-08-26T10:45:57.630576+00:00,.sh,results,analysis_archive_or_derived_asset,0ded27d292d4a4d8ab28fae8a2e349b22dfb53c157037b4cbce007960156126a,submit_resourcefix_resubmission.sh,0,
results/collective_mode_response/theta_hydro_closure_recheck_88_L10_100fs_1ns_3rep/2026-08-27/scripts_stage/summarize_axial_m0_nmax_convergence.py,2137,2026-08-27T03:26:36.805819+00:00,.py,results,analysis_archive_or_derived_asset,47cf34e7ecdf081bacee7405b7b6354b4194c7d92fd176f7c0bd070c6cb427e1,summarize_axial_m0_nmax_convergence.py,0,
results/collective_mode_response/theta_m0_weighted_factorization_m1m4_acf_88_L10_100fs_1ns_3rep/2026-08-27/scripts_stage/aggregate_m0_rotation_oxygen_stride.py,6660,2026-08-27T01:45:52.458535+00:00,.py,results,analysis_archive_or_derived_asset,5fc5270bde9dccf4909292afa4e6f3cf2bf1d62c626e1f63f10226696f240097,aggregate_m0_rotation_oxygen_stride.py,0,
results/collective_mode_response/theta_m0_weighted_factorization_m1m4_acf_88_L10_100fs_1ns_3rep/2026-08-27/scripts_stage/aggregate_relative_angular_current.py,5349,2026-08-27T02:23:59.140612+00:00,.py,results,analysis_archive_or_derived_asset,a029299a40315f07b9b2f8c76e66edbf4fb0f3a3cbb0ef37bc9258b5b417608a,aggregate_relative_angular_current.py,0,
results/collective_mode_response/theta_m0_weighted_factorization_m1m4_acf_88_L10_100fs_1ns_3rep/2026-08-27/scripts_stage/analyze_L2L5L10_vacf_exit_offset.py,3584,2026-08-27T08:05:32.298044+00:00,.py,results,analysis_archive_or_derived_asset,ff100c539ae8ddf93fbd9b861660472e0e70ab9711cbf4190ab10d353f29d1ac,analyze_L2L5L10_vacf_exit_offset.py,0,
results/collective_mode_response/theta_m0_weighted_factorization_m1m4_acf_88_L10_100fs_1ns_3rep/2026-08-27/scripts_stage/analyze_L2L5_vacf_kmin_Fs_mechanism.py,4896,2026-08-27T08:00:51.907393+00:00,.py,results,analysis_archive_or_derived_asset,80c235ce6283f17391793fcdeb187fbb14b16fc45f8505e9bfea6f7ad4292a86,analyze_L2L5_vacf_kmin_Fs_mechanism.py,0,
results/collective_mode_response/theta_m0_weighted_factorization_m1m4_acf_88_L10_100fs_1ns_3rep/2026-08-27/scripts_stage/analyze_Lz_vacf_positive_alpha.py,5983,2026-08-27T08:42:13.470220+00:00,.py,results,analysis_archive_or_derived_asset,faa881e801c99a31d4a5fe9fa5e6b2c21e1d808b543ce48406e796f3d528c62a,analyze_Lz_vacf_positive_alpha.py,0,
results/collective_mode_response/theta_m0_weighted_factorization_m1m4_acf_88_L10_100fs_1ns_3rep/2026-08-27/scripts_stage/analyze_alpha_z_rebound_peak_100fs.py,7901,2026-08-27T09:11:55.314903+00:00,.py,results,analysis_archive_or_derived_asset,c076c17b09528c4c84ce0bed521966ddb5aaf86cd755365069fb8c841600715b,analyze_alpha_z_rebound_peak_100fs.py,0,
results/collective_mode_response/theta_m0_weighted_factorization_m1m4_acf_88_L10_100fs_1ns_3rep/2026-08-27/scripts_stage/analyze_axial_m0_modecoupling_screen.py,6778,2026-08-27T03:18:23.339603+00:00,.py,results,analysis_archive_or_derived_asset,61316f46347e78d45a3caf4ac0d81095d5afd0d77a2bdf2d046f33d14376330d,analyze_axial_m0_modecoupling_screen.py,0,
results/collective_mode_response/theta_m0_weighted_factorization_m1m4_acf_88_L10_100fs_1ns_3rep/2026-08-27/scripts_stage/analyze_ct_theta_m0_kn.py,8293,2026-08-27T02:35:53.708393+00:00,.py,results,analysis_archive_or_derived_asset,761888309bbec6a0645e4905c5b35746043687f0479fcd45095b5a9a949c8513,analyze_ct_theta_m0_kn.py,0,
results/collective_mode_response/theta_m0_weighted_factorization_m1m4_acf_88_L10_100fs_1ns_3rep/2026-08-27/scripts_stage/analyze_ct_theta_m0_kn_acf.py,3774,2026-08-27T02:46:13.537416+00:00,.py,results,analysis_archive_or_derived_asset,a31bf5f3658a62e4e720f44b5cc52c3fa784aa53e57dc4beedfd05f028fe8ae8,analyze_ct_theta_m0_kn_acf.py,0,
results/collective_mode_response/theta_m0_weighted_factorization_m1m4_acf_88_L10_100fs_1ns_3rep/2026-08-27/scripts_stage/analyze_helical_self_isf_k1.py,12931,2026-08-27T10:34:51.765177+00:00,.py,results,analysis_archive_or_derived_asset,c3a7e393cfa7d1d7fd5b47d86fb322dc6b45b7115a4cc581d8bcabe186e7bb95,analyze_helical_self_isf_k1.py,0,
results/collective_mode_response/theta_m0_weighted_factorization_m1m4_acf_88_L10_100fs_1ns_3rep/2026-08-27/scripts_stage/analyze_lowk_m1_dynamic_projection.py,6972,2026-08-27T04:50:28.957035+00:00,.py,results,analysis_archive_or_derived_asset,d538fc1a6d691ed232e9571324d3478d47d68d179f3a07ec56408dfb5e1fd881,analyze_lowk_m1_dynamic_projection.py,0,
results/collective_mode_response/theta_m0_weighted_factorization_m1m4_acf_88_L10_100fs_1ns_3rep/2026-08-27/scripts_stage/analyze_m0_n11n20_negative_lobe.py,7824,2026-08-27T05:25:07.194449+00:00,.py,results,analysis_archive_or_derived_asset,27fc41aec2ccace6118508b3452b3bc786cbd2edce08df89f3a264631fc99a1c,analyze_m0_n11n20_negative_lobe.py,0,
results/collective_mode_response/theta_m0_weighted_factorization_m1m4_acf_88_L10_100fs_1ns_3rep/2026-08-27/scripts_stage/analyze_m0_odd_even_counterfactual.py,5483,2026-08-27T05:18:47.297569+00:00,.py,results,analysis_archive_or_derived_asset,c1823d2c37b317126bbaba4d04dd9d44e60d95b016f73bf80b20c61c7e897fc3,analyze_m0_odd_even_counterfactual.py,0,
results/collective_mode_response/theta_m0_weighted_factorization_m1m4_acf_88_L10_100fs_1ns_3rep/2026-08-27/scripts_stage/analyze_m0_rotation_oxygen_stride.py,9440,2026-08-27T01:27:55.541949+00:00,.py,results,analysis_archive_or_derived_asset,bbbbe8eb7a09365e8e98ee1857f5a2422c70cf2ab0ca4b3313379adfd7c5d44f,analyze_m0_rotation_oxygen_stride.py,0,
results/collective_mode_response/theta_m0_weighted_factorization_m1m4_acf_88_L10_100fs_1ns_3rep/2026-08-27/scripts_stage/analyze_relative_angular_current_stride.py,7308,2026-08-27T01:59:06.208071+00:00,.py,results,analysis_archive_or_derived_asset,b702f13ca22c0b73282d37c55f99e2354f0fb6b52320124dfa75713a6c90ad9a,analyze_relative_angular_current_stride.py,0,
results/collective_mode_response/theta_m0_weighted_factorization_m1m4_acf_88_L10_100fs_1ns_3rep/2026-08-27/scripts_stage/analyze_smallm_polarization_lifetime.py,4343,2026-08-27T03:33:49.673781+00:00,.py,results,analysis_archive_or_derived_asset,b669dc5ba4bd91d4fe7f6cb6c4b93e8629b8a08ee79694fefa7675ae30aba28d,analyze_smallm_polarization_lifetime.py,0,
results/collective_mode_response/theta_m0_weighted_factorization_m1m4_acf_88_L10_100fs_1ns_3rep/2026-08-27/scripts_stage/analyze_tagged_collective_vertex_m0.py,8568,2026-08-27T04:31:30.591889+00:00,.py,results,analysis_archive_or_derived_asset,c484f4df67101151ccf8f457230b345b1f30ad241ea229b2335afebe21299595,analyze_tagged_collective_vertex_m0.py,0,
results/collective_mode_response/theta_m0_weighted_factorization_m1m4_acf_88_L10_100fs_1ns_3rep/2026-08-27/scripts_stage/analyze_tagged_collective_vertex_mixed_pairs.py,5883,2026-08-27T04:39:56.272916+00:00,.py,results,analysis_archive_or_derived_asset,7dfe72108dac78f2b63bd2d0c17ff33219142ef7f1ab2dd5fee0750ca18afa3c,analyze_tagged_collective_vertex_mixed_pairs.py,0,
results/collective_mode_response/theta_m0_weighted_factorization_m1m4_acf_88_L10_100fs_1ns_3rep/2026-08-27/scripts_stage/analyze_theta_m0_factorization_m1m4.py,9457,2026-08-27T02:59:51.253649+00:00,.py,results,analysis_archive_or_derived_asset,582bf28566a333e990b7841a9910ee5cad5b2cef48bd5397e2685d5d921a721d,analyze_theta_m0_factorization_m1m4.py,0,
results/collective_mode_response/theta_m0_weighted_factorization_m1m4_acf_88_L10_100fs_1ns_3rep/2026-08-27/scripts_stage/analyze_theta_rep.py,8952,2026-08-26T10:56:44.361490+00:00,.py,results,analysis_archive_or_derived_asset,3553aca28fbd9defaea6c13e15a78e960c582258ab163a2c22802201a386ba95,analyze_theta_rep.py,0,
results/collective_mode_response/theta_m0_weighted_factorization_m1m4_acf_88_L10_100fs_1ns_3rep/2026-08-27/scripts_stage/analyze_theta_rep_memmap.py,12135,2026-08-27T01:25:01.943863+00:00,.py,results,analysis_archive_or_derived_asset,8ce64a54e204e609ff9c3706f825e3da18954539d842d303a2d26a6902817165,analyze_theta_rep_memmap.py,0,
results/collective_mode_response/theta_m0_weighted_factorization_m1m4_acf_88_L10_100fs_1ns_3rep/2026-08-27/scripts_stage/analyze_unnormalized_cjj_static_screen.py,9908,2026-08-27T04:21:19.451155+00:00,.py,results,analysis_archive_or_derived_asset,3a8748fbd4b31982b043c91e789b646c51aac8f4200437bee1510d5e348978cd,analyze_unnormalized_cjj_static_screen.py,0,
results/collective_mode_response/theta_m0_weighted_factorization_m1m4_acf_88_L10_100fs_1ns_3rep/2026-08-27/scripts_stage/analyze_viscoelastic_mixed_band.py,8120,2026-08-27T03:44:45.576220+00:00,.py,results,analysis_archive_or_derived_asset,6da0937e6b7bdd80cbd557ddf0720a9942d84dc26b9526eb43f510240a6060c8,analyze_viscoelastic_mixed_band.py,0,
results/collective_mode_response/theta_m0_weighted_factorization_m1m4_acf_88_L10_100fs_1ns_3rep/2026-08-27/scripts_stage/audit_alpha_exponential_source_10fs.py,7976,2026-08-27T09:21:36.521298+00:00,.py,results,analysis_archive_or_derived_asset,d6aeb8a50173f55ed6a371853ce1e881b61b361f6af1a5baa073322bf6be1040,audit_alpha_exponential_source_10fs.py,0,
results/collective_mode_response/theta_m0_weighted_factorization_m1m4_acf_88_L10_100fs_1ns_3rep/2026-08-27/scripts_stage/check_fullwater_header.py,954,2026-08-26T10:56:44.365491+00:00,.py,results,analysis_archive_or_derived_asset,6d8e4f7e52289e55a0a02301f8b7462e56933ab051a1f9964b7871190a0d1c50,check_fullwater_header.py,0,
results/collective_mode_response/theta_m0_weighted_factorization_m1m4_acf_88_L10_100fs_1ns_3rep/2026-08-27/scripts_stage/check_merge.py,681,2026-08-26T11:25:44.604849+00:00,.py,results,analysis_archive_or_derived_asset,f857b32cb22718ff95dbae4c1acd0dfc2a72ac02da25b5ec334cef2ccc7626d1,check_merge.py,1,/lustre/home/users/ewu/vb_gcmc/MD/stage_theta_decom_88_L2L10_100fs_10ns_20260826
results/collective_mode_response/theta_m0_weighted_factorization_m1m4_acf_88_L10_100fs_1ns_3rep/2026-08-27/scripts_stage/check_remote_parser.py,593,2026-08-26T10:56:06.752485+00:00,.py,results,analysis_archive_or_derived_asset,f7874759a598c1244c091e33898625e0553862c438bbe6ca1d52f73ac8884e20,check_remote_parser.py,1,/lustre/home/users/ewu/vb_gcmc/MD/stage_theta_decom_88_L2L10_100fs_10ns_20260826/analyze_theta_rep.py
results/collective_mode_response/theta_m0_weighted_factorization_m1m4_acf_88_L10_100fs_1ns_3rep/2026-08-27/scripts_stage/check_sources.py,1417,2026-08-26T09:31:26.800121+00:00,.py,results,analysis_archive_or_derived_asset,e53c41d43203e63df311fd1e61e5cb20537e8be83c74b2abdab7986a3e06eb0a,check_sources.py,3,/lustre/home/users/ewu/vb_gcmc/MD | /lustre/home/users/ewu/vb_gcmc/MD/stage_vacf_tail_8_8_L2L5_4rep_weaknh_nomom_10ns_100fs_20260821 | /lustre/home/users/ewu/vb_gcmc/MD/viscfric_length_all_chirality_RH75_20260806/long_weakNH_nomom_10L_100fs_10ns_3rep_20260806
results/collective_mode_response/theta_m0_weighted_factorization_m1m4_acf_88_L10_100fs_1ns_3rep/2026-08-27/scripts_stage/compare_alpha_min_saturation_models.py,6125,2026-08-27T09:05:32.937101+00:00,.py,results,analysis_archive_or_derived_asset,b6f7d2e299f5f9f408c324da65e8005caa52820ba27220cc30120a593e51c3d6,compare_alpha_min_saturation_models.py,0,
results/collective_mode_response/theta_m0_weighted_factorization_m1m4_acf_88_L10_100fs_1ns_3rep/2026-08-27/scripts_stage/finalize_viscoelastic_mixed_band.py,3633,2026-08-27T03:53:42.363371+00:00,.py,results,analysis_archive_or_derived_asset,cc00a7ede78d2d66c01b5f8bb317557f2ddcdf6babf481717a8380750194560e,finalize_viscoelastic_mixed_band.py,0,
results/collective_mode_response/theta_m0_weighted_factorization_m1m4_acf_88_L10_100fs_1ns_3rep/2026-08-27/scripts_stage/fit_axial_lowk_hydro_component.py,3169,2026-08-27T03:22:45.149660+00:00,.py,results,analysis_archive_or_derived_asset,f090394696507c6b0facc3b698023b224466e1f31957a9a51a26e215c69cbc2f,fit_axial_lowk_hydro_component.py,0,
results/collective_mode_response/theta_m0_weighted_factorization_m1m4_acf_88_L10_100fs_1ns_3rep/2026-08-27/scripts_stage/fit_axial_lowk_hydro_component_nmax.py,3357,2026-08-27T03:25:20.859219+00:00,.py,results,analysis_archive_or_derived_asset,95f29d89622ac4e5223f3723468ea2b5ddce23a9b8dab0940d5ada09e1cdd824,fit_axial_lowk_hydro_component_nmax.py,0,
results/collective_mode_response/theta_m0_weighted_factorization_m1m4_acf_88_L10_100fs_1ns_3rep/2026-08-27/scripts_stage/fit_theta_m0_hydro_component.py,3389,2026-08-27T03:32:25.713431+00:00,.py,results,analysis_archive_or_derived_asset,7a8c62de70d2eb87d14993c5603de586c87363a546198a0d8292373457a63445,fit_theta_m0_hydro_component.py,0,
results/collective_mode_response/theta_m0_weighted_factorization_m1m4_acf_88_L10_100fs_1ns_3rep/2026-08-27/scripts_stage/merge_theta_ensemble.py,3577,2026-08-26T11:16:11.050288+00:00,.py,results,analysis_archive_or_derived_asset,d2bea8aa59d143fc5bb6eb227a33ac7cb4734bab05e7036e037f6f667668f69a,merge_theta_ensemble.py,1,/lustre/home/users/ewu/vb_gcmc/MD/stage_theta_decom_88_L2L10_100fs_10ns_20260826
results/collective_mode_response/theta_m0_weighted_factorization_m1m4_acf_88_L10_100fs_1ns_3rep/2026-08-27/scripts_stage/monitor_theta.py,1104,2026-08-26T11:05:39.393851+00:00,.py,results,analysis_archive_or_derived_asset,26a4664fde5680461466205161e331bfb18329fe3f3f4d9f463c816d89cbf0f6,monitor_theta.py,1,/lustre/home/users/ewu/vb_gcmc/MD/stage_theta_decom_88_L2L10_100fs_10ns_20260826
results/collective_mode_response/theta_m0_weighted_factorization_m1m4_acf_88_L10_100fs_1ns_3rep/2026-08-27/scripts_stage/plot_L2L5L10_vacf_exit_offset.py,2236,2026-08-27T08:05:32.330048+00:00,.py,results,analysis_archive_or_derived_asset,012c5fa29ef2def6fb7ec2821c882253e0acae2ae064f53b971835b8b5ae5041,plot_L2L5L10_vacf_exit_offset.py,0,
results/collective_mode_response/theta_m0_weighted_factorization_m1m4_acf_88_L10_100fs_1ns_3rep/2026-08-27/scripts_stage/plot_L2L5_vacf_kmin_Fs_mechanism.py,2487,2026-08-27T08:00:51.920837+00:00,.py,results,analysis_archive_or_derived_asset,93ba4ce3cccffa701a349f32d6026886a0f3ab13ad885e0b80e2aebf5fb6090e,plot_L2L5_vacf_kmin_Fs_mechanism.py,0,
results/collective_mode_response/theta_m0_weighted_factorization_m1m4_acf_88_L10_100fs_1ns_3rep/2026-08-27/scripts_stage/plot_Lz_vacf_positive_alpha.py,2954,2026-08-27T08:43:13.571340+00:00,.py,results,analysis_archive_or_derived_asset,a8ed074491c12987fbd324dce86e7acd9daa156b04d8c6bde6ad801e8c10223b,plot_Lz_vacf_positive_alpha.py,0,
results/collective_mode_response/theta_m0_weighted_factorization_m1m4_acf_88_L10_100fs_1ns_3rep/2026-08-27/scripts_stage/plot_axial_m0_modecoupling_screen.py,2158,2026-08-27T03:23:29.020668+00:00,.py,results,analysis_archive_or_derived_asset,09daa905375f7d96606b7f8e0f75b31d66358a7c67eaca3ed17e15b88e6fa5f5,plot_axial_m0_modecoupling_screen.py,0,
results/collective_mode_response/theta_m0_weighted_factorization_m1m4_acf_88_L10_100fs_1ns_3rep/2026-08-27/scripts_stage/plot_ct_theta_m0_kn.py,5509,2026-08-27T02:43:21.208540+00:00,.py,results,analysis_archive_or_derived_asset,b4cb59dfe9d2ebf212373fa0bc32d9ed40b6be302ef04c803948d2e5e1135cdd,plot_ct_theta_m0_kn.py,0,
results/collective_mode_response/theta_m0_weighted_factorization_m1m4_acf_88_L10_100fs_1ns_3rep/2026-08-27/scripts_stage/plot_ct_theta_m0_kn_acf.py,2766,2026-08-27T02:46:13.541420+00:00,.py,results,analysis_archive_or_derived_asset,ec6a3bfed0671f81399c9767c06e2b081760d75173220b5f9bbd1a4749dd5d7e,plot_ct_theta_m0_kn_acf.py,0,
results/collective_mode_response/theta_m0_weighted_factorization_m1m4_acf_88_L10_100fs_1ns_3rep/2026-08-27/scripts_stage/plot_lowk_m1_dynamic_projection.py,2400,2026-08-27T05:01:49.530975+00:00,.py,results,analysis_archive_or_derived_asset,5ad435c493376fdf78ec7c00e609b07fbdda31008096370ae00ee0fe1b17b7a7,plot_lowk_m1_dynamic_projection.py,0,
results/collective_mode_response/theta_m0_weighted_factorization_m1m4_acf_88_L10_100fs_1ns_3rep/2026-08-27/scripts_stage/plot_m0_n11n20_negative_lobe.py,2956,2026-08-27T05:30:10.432550+00:00,.py,results,analysis_archive_or_derived_asset,d07bfa57f1f9e21a8cd8a531329edfd9c9eddcc06f2e5492acbb247f5870a773,plot_m0_n11n20_negative_lobe.py,0,
results/collective_mode_response/theta_m0_weighted_factorization_m1m4_acf_88_L10_100fs_1ns_3rep/2026-08-27/scripts_stage/plot_m0_odd_even_5L10L_1x3.py,4983,2026-08-27T10:17:56.898712+00:00,.py,results,analysis_archive_or_derived_asset,f319b99821bd815d20a2bb66841d5788f86338802b01460506a3f0e598c12582,plot_m0_odd_even_5L10L_1x3.py,0,
results/collective_mode_response/theta_m0_weighted_factorization_m1m4_acf_88_L10_100fs_1ns_3rep/2026-08-27/scripts_stage/plot_m0_odd_even_counterfactual.py,2930,2026-08-27T05:18:28.862903+00:00,.py,results,analysis_archive_or_derived_asset,3a6d53c0a37bb61bc34f1ff8c122120fc748262a98e61a7dc9c074be7fe719db,plot_m0_odd_even_counterfactual.py,0,
results/collective_mode_response/theta_m0_weighted_factorization_m1m4_acf_88_L10_100fs_1ns_3rep/2026-08-27/scripts_stage/plot_native100fs_alpha_min_peak_dependence.py,8883,2026-08-27T09:28:07.911557+00:00,.py,results,analysis_archive_or_derived_asset,96d1497415895c0028b5bd7f74377c13b6051a171185c8387c393780775368d1,plot_native100fs_alpha_min_peak_dependence.py,0,
results/collective_mode_response/theta_m0_weighted_factorization_m1m4_acf_88_L10_100fs_1ns_3rep/2026-08-27/scripts_stage/plot_native100fs_k1_semilog_extrema.py,11900,2026-08-27T10:02:47.464368+00:00,.py,results,analysis_archive_or_derived_asset,a94323672d8c4a66a6e02955dcf6b4c2a7506687389cd47e5be6c16205fc7b52,plot_native100fs_k1_semilog_extrema.py,0,
results/collective_mode_response/theta_m0_weighted_factorization_m1m4_acf_88_L10_100fs_1ns_3rep/2026-08-27/scripts_stage/plot_paired_helical_tagged_vertex.py,2296,2026-08-27T04:44:25.582112+00:00,.py,results,analysis_archive_or_derived_asset,10de05958144894d970a58e603595199cfcc1c6a05f6333316d314ca3f038673,plot_paired_helical_tagged_vertex.py,0,
results/collective_mode_response/theta_m0_weighted_factorization_m1m4_acf_88_L10_100fs_1ns_3rep/2026-08-27/scripts_stage/plot_raw_vacf_alpha_realLz_100fs.py,11296,2026-08-27T08:58:19.707025+00:00,.py,results,analysis_archive_or_derived_asset,21ccd390d5e02e3a69284e7c733efffba32d99c3474fe8e1320af7a0d629f863,plot_raw_vacf_alpha_realLz_100fs.py,0,
results/collective_mode_response/theta_m0_weighted_factorization_m1m4_acf_88_L10_100fs_1ns_3rep/2026-08-27/scripts_stage/plot_tagged_collective_vertex_m0.py,2819,2026-08-27T04:35:40.337896+00:00,.py,results,analysis_archive_or_derived_asset,75e970f706b53cc46f1b6530291d89e1d3dec7800efa1fe55dced8f5ddc044e5,plot_tagged_collective_vertex_m0.py,0,
results/collective_mode_response/theta_m0_weighted_factorization_m1m4_acf_88_L10_100fs_1ns_3rep/2026-08-27/scripts_stage/plot_theta_hydro_closure_recheck.py,3339,2026-08-27T03:39:08.258999+00:00,.py,results,analysis_archive_or_derived_asset,09a3da828fcba19623c549b72fb0ba54c57da0996c3e6b33fc1e840dd9fcc9b7,plot_theta_hydro_closure_recheck.py,0,
results/collective_mode_response/theta_m0_weighted_factorization_m1m4_acf_88_L10_100fs_1ns_3rep/2026-08-27/scripts_stage/plot_theta_m0_factorization_m1m4.py,3425,2026-08-27T03:09:50.085881+00:00,.py,results,analysis_archive_or_derived_asset,cc17fc665f3fe9e0165543b5d5a5586cae8de280be198110abb01ee5fde3ff18,plot_theta_m0_factorization_m1m4.py,0,
results/collective_mode_response/theta_m0_weighted_factorization_m1m4_acf_88_L10_100fs_1ns_3rep/2026-08-27/scripts_stage/plot_unnormalized_cjj_static_screen.py,3855,2026-08-27T04:23:14.004920+00:00,.py,results,analysis_archive_or_derived_asset,3cc02ac0631aadde2564d92ebb7aa871c176b2bd02ddd409cd1b797a42d3760b,plot_unnormalized_cjj_static_screen.py,0,
results/collective_mode_response/theta_m0_weighted_factorization_m1m4_acf_88_L10_100fs_1ns_3rep/2026-08-27/scripts_stage/run_local_10L_88_memmap.ps1,1102,2026-08-27T01:20:09.197196+00:00,.ps1,results,analysis_archive_or_derived_asset,35a7f1d1f54002c730193910fa0b56ba007fafa780a2f2a757f31ac45762b10e,run_local_10L_88_memmap.ps1,0,
results/collective_mode_response/theta_m0_weighted_factorization_m1m4_acf_88_L10_100fs_1ns_3rep/2026-08-27/scripts_stage/run_merge_theta_ensemble.sh,434,2026-08-26T11:16:11.054290+00:00,.sh,results,analysis_archive_or_derived_asset,a5a94cecdbd600b52a891e6dc3a8ee59c0d2ef71282cf62dbb06071a39769eb8,run_merge_theta_ensemble.sh,2,/lustre/home/users/ewu/.conda/envs/HB_analysis/bin/python | /lustre/home/users/ewu/vb_gcmc/MD/stage_theta_decom_88_L2L10_100fs_10ns_20260826
results/collective_mode_response/theta_m0_weighted_factorization_m1m4_acf_88_L10_100fs_1ns_3rep/2026-08-27/scripts_stage/run_theta_rep.template.sh,768,2026-08-26T10:45:57.627578+00:00,.sh,results,analysis_archive_or_derived_asset,e6b6074587257c15d8a2687a4e61d5da2d59408de8f3053c28be581199bf525e,run_theta_rep.template.sh,3,/lustre/home/users/ewu/.conda/envs/HB_analysis/bin/python | /lustre/home/users/ewu/vb_gcmc/MD/stage_theta_decom_88_L2L10_100fs_10ns_20260826 | /lustre/home/users/ewu/vb_gcmc/MD/stage_vacf_tail_8_8_L2L5_4rep_weaknh_nomom_10ns_100fs_20260821/__L__L/rep__R__/LONG_WEAKNH_NOMOM_8_8_L__L___rep__R___100fs_10ns.water_100fs_10ns.dump
results/collective_mode_response/theta_m0_weighted_factorization_m1m4_acf_88_L10_100fs_1ns_3rep/2026-08-27/scripts_stage/submit_2L5L.sh,900,2026-08-26T09:34:11.684928+00:00,.sh,results,analysis_archive_or_derived_asset,56b510c630e671494f3607f265d26e196d89601015ee47e28caa7e950338c25b,submit_2L5L.sh,0,
results/collective_mode_response/theta_m0_weighted_factorization_m1m4_acf_88_L10_100fs_1ns_3rep/2026-08-27/scripts_stage/submit_final_parserfix.sh,812,2026-08-26T10:57:21.097450+00:00,.sh,results,analysis_archive_or_derived_asset,62d96ab86bf0be521943c9a938d74b5c6a95c0418ec98f1fbb185db9dab3ffaf,submit_final_parserfix.sh,0,
results/collective_mode_response/theta_m0_weighted_factorization_m1m4_acf_88_L10_100fs_1ns_3rep/2026-08-27/scripts_stage/submit_headerfix_resubmission.sh,838,2026-08-26T10:16:54.565244+00:00,.sh,results,analysis_archive_or_derived_asset,9b6b54be70ca8fada9b804f84fde1991c6f120549b8126b96d6cd6f0eeb05dfa,submit_headerfix_resubmission.sh,0,
results/collective_mode_response/theta_m0_weighted_factorization_m1m4_acf_88_L10_100fs_1ns_3rep/2026-08-27/scripts_stage/submit_resourcefix_resubmission.sh,878,2026-08-26T10:45:57.630576+00:00,.sh,results,analysis_archive_or_derived_asset,0ded27d292d4a4d8ab28fae8a2e349b22dfb53c157037b4cbce007960156126a,submit_resourcefix_resubmission.sh,0,
results/collective_mode_response/theta_m0_weighted_factorization_m1m4_acf_88_L10_100fs_1ns_3rep/2026-08-27/scripts_stage/summarize_axial_m0_nmax_convergence.py,2137,2026-08-27T03:26:36.805819+00:00,.py,results,analysis_archive_or_derived_asset,47cf34e7ecdf081bacee7405b7b6354b4194c7d92fd176f7c0bd070c6cb427e1,summarize_axial_m0_nmax_convergence.py,0,
results/collective_mode_response/transverse_mode_88_5L_screen/2026-08-18/analyze_88_5l_kmin_transverse_cjj.py,6638,2026-08-18T10:51:58.396452+00:00,.py,results,analysis_archive_or_derived_asset,70747e0d9ed45beadcd9adc5dcec9b97869fe73547ce8822a2790529fd1d098f,analyze_88_5l_kmin_transverse_cjj.py,0,
results/collective_mode_response/transverse_mode_88_5L_screen/2026-08-18/cjj_kmin_200ps_4chirality/plot_transverse_cjj_200ps.py,3767,2026-08-18T13:56:27.249083+00:00,.py,results,analysis_archive_or_derived_asset,df33ef45872a39f1c2144c36c2a176bdd59be288997cbc3b7aaa2bd854a9e1c9,plot_transverse_cjj_200ps.py,0,
results/collective_mode_response/transverse_mode_88_5L_screen/2026-08-18/plot_88_5l_transverse_kz_spectrum.py,4183,2026-08-18T08:40:37.774158+00:00,.py,results,analysis_archive_or_derived_asset,9e0654bb837395f18004b4b9a37663e28916bcaed4bd5c8a6e39433ce938e6cd,plot_88_5l_transverse_kz_spectrum.py,0,
results/collective_mode_response/vacf_2L_vs_4L_oddmode_projection/2026-08-13/2L_vs_4L_oddn1to11_projection/make_original_variance_normalization.py,2740,2026-08-13T13:27:55.061658+00:00,.py,results,analysis_archive_or_derived_asset,9d4685b4a930eee3e80716e44da9d508e7baeddc1f76093b0dc88e91ff8bd69b,make_original_variance_normalization.py,0,
results/collective_mode_response/vacf_2L_vs_4L_oddmode_projection/2026-08-13/recovered_corrected/2L_vs_4L_oddn1to11_projection/make_original_variance_normalization.py,2740,2026-08-13T13:27:55.061658+00:00,.py,results,analysis_archive_or_derived_asset,9d4685b4a930eee3e80716e44da9d508e7baeddc1f76093b0dc88e91ff8bd69b,make_original_variance_normalization.py,0,
results/collective_mode_response/vacf_alpha_10fs_L2L10_unified_2026-08-20/analyze_unified_10fs.py,6888,2026-08-20T01:33:06.142108+00:00,.py,results,analysis_archive_or_derived_asset,90f81582adfc3643550c88c37b9b42ecfdb71cc9394146b32c8ced7a07fc8c5f,analyze_unified_10fs.py,0,
results/collective_mode_response/vacf_alpha_10fs_L2L10_unified_2026-08-20/plot_unified_10fs.py,7468,2026-08-20T01:44:03.978410+00:00,.py,results,analysis_archive_or_derived_asset,816c8d74a179f87b2c3228066cf001573ebbf99fb35366176e3ef8a901b26c9f,plot_unified_10fs.py,0,
results/collective_mode_response/vacf_cjj_L3L5_weakNH_zvz/2026-08-13/analyze_vacf_cjj_by_length.py,3340,2026-08-13T02:24:52+00:00,.py,results,analysis_archive_or_derived_asset,7f1891746c7c4b02a8813adee6258af010069e7ebe1bf9cb806210b11dfa3d55,analyze_vacf_cjj_by_length.py,1,/lustre/home/users/ewu/vb_gcmc/MD/stage_vacf_tail_8_8_L2L10_8rep_weaknh_zvz_20260812
results/collective_mode_response/vacf_cjj_L3L5_weakNH_zvz/2026-08-13/plot_vacf_cjj_L3L5.py,1408,2026-08-13T02:24:52+00:00,.py,results,analysis_archive_or_derived_asset,25b88bb06bf325fd7572b9e0ed78974db6d322759dcb5b176836376c972c4bca,plot_vacf_cjj_L3L5.py,1,/lustre/home/users/ewu/vb_gcmc/MD/stage_vacf_tail_8_8_L2L10_8rep_weaknh_zvz_20260812/analysis_by_length
results/collective_mode_response/vacf_cjj_L3L5_weakNH_zvz/2026-08-13/run_analyze_L3L5.sh,449,2026-08-13T02:24:55+00:00,.sh,results,analysis_archive_or_derived_asset,5c7bfc2ad7319b9e0070c1ffaffbddcffb72ddaa200e0ba284b249d1619071a1,run_analyze_L3L5.sh,1,/lustre/home/users/ewu/vb_gcmc/MD/stage_vacf_tail_8_8_L2L10_8rep_weaknh_zvz_20260812
results/collective_mode_response/vacf_first_negative_platform_entry_88_L2L5L10/2026-08-21/scripts/build_first_negative_platform_entry.py,6973,2026-08-21T14:36:19.585108+00:00,.py,results,analysis_archive_or_derived_asset,51a084f4fd9e1480121d32f7ed6f3ddcab7a43e276d73a278d78d966e6c1d6fb,build_first_negative_platform_entry.py,0,
results/collective_mode_response/vacf_msd_88_L2L5_100fs_10ns_4rep/2026-08-23/build_10L_canonical_and_plot.py,5063,2026-08-23T10:34:01.250464+00:00,.py,results,analysis_archive_or_derived_asset,69424d521956b8c8511d9f7f170031d0ef8ecdc315da73b29718b9987ab3d6b1,build_10L_canonical_and_plot.py,0,
results/collective_mode_response/vacf_msd_88_L2L5_100fs_10ns_4rep/2026-08-23/plot_alpha_min_vs_inverse_L.py,4796,2026-08-23T10:49:12.099328+00:00,.py,results,analysis_archive_or_derived_asset,a2ad035b59bb43db19ce5c596f53c8ce134dbfbae9df0bef152d494c2e096ef2,plot_alpha_min_vs_inverse_L.py,0,
results/collective_mode_response/vacf_msd_88_L2L5_100fs_10ns_4rep/2026-08-23/plot_diffusivity_and_alpha_minima.py,4437,2026-08-23T10:38:45.053844+00:00,.py,results,analysis_archive_or_derived_asset,4c527a884978e7c5c5ef5eed2d83a8c4967fbc7af70edd473d28c46ab67a4da3,plot_diffusivity_and_alpha_minima.py,0,
results/collective_mode_response/vacf_msd_88_L2L5_100fs_10ns_4rep/2026-08-23/plot_vacf_msd_alpha_4rep.py,4993,2026-08-23T10:26:00.577862+00:00,.py,results,analysis_archive_or_derived_asset,4b3d203fc466be8f9ef6bc6a45d62bf3ddb07cd5b5c271a23eff8a35441c5d74,plot_vacf_msd_alpha_4rep.py,0,
results/collective_mode_response/vacf_msd_88_L2L5_100fs_10ns_4rep/2026-08-23/recompute_88_10L_legacy3_strict_cvv_ode.py,6248,2026-08-23T11:02:37.744603+00:00,.py,results,analysis_archive_or_derived_asset,02e9a893bfe4c69f647f7338f4649be1fed73e5c2a7f1f7b58c67a37f1cdc52e,recompute_88_10L_legacy3_strict_cvv_ode.py,0,
results/collective_mode_response/vacf_msd_88_L2L5_100fs_10ns_4rep/2026-08-23/scripts/analyze_rep_vacf_msd.py,5316,2026-08-22T03:57:39.480005+00:00,.py,results,analysis_archive_or_derived_asset,1e2fa17ee80ff59bcd3e6f72d9f77f89f8d004c5b05436d3f434e033f7b718bb,analyze_rep_vacf_msd.py,0,
results/collective_mode_response/vacf_msd_88_L2L5_100fs_10ns_4rep/2026-08-23/scripts/merge_ensemble_vacf_msd.py,2169,2026-08-22T03:57:39.511837+00:00,.py,results,analysis_archive_or_derived_asset,c6812cad6da032aab3716afbe922b11ee4bfd70bb2b14806ae9437f40b4e3eef,merge_ensemble_vacf_msd.py,0,
results/collective_mode_response/vacf_msd_88_L2L5_100fs_10ns_4rep/2026-08-23/scripts/run_analyze_ready.template.sh,415,2026-08-22T13:18:48.587510+00:00,.sh,results,analysis_archive_or_derived_asset,7c7e89ea9aee6f5bf8356be10b58d2d661ecb2f3fde82b4c3d7a1ba3fff3664f,run_analyze_ready.template.sh,1,/lustre/home/users/ewu/.conda/envs/HB_analysis/bin/python
results/collective_mode_response/vacf_msd_alpha_88_L20_veryweakNH_nomom_100fs_fixed10ns/2026-08-28/merge_fixed10ns_ensemble.py,1931,2026-08-28T01:40:49.272614+00:00,.py,results,analysis_archive_or_derived_asset,bff174fc13158d4c8891b078d66f14249cbb0682c826e6392f642abfc7c23a7a,merge_fixed10ns_ensemble.py,1,/lustre/home/users/ewu/vb_gcmc/MD/stage_L20_fixed10ns_vacf_msd_alpha_20260828
results/collective_mode_response/vacf_msd_alpha_88_L20_veryweakNH_nomom_100fs_fixed10ns/2026-08-28/run_fixed10ns_array.sh,742,2026-08-28T01:40:49.123127+00:00,.sh,results,analysis_archive_or_derived_asset,555174c925bda78782022208fc3b2c861988040d5c71483bbe064968a5f9cee5,run_fixed10ns_array.sh,4,/lustre/home/users/ewu/.conda/envs/HB_analysis/bin/python | /lustre/home/users/ewu/vb_gcmc/MD/stage_L20_fixed10ns_vacf_msd_alpha_20260828 | /lustre/home/users/ewu/vb_gcmc/MD/stage_L20_preliminary_vacf_msd_alpha_20260828/analyze_l20_snapshot.py | /lustre/home/users/ewu/vb_gcmc/MD/stage_vacf_tail_8_8_L20_4rep_veryweaknh_nomom_20ns_100fs_20260826
results/collective_mode_response/vacf_msd_alpha_88_L20_veryweakNH_nomom_100fs_fixed10ns/2026-08-28/run_merge_fixed10ns.sh,345,2026-08-28T01:40:49.374783+00:00,.sh,results,analysis_archive_or_derived_asset,8c7a6c094bbd35792a9081f467d7a1114dbc8254cf7e671224b5a3fb27f4794e,run_merge_fixed10ns.sh,2,/lustre/home/users/ewu/.conda/envs/HB_analysis/bin/python | /lustre/home/users/ewu/vb_gcmc/MD/stage_L20_fixed10ns_vacf_msd_alpha_20260828
results/collective_mode_response/vacf_msd_alpha_88_L20_veryweakNH_nomom_100fs_snapshot/2026-08-28/analyze_l20_snapshot.py,7657,2026-08-28T01:10:37.398823+00:00,.py,results,analysis_archive_or_derived_asset,8015370eb53d1ca133d4a72d7a605ae6ac0f695ac92ded0fec93c4b4cadefa18,analyze_l20_snapshot.py,0,
results/collective_mode_response/vacf_msd_alpha_88_L20_veryweakNH_nomom_100fs_snapshot/2026-08-28/merge_snapshot_ensemble.py,1784,2026-08-28T01:10:37.479355+00:00,.py,results,analysis_archive_or_derived_asset,02f483bb8e62fabb552eb9672b0323cbf59ce7fa41f92a4b3cc8a9be77dfe23d,merge_snapshot_ensemble.py,1,/lustre/home/users/ewu/vb_gcmc/MD/stage_L20_preliminary_vacf_msd_alpha_20260828
results/collective_mode_response/vacf_msd_alpha_88_L20_veryweakNH_nomom_100fs_snapshot/2026-08-28/run_merge_snapshot.sh,346,2026-08-28T01:10:37.614880+00:00,.sh,results,analysis_archive_or_derived_asset,a1110e79b98fa6308d3e4c29ac5b39b774c506595c85f3cb179d3d221e6cddc8,run_merge_snapshot.sh,2,/lustre/home/users/ewu/.conda/envs/HB_analysis/bin/python | /lustre/home/users/ewu/vb_gcmc/MD/stage_L20_preliminary_vacf_msd_alpha_20260828
results/collective_mode_response/vacf_msd_alpha_88_L20_veryweakNH_nomom_100fs_snapshot/2026-08-28/run_snapshot_array.sh,637,2026-08-28T01:10:37.539361+00:00,.sh,results,analysis_archive_or_derived_asset,6c4379a44a98b6cc832e3d9287879c85a8d37a4bdf16f6f5aea97b549d84d2ec,run_snapshot_array.sh,3,/lustre/home/users/ewu/.conda/envs/HB_analysis/bin/python | /lustre/home/users/ewu/vb_gcmc/MD/stage_L20_preliminary_vacf_msd_alpha_20260828 | /lustre/home/users/ewu/vb_gcmc/MD/stage_vacf_tail_8_8_L20_4rep_veryweaknh_nomom_20ns_100fs_20260826
results/collective_mode_response/vacf_msd_alpha_88_L2L20_100fs_comparison/2026-08-28/plot_vacf_1to1000ps_L2L20.py,1951,2026-08-28T01:46:14.464694+00:00,.py,results,analysis_archive_or_derived_asset,cef6dea5f93c1c851084f667fbe9f31c1def44c661138b937e31897fec07593a,plot_vacf_1to1000ps_L2L20.py,0,
results/collective_mode_response/vacf_msd_alpha_88_L2L20_100fs_comparison/2026-08-28/plot_vacf_alpha_100fs_L2L20.py,4617,2026-08-28T01:42:51.400014+00:00,.py,results,analysis_archive_or_derived_asset,18afbca02f0d16b3f3b95ff923a57ea66a2cee747606e8ce464319472a956372,plot_vacf_alpha_100fs_L2L20.py,0,
results/collective_mode_response/vacf_peak_envelope_10L_legacy3_2026-08-24/analyze_positive_peak_envelope.py,2899,2026-08-24T02:06:57.859446+00:00,.py,results,analysis_archive_or_derived_asset,a1b4ddcd0957f14e2ab0de18fb424cdcef7b3b36bca438956f414780e2ce336c,analyze_positive_peak_envelope.py,0,
results/collective_mode_response/vacf_peak_envelope_10L_legacy3_2026-08-24/compare_4L_5L_10L_peak_envelopes.py,2522,2026-08-24T02:12:35.403244+00:00,.py,results,analysis_archive_or_derived_asset,8c6e558e8d9e88b031aae5b5c48597dc29e011b2f73069afd6bb50667b2dd4cc,compare_4L_5L_10L_peak_envelopes.py,0,
results/collective_mode_response/vacf_spectrum_acoustic_matching_2L10L_2026-08-26/analyze_spliced_vacf_spectrum.py,4687,2026-08-26T07:35:09.495056+00:00,.py,results,analysis_archive_or_derived_asset,9f6d69d35d7132a4c697cfb61fce851ca3296f2d7eabbf3b4647c93119b6e405,analyze_spliced_vacf_spectrum.py,0,
results/collective_mode_response/vacf_tail_2L_weakNH_8rep/2026-08-12/analyze_ensemble_vacf.py,4658,2026-08-12T11:10:07+00:00,.py,results,analysis_archive_or_derived_asset,ba6674c24e320fb09d4ee1ae12b51859dbced0f7abc34ebfbfbfa3a77c441098,analyze_ensemble_vacf.py,1,/lustre/home/users/ewu/vb_gcmc/MD/stage_vacf_tail_8_8_2L_8rep_weaknh_20260812
results/collective_mode_response/vacf_tail_2L_weakNH_8rep/2026-08-12/run_analyze_ensemble.sh,391,2026-08-12T11:31:45+00:00,.sh,results,analysis_archive_or_derived_asset,e62668c9577eb2501f95c82980251f04ab403ce53adf0b3201f7eb410197f137,run_analyze_ensemble.sh,1,/lustre/home/users/ewu/vb_gcmc/MD/stage_vacf_tail_8_8_2L_8rep_weaknh_20260812
results/collective_mode_response/vacf_tail_8_8_L10_10fs_8rep_1ns_2026-08-19/plot_alpha_ode_L2L10.py,2528,2026-08-19T17:20:19.439645+00:00,.py,results,analysis_archive_or_derived_asset,8fd9d53994bfcfce071f133343d49d2cd4abd148798b765982af78b5584f8419,plot_alpha_ode_L2L10.py,0,
results/collective_mode_response/vacf_tail_8_8_L10_10fs_8rep_1ns_2026-08-19/rep1/run.sh,381,2026-08-19T17:28:56.416276+00:00,.sh,results,analysis_archive_or_derived_asset,3a8dda375113b29a25b74801954b0b32c4f1ab4838c72fb33a2032e4ab37e107,run.sh,0,
results/collective_mode_response/vacf_tail_8_8_L10_10fs_8rep_1ns_2026-08-19/rep2/run.sh,381,2026-08-19T17:29:09.891208+00:00,.sh,results,analysis_archive_or_derived_asset,510def39f73283a94008da877a41cbc0a21c6341aa048a52545259b6d8f2d3c8,run.sh,0,
results/collective_mode_response/vacf_tail_8_8_L10_10fs_8rep_1ns_2026-08-19/rep3/run.sh,381,2026-08-19T17:28:37.770928+00:00,.sh,results,analysis_archive_or_derived_asset,57ff34b633fb34d5cfcd479475d4ff5d4f9bb75855a4d432d6617a53d291411b,run.sh,0,
results/collective_mode_response/vacf_tail_8_8_L10_10fs_8rep_1ns_2026-08-19/rep4/run.sh,381,2026-08-19T17:29:08.399602+00:00,.sh,results,analysis_archive_or_derived_asset,6ec1c71b65264ed1d7f258d2eecae682f7b63763b6f9af828ae53e1aaf2f5717,run.sh,0,
results/collective_mode_response/vacf_tail_8_8_L10_10fs_8rep_1ns_2026-08-19/rep5/run.sh,381,2026-08-19T19:29:36.341653+00:00,.sh,results,analysis_archive_or_derived_asset,1ffdbbd94206bb67571d383917883e5d54497421b8604bf4023b055cce30893b,run.sh,0,
results/collective_mode_response/vacf_tail_8_8_L10_10fs_8rep_1ns_2026-08-19/rep6/run.sh,381,2026-08-19T19:29:46.884500+00:00,.sh,results,analysis_archive_or_derived_asset,77eaf7d051ce00a7d50038b242489e667eec4712db388ea67aee17e5c800e06e,run.sh,0,
results/collective_mode_response/vacf_tail_8_8_L10_10fs_8rep_1ns_2026-08-19/rep7/run.sh,381,2026-08-19T19:29:33.728323+00:00,.sh,results,analysis_archive_or_derived_asset,45a22247f22553316aa240003b1502749ce94d205deb64305123d90e3525b35d,run.sh,0,
results/collective_mode_response/vacf_tail_8_8_L10_10fs_8rep_1ns_2026-08-19/rep8/run.sh,381,2026-08-19T19:29:13.504338+00:00,.sh,results,analysis_archive_or_derived_asset,bfd703a7caa66f856b536abe2967e936a36d4a21861c5c48fdf0e36776537658,run.sh,0,
results/collective_mode_response/vacf_tail_8_8_L10_10fs_8rep_1ns_2026-08-19/scripts/analyze_cvv_alpha_10L_8rep.py,5793,2026-08-19T13:04:58.039910+00:00,.py,results,analysis_archive_or_derived_asset,a95f522ee6c364c7b2068d0e2a5cb1cc7e9ad7c5aa9b3e28469e8c2cc3f39514,analyze_cvv_alpha_10L_8rep.py,0,
results/collective_mode_response/vacf_tail_8_8_L10_10fs_8rep_1ns_2026-08-19/scripts/run_analyze_cvv_alpha_200ps.sh,481,2026-08-19T15:04:29.196761+00:00,.sh,results,analysis_archive_or_derived_asset,fb1746fcf2134fe159f4a639cde8e97ef35864281e2538500abef1bdad01152a,run_analyze_cvv_alpha_200ps.sh,0,
results/collective_mode_response/vacf_vdos_10fs_all_available/2026-08-18/scripts/analyze_vacf_vdos_welch.py,4936,2026-08-18T09:12:59.969034+00:00,.py,results,analysis_archive_or_derived_asset,cec23bd02f9ab8dbed3762add16a49741dc3105ef3482fadc9a068dc3cc5a2a8,analyze_vacf_vdos_welch.py,0,
results/collective_mode_response/vacf_vdos_10fs_all_available/2026-08-18/scripts/make_vacf_power_spectrum_main_matrix.py,8121,2026-08-18T10:53:43.325637+00:00,.py,results,analysis_archive_or_derived_asset,d6c4bc6fa775b1143506fd13ba6af93daa5af50ac7c3f39bda24e9e7e13c260a,make_vacf_power_spectrum_main_matrix.py,0,
results/collective_mode_response/vacf_vdos_10fs_all_available/2026-08-18/scripts/make_vacf_power_spectrum_matrix.py,7062,2026-08-18T09:19:08.726433+00:00,.py,results,analysis_archive_or_derived_asset,d3c6af89c1d31787581d99f9400599e509ef1779e96442e310ba01c46be8510d,make_vacf_power_spectrum_matrix.py,0,
results/collective_mode_response/vacf_vdos_10fs_all_available/2026-08-18/scripts/run_all_available_10fs_vacf_psd.pbs,1157,2026-08-18T09:12:59.971034+00:00,.pbs,results,analysis_archive_or_derived_asset,78d563b8266c5c53f97c10f41575ecbf9dcdc0270362c0dad9b7e2921476c240,run_all_available_10fs_vacf_psd.pbs,3,/lustre/home/users/ewu/.conda/envs/HB_analysis/bin/python | /lustre/home/users/ewu/vb_gcmc/MD/highfreq_chirality_7_7_15_0_20260720 | /lustre/home/users/ewu/vb_gcmc/MD/stage_vacf_tail_crosschirality_7_7_9_9_L2L5_8rep_weaknh_nomom_2ns_10fs_20260818
results/collective_mode_response/vacf_vdos_10fs_all_available/2026-08-18/scripts/run_main_matrix_missing_40_vacf_psd.pbs,1013,2026-08-18T10:50:22.399033+00:00,.pbs,results,analysis_archive_or_derived_asset,3c275549ea0ad822fdb100cfb31afe798378efa8cfae433a5174b104945b27db,run_main_matrix_missing_40_vacf_psd.pbs,2,/lustre/home/users/ewu/.conda/envs/HB_analysis/bin/python | /lustre/home/users/ewu/vb_gcmc/MD/stage_vacf_tail_crosschirality_7_7_9_9_L2L5_8rep_weaknh_nomom_2ns_10fs_20260818
results/collective_mode_response/vdos_dsf_L2L10_weakNH_zvz/2026-08-13/vdos_dsf_L2L10/scripts/analyze_vdos_dsf_L2L10.py,3420,2026-08-13T13:59:41.372773+00:00,.py,results,analysis_archive_or_derived_asset,4d428c99085ab0c425541348cb1d200d8f1513ef6dc3e784651b8ad37f23268b,analyze_vdos_dsf_L2L10.py,0,
results/collective_mode_response/vdos_dsf_L2L10_weakNH_zvz/2026-08-13/vdos_dsf_L2L10/scripts/plot_vdos_dsf_L2L10.py,1617,2026-08-13T13:59:41.391769+00:00,.py,results,analysis_archive_or_derived_asset,c3fbef081bd2c5ecb69338f51d237259a9f1b0dff10887ee32bd25aba79af112,plot_vdos_dsf_L2L10.py,0,
results/collective_mode_response/vdos_dsf_L2L10_weakNH_zvz/2026-08-13/vdos_dsf_L2L10/scripts/run_analyze_vdos_dsf_L2L10.sh,522,2026-08-13T13:59:41.412765+00:00,.sh,results,analysis_archive_or_derived_asset,084046fe72472c5f113969bc2331a0fddc811ab999ba50f34b0ca706a79c821a,run_analyze_vdos_dsf_L2L10.sh,1,/lustre/home/users/ewu/vb_gcmc/MD/stage_vacf_tail_8_8_L2L10_8rep_weaknh_zvz_20260812
run_analyze_transverse_cjj_kmin_200ps.remote.sh,495,2026-08-18T13:02:00.553334+00:00,.sh,run_analyze_transverse_cjj_kmin_200ps.remote.sh,unclassified_script,5f88fcdf63ab152bd5bd4292664bb78a1693c4f2e7ad0570adabbfbf2e594403,run_analyze_transverse_cjj_kmin_200ps.remote.sh,1,/lustre/home/users/ewu/vb_gcmc/MD/transverse_velocity_5L_10fs_weakNH_nomom_4chirality_20260808/stage_transverse_cjj_kmin_5L_200ps_20260818
scripts/aggregate_1L10L_alpha_cvj_nature.py,5661,2026-08-08T07:15:14.257442+00:00,.py,scripts,canonical_candidate_script,4d13e7e25110851601c65aa29360b2bd929f8cd82d7351575bf2be2dfba30923,aggregate_1L10L_alpha_cvj_nature.py,0,
scripts/aggregate_alpha200_absolute_cvj_nature.py,5783,2026-08-09T04:18:34.587520+00:00,.py,scripts,canonical_candidate_script,3e0ac2f1f58bb966b4d55aa954ba08566debaf00d16ec11ef016ce331271897e,aggregate_alpha200_absolute_cvj_nature.py,0,
scripts/analyze_10L_CJJ_dispersion_n1n6.py,11180,2026-08-27T09:44:37.649628+00:00,.py,scripts,canonical_candidate_script,f5a7ba950b696f962f871919c7881d9b8ff3706ebc005a31d95b768edd51e822,analyze_10L_CJJ_dispersion_n1n6.py,0,
scripts/analyze_10L_tdamp1ns_LA_gamma_n3_n8.py,4437,2026-08-24T22:12:38.748783+00:00,.py,scripts,canonical_candidate_script,47902a81917c58d34fad665158fe85c72cc976cb014459c5f2176b502388fc5e,analyze_10L_tdamp1ns_LA_gamma_n3_n8.py,0,
scripts/analyze_1L10L_lobe_timing_linearity_nature.py,4867,2026-08-08T15:11:43.560794+00:00,.py,scripts,canonical_candidate_script,dc6074bbed8448750a242e6675c67cc26fbb747fa61106cfd390b05a2bbde181,analyze_1L10L_lobe_timing_linearity_nature.py,0,
scripts/analyze_88_10L_LA_zvz_100fs_10ns_8rep.py,7009,2026-08-24T06:23:38.299417+00:00,.py,scripts,canonical_candidate_script,1b68454fa6130974f62de26f031140dbf0c6fa132f02ced5d41e5b6fca1a7cbd,analyze_88_10L_LA_zvz_100fs_10ns_8rep.py,0,
scripts/analyze_88_5L_Wk_block_convergence.py,7218,2026-08-19T06:12:49.309047+00:00,.py,scripts,canonical_candidate_script,e4517a093b84c8464a2ad9b3a85fd880dc0428950b5b940d5b69e25e398c5bcb,analyze_88_5L_Wk_block_convergence.py,0,
scripts/analyze_88_5L_full_dispersion.py,34805,2026-08-30T13:02:21.658986+00:00,.py,scripts,canonical_candidate_script,9b6263d49a64df71a237d10ebd9334254849d8939c7562b74d6b4d367ceb5737,analyze_88_5L_full_dispersion.py,0,
scripts/analyze_88_5L_low_frequency_signed_skw.py,13899,2026-08-19T03:08:12.675211+00:00,.py,scripts,canonical_candidate_script,d04bd3e2c2608e00c88a272010db5eab7db95794cc414d880a3d975c0b656991,analyze_88_5L_low_frequency_signed_skw.py,0,
scripts/analyze_88_5L_mode_weight_n1_n20.py,12484,2026-08-19T06:04:18.084020+00:00,.py,scripts,canonical_candidate_script,05207aa1638c023eb96c95b9d0f83a1f0ffe1b36e18b5575b86410bdc2588e60,analyze_88_5L_mode_weight_n1_n20.py,0,
scripts/analyze_alpha_fit_sensitivity_nature.py,4185,2026-08-09T05:30:20.867790+00:00,.py,scripts,canonical_candidate_script,e6fb9caf8be0b09b24736b753dc99a358d9c3d684cde73773307dfcc2044f5e7,analyze_alpha_fit_sensitivity_nature.py,0,
scripts/analyze_c99_implicit_vacf_matchedk_constructibility.py,15825,2026-08-29T06:20:11.567188+00:00,.py,scripts,canonical_candidate_script,c1f650b0956fe341f13cbd0d518987eead2fba3b9a29728c9a75c299cc9d6b97,analyze_c99_implicit_vacf_matchedk_constructibility.py,0,
scripts/analyze_current_first_rebound_vs_k.py,5537,2026-07-30T10:17:12.009620+00:00,.py,scripts,canonical_candidate_script,267c1ce8b9e596ee7f655a8f712be9aee5378b71aff902f419b2ac1e9dce88c2,analyze_current_first_rebound_vs_k.py,0,
scripts/analyze_fs_wavevector_scan.py,5950,2026-07-19T07:07:29.180658+00:00,.py,scripts,canonical_candidate_script,a6e55ff86131dd0d091c5e913e57252f6e421ce1822433453e478e3f3661a17c,analyze_fs_wavevector_scan.py,0,
scripts/analyze_full_kz_static_longitudinal.py,5403,2026-08-09T13:22:47.753646+00:00,.py,scripts,canonical_candidate_script,bc4b8081f99ca5d135d3f40bcae8bead70925026781482bfc8af5f9822843cbb,analyze_full_kz_static_longitudinal.py,0,
scripts/analyze_fullwater_Pz_time_acf.py,3380,2026-08-24T10:02:49.043457+00:00,.py,scripts,canonical_candidate_script,4e670ed628567dda5f94f59358f877f8b411dc1ac680c786d77e98ccc1c31563,analyze_fullwater_Pz_time_acf.py,0,
scripts/analyze_implicitC88_LA_Gamma0_from_SJJ.py,4619,2026-08-24T22:12:38.751781+00:00,.py,scripts,canonical_candidate_script,dc09cf3db9246f941cb9af0e9f0dc1031800176ddaf3609922b6fb965ff830ab,analyze_implicitC88_LA_Gamma0_from_SJJ.py,0,
scripts/analyze_implicitC88_transverse_SJJ.py,5162,2026-08-24T22:12:38.780351+00:00,.py,scripts,canonical_candidate_script,469339889173b6b5927f066bd6488e30e59779f0212c78f2608caa13fbaf7acf,analyze_implicitC88_transverse_SJJ.py,0,
scripts/analyze_implicitCNT_TAtheta_linewidth.py,10108,2026-08-24T06:54:50.623556+00:00,.py,scripts,canonical_candidate_script,69295104f26c13c9308e3db977276ff7973c76aa2fa0688966fd2afa1c5d5110,analyze_implicitCNT_TAtheta_linewidth.py,0,
scripts/analyze_implicit_matched_k_dho_damping.py,12782,2026-08-28T15:42:24.557257+00:00,.py,scripts,canonical_candidate_script,04c840650925d66aa03e01847010574986eb1d749a4f5ce89de694ea558de7d5,analyze_implicit_matched_k_dho_damping.py,0,
scripts/analyze_implicit_nve_thermo_drift.py,4167,2026-08-25T02:23:41.121991+00:00,.py,scripts,canonical_candidate_script,d987bff807ade479032f816771d97142b22b0e76d71ce7d20a8ca08d55490561,analyze_implicit_nve_thermo_drift.py,0,
scripts/analyze_k0_axial_current_10L_8rep.py,6425,2026-08-24T08:09:29.266454+00:00,.py,scripts,canonical_candidate_script,b30ee7efe771df642aa400e952530ea2e8895bb2f7db43fafa8bac44e6048626,analyze_k0_axial_current_10L_8rep.py,0,
scripts/analyze_kz_transverse_exploratory.py,5476,2026-08-09T04:10:40.732806+00:00,.py,scripts,canonical_candidate_script,81588f2d8b69c84988c4853614eac0c71c2aaf464f85b24041c4a5eb0a387ba2,analyze_kz_transverse_exploratory.py,0,
scripts/analyze_lowfreq_alphaz_cvj_association.py,5443,2026-08-06T07:26:40.833438+00:00,.py,scripts,canonical_candidate_script,6d2a7c0746c2ba2c846a5a0595f8d9e3a517b935895a7efd3414fc39b9a91330,analyze_lowfreq_alphaz_cvj_association.py,0,
scripts/analyze_lowfreq_cvj_n1.py,4492,2026-08-06T09:06:00.543176+00:00,.py,scripts,canonical_candidate_script,63a0243fe5287c4b918e5859f0732b4aaa8c4789c9372701ca70b37a48b26540,analyze_lowfreq_cvj_n1.py,0,
scripts/analyze_lowfreq_msd_loglog_decade.py,4383,2026-08-21T09:31:57.551044+00:00,.py,scripts,canonical_candidate_script,992f3ed2c8f9be1a8e24fcf93be9a1efbee55bfec8a7dfedeb87877f752c44c1,analyze_lowfreq_msd_loglog_decade.py,0,
scripts/analyze_matched_k_5L_10L_protocolmatched.py,22673,2026-08-28T12:31:10.082282+00:00,.py,scripts,canonical_candidate_script,311e25b221f50c5b019375e9675c9e99bfb1ba93ed846c16bf965a6bf13f952c,analyze_matched_k_5L_10L_protocolmatched.py,0,
scripts/analyze_multirep_tatheta_nve.py,6017,2026-08-24T07:47:52.525448+00:00,.py,scripts,canonical_candidate_script,42cacd65c0f41bec14ebf88d41581c979daa3415cd4089a721d737ffcd68a7a4,analyze_multirep_tatheta_nve.py,0,
scripts/analyze_vacf_integral_lockin.py,6463,2026-08-06T03:40:20.696581+00:00,.py,scripts,canonical_candidate_script,543ead26e0ddf7742658451d6b63bdc2b46545cdc62d39d908624ab6b1edd57c,analyze_vacf_integral_lockin.py,0,
scripts/analyze_vacf_tail.py,8850,2026-08-21T10:02:46.858158+00:00,.py,scripts,canonical_candidate_script,355b720f98befd083aa5438c305b3d596ca5c610fb5287bdaa8abd2c1a9fa7f4,analyze_vacf_tail.py,0,
scripts/analyze_windowed_alpha_from_allorigin_vacf.py,5223,2026-08-21T03:01:54.646685+00:00,.py,scripts,canonical_candidate_script,89aa2cf6415fd011975e80c24d5ab165e8ee7d543addd986ac301af60e3c5691,analyze_windowed_alpha_from_allorigin_vacf.py,0,
scripts/archive_C99_N800_static_W_1ps20ns.py,3562,2026-08-30T13:59:40.394559+00:00,.py,scripts,canonical_candidate_script,a6e96b9e775e3fa5d0c7fb29ef4b8b03de86e9130e952c4121777effd2f96542,archive_C99_N800_static_W_1ps20ns.py,1,/lustre/home/users/ewu/vb_gcmc/MD/stage_C99_static_W_lowk_1ps_20ns_20260830
scripts/archive_C99_earlytime_highk_measured_kernel.py,7029,2026-08-30T07:18:15.492810+00:00,.py,scripts,canonical_candidate_script,6a587291d4e15bbb5466558e2f31bd91e9e0b5d52da012a9a1c40380fa909635,archive_C99_earlytime_highk_measured_kernel.py,1,/lustre/home/users/ewu/vb_gcmc/MD/stage_C99_earlytime_highk_measured_kernel_20260830
scripts/archive_absolute_cvj_C0_scaling.py,1246,2026-08-09T05:46:38.959889+00:00,.py,scripts,canonical_candidate_script,00268f82aa9dadf269998cc702ae1bb6f620f0f41cb76faa609c70ef3654e76d,archive_absolute_cvj_C0_scaling.py,0,
scripts/archive_plot_full_kz_transverse.py,5561,2026-08-09T13:18:20.233421+00:00,.py,scripts,canonical_candidate_script,275e2384d75990667ad961c0bbadd9c6c5f2edef788ed55dd874427be3c0640c,archive_plot_full_kz_transverse.py,0,
scripts/archive_plot_static_longitudinal.py,6212,2026-08-09T16:41:35.489893+00:00,.py,scripts,canonical_candidate_script,6b5ce38b308c269c7392b9cf1b57f53e5f69189276cd6507b9540b2e34c1425f,archive_plot_static_longitudinal.py,0,
scripts/audit_10L_area_linear_vs_lambda.py,4658,2026-08-13T01:56:14.280792+00:00,.py,scripts,canonical_candidate_script,5c94cb18a3754f6ae7c55d8745d0ee47a2d996fd08af85d6727afa7cad1af1b8,audit_10L_area_linear_vs_lambda.py,0,
scripts/audit_CJJ53_sampling_frequency_statistics.py,6358,2026-08-31T01:57:48.333915+00:00,.py,scripts,canonical_candidate_script,5079302e9b152c5ad239bdd4557e3d2e1ba7b059e9cd888c2bbd3af5339bf460,audit_CJJ53_sampling_frequency_statistics.py,0,
scripts/audit_cjj_k1_10L.py,1750,2026-08-20T08:37:58.223507+00:00,.py,scripts,canonical_candidate_script,8083595e08104168712960d546c3e7a5027e0d3fe35376f4240180f2c1600f9d,audit_cjj_k1_10L.py,0,
scripts/audit_cjj_normalization_definitions_nature.py,1979,2026-08-12T11:48:28.010520+00:00,.py,scripts,canonical_candidate_script,14f34cfa031f806e23e284b5e71d03a2a17804b27e474c5e4fc3af8c5de74566,audit_cjj_normalization_definitions_nature.py,0,
scripts/audit_dump_assets.py,5075,2026-08-20T03:08:25.710069+00:00,.py,scripts,canonical_candidate_script,077a824cc5e6121262d79bc0574ff27565d71dfaa9292402877c666fd5ab6109,audit_dump_assets.py,0,
scripts/audit_fullwater_orbital_Lz.py,8281,2026-08-24T07:50:39.191608+00:00,.py,scripts,canonical_candidate_script,3bf659dd5d9f5a08f8172c536da240ad227bf3c4e71a6d45bfc1779aadbf0af3,audit_fullwater_orbital_Lz.py,0,
scripts/audit_matched_k_crosslength_LA_weights.py,7381,2026-08-28T10:07:02.753962+00:00,.py,scripts,canonical_candidate_script,6def8221975169df6ffeaf2faceb370921a8dc3cacb1002aefa4bc1b78d4a8e9,audit_matched_k_crosslength_LA_weights.py,0,
scripts/audit_oxygen_orbital_Lz.py,5919,2026-08-24T06:43:12.832555+00:00,.py,scripts,canonical_candidate_script,374e82c68b112b7367f5021f6f55f1e2ff607d1d44bd01a546c7c55214305522,audit_oxygen_orbital_Lz.py,0,
scripts/build_C99_CJJ53_multirate_extension.py,7509,2026-08-31T01:47:56.999083+00:00,.py,scripts,canonical_candidate_script,6b1a84ce605459c250e7841272be1d9f9a53c8c8f9ff2bdf3e4abc7c47084db9,build_C99_CJJ53_multirate_extension.py,0,
scripts/build_vacf_alpha_88_L2L10_8rep_figures.py,10907,2026-08-21T02:48:54.165513+00:00,.py,scripts,canonical_candidate_script,4a2834d03c24d244e56a1b95835c27161a210f96b3901261f4175682381e29ef,build_vacf_alpha_88_L2L10_8rep_figures.py,0,
scripts/check_ccfep_storage_20L_vacf.py,757,2026-08-25T15:40:20.702362+00:00,.py,scripts,canonical_candidate_script,1767a96708435f2b966be5951683b21c8694d3cb83365fb48b8e7d9320308c6f,check_ccfep_storage_20L_vacf.py,1,/lustre/home/users/ewu/vb_gcmc/MD/stage_vacf_tail_8_8_L10_8rep_continue10ns_100fs_tdamp1ns_20260823
scripts/compact_tabular_assets.py,6178,2026-08-20T02:52:08.570595+00:00,.py,scripts,canonical_candidate_script,8efd8b3fdf38b59914d03f1ecbe1f062ae175a5eb85a4df22161fac3e8b8550d,compact_tabular_assets.py,0,
scripts/compare_5L_10L_allmode_lobes.py,4283,2026-08-12T13:05:13.396191+00:00,.py,scripts,canonical_candidate_script,76daf04a6fb0988c09783f399e97fa22c9e7c0a0d9b8f6656453f88faa8228d1,compare_5L_10L_allmode_lobes.py,0,
scripts/compare_88_baseline_weaknh_and_10L_lobes.py,6230,2026-08-12T12:37:28.272226+00:00,.py,scripts,canonical_candidate_script,4146e58ba17c794951fa799fccedae4af1ae7d00cb134d42ffe834c9c310e84e,compare_88_baseline_weaknh_and_10L_lobes.py,0,
scripts/compare_cjj_10fs_100fs_matched_k.py,2385,2026-08-20T08:40:27.144851+00:00,.py,scripts,canonical_candidate_script,af8ecd31111fca33ced5b3f113445913ef39c14985e1bb00a86c8ecdbf7ddc32,compare_cjj_10fs_100fs_matched_k.py,0,
scripts/compare_implicit_old_tatheta_fixed_exponents.py,2322,2026-08-25T02:38:15.222059+00:00,.py,scripts,canonical_candidate_script,871cf1c06f9f65c325edbac9f5753d600e0bb651e290e5779c5b2bbdf86b4488,compare_implicit_old_tatheta_fixed_exponents.py,0,
scripts/diagnose_88_10L_invk_lobe_scaling.py,3638,2026-08-12T12:59:44.766757+00:00,.py,scripts,canonical_candidate_script,9857e5409da86f7a65d4a97ad16c932de4d2911fa676313e5be4374645ba241a,diagnose_88_10L_invk_lobe_scaling.py,0,
scripts/extract_fullwater_Pz_timeseries.py,2209,2026-08-24T08:53:05.138909+00:00,.py,scripts,canonical_candidate_script,8df08cffeae8154bf761d4b1fa72b64e79fcb846df0cf1bfea822e6347c2be28,extract_fullwater_Pz_timeseries.py,0,
scripts/extract_lammps_dump_frames.py,2441,2026-08-09T03:13:16.293703+00:00,.py,scripts,canonical_candidate_script,364afb9d008316bd6adcf57bd2c71028ecde3251332b1e3850200ba1e5e6bd8a,extract_lammps_dump_frames.py,0,
scripts/find_remote_88_L20_sources.py,560,2026-08-25T15:41:53.520155+00:00,.py,scripts,canonical_candidate_script,6b58731afb75a94c31108a9df3bf6da2fec4c04616e7ec2888134bc673edc70a,find_remote_88_L20_sources.py,1,/lustre/home/users/ewu/vb_gcmc/MD
scripts/fit_88_10L_LA_linewidth_powerlaw.py,16814,2026-08-24T04:53:57.123669+00:00,.py,scripts,canonical_candidate_script,c9014fb50c6d375283b9114a967a1647609f2b26e1912ec9c5547272ece57275,fit_88_10L_LA_linewidth_powerlaw.py,1,/lustre/home/users/ewu/vb_gcmc/MD/full_velocity_10fs_1ns_assets_2L5L10L_20260819/allmode_cjj_analysis_20260819/outputs/88_L10
scripts/fit_88_10L_TAr_DHO_linewidth.py,6200,2026-08-24T06:18:29.720231+00:00,.py,scripts,canonical_candidate_script,adc7715066262efa08b4ac28500dfe1c39ff2c524b192be5e20e83c7b932999e,fit_88_10L_TAr_DHO_linewidth.py,0,
scripts/fit_88_10L_TAtheta_zeropeak_linewidth.py,15736,2026-08-24T05:58:56.253911+00:00,.py,scripts,canonical_candidate_script,e355c00ced970af4282b7399b2711cf97bce1f34942771dc9cd78f06d8036efb,fit_88_10L_TAtheta_zeropeak_linewidth.py,0,
scripts/fit_explicit_LA_gamma0_plus_powerlaw.py,3668,2026-08-24T09:00:03.343096+00:00,.py,scripts,canonical_candidate_script,0e9a2e25842ce804de910b910b4fc8656686aaf4be87538f98e85b4d8a4546bb,fit_explicit_LA_gamma0_plus_powerlaw.py,0,
scripts/maintenance/inventory_collective_modes.py,8348,2026-09-02T05:27:30.182660+00:00,.py,scripts,canonical_candidate_script,2ea5fa060441cfafc20532136052550ac4f01e7005f3db2f58dde96f616c8134,inventory_collective_modes.py,0,
scripts/make_dsf_kmin_10fs_asset_matrix.py,9829,2026-08-18T09:08:49.932245+00:00,.py,scripts,canonical_candidate_script,bb1e0f79299d05ed6f97369181bb3b3d44994820393e8aa3c47ee9f1a7cad043,make_dsf_kmin_10fs_asset_matrix.py,0,
scripts/make_flexible_fixed_mode_comparison_20260810.py,9133,2026-08-10T02:04:28.587166+00:00,.py,scripts,canonical_candidate_script,c222b533dd8b4f806b1fd15fc44c881af32e0d305723ece92c6bde26fac88fe9,make_flexible_fixed_mode_comparison_20260810.py,0,
scripts/merge_vacf_88_L2L5_8rep.py,5907,2026-08-21T02:43:19.856817+00:00,.py,scripts,canonical_candidate_script,00a06d2bc278a0801301b20416ce6588b90536d8426d279784f8430b54bbf5ba,merge_vacf_88_L2L5_8rep.py,0,
scripts/plot_5L10L_cvj_lobe_audit_nature.py,4690,2026-08-09T01:12:27.841283+00:00,.py,scripts,canonical_candidate_script,c77f5f2524c3611a13559019a1ea271ff6ee9bcb62fe5d79e35e674b5e5a5f87,plot_5L10L_cvj_lobe_audit_nature.py,0,
scripts/plot_88_5L_per_k_semilog_Skw.py,6320,2026-08-19T14:07:48.808022+00:00,.py,scripts,canonical_candidate_script,357d2890cea35f6fec969795cc24b5d259ffa00db70d5a507ec206c288a613d0,plot_88_5L_per_k_semilog_Skw.py,0,
scripts/plot_88_5L_semilog_Skw.py,7284,2026-08-19T14:00:16.446312+00:00,.py,scripts,canonical_candidate_script,2a878070e51c3f0b6d457dbb82197873dc5b773733c80f4e5cc5431723456166,plot_88_5L_semilog_Skw.py,0,
scripts/plot_88_5L_tatheta_low_frequency.py,8798,2026-08-19T03:21:45.959162+00:00,.py,scripts,canonical_candidate_script,5272befa57be207423c7ebf62dff8fc8a26cbae2507aec3b2f18085dd2a82423,plot_88_5L_tatheta_low_frequency.py,0,
scripts/plot_88_L5_nvecsvr_alpha_protocol_compare.py,4259,2026-08-21T09:43:11.709040+00:00,.py,scripts,canonical_candidate_script,113ea404d37ba8782e516406aef34ac09832b8b22bd1678c083b8372ff867723,plot_88_L5_nvecsvr_alpha_protocol_compare.py,0,
scripts/plot_88_all_10L_modes_invk_lobes.py,4895,2026-08-12T13:08:24.138465+00:00,.py,scripts,canonical_candidate_script,f253ae0cb9d6d5985d1fc93ac3415cf31f9c80b63f18c9e4839370edbdf9195f,plot_88_all_10L_modes_invk_lobes.py,0,
scripts/plot_88_n1_baseline_lobe_metrics_nature.py,3156,2026-08-12T12:34:42.403054+00:00,.py,scripts,canonical_candidate_script,da49077fada0a6f7ae33717cbc8ae7517f77c61587eafbc4d480f14a02dd357e,plot_88_n1_baseline_lobe_metrics_nature.py,0,
scripts/plot_88_n1_lobe_duration_shape_depth_nature.py,6548,2026-08-12T12:02:30.586291+00:00,.py,scripts,canonical_candidate_script,298f5a70b6212012958cf526b5ad8471857d36a4a9c38ec3770c9ff97c90dba7,plot_88_n1_lobe_duration_shape_depth_nature.py,0,
scripts/plot_88_n1_stitched_baseline_10L_lobe_metrics.py,3818,2026-08-12T12:46:52.204116+00:00,.py,scripts,canonical_candidate_script,b37daf72c59eca889a40c137837e5b3e0a72c752480be44d3f47f7fb3881e9c3,plot_88_n1_stitched_baseline_10L_lobe_metrics.py,0,
scripts/plot_C88_C99_longitudinal_quality_factor.py,3049,2026-08-31T02:36:17.430686+00:00,.py,scripts,canonical_candidate_script,5cd7a61775b5e5e8a9362b62dd435862d1a0c481bb77ae6e1922f83177eeb7d9,plot_C88_C99_longitudinal_quality_factor.py,0,
scripts/plot_N800_lowk_CJJ_100fs_vs_1ps.py,5989,2026-08-31T02:30:58.963336+00:00,.py,scripts,canonical_candidate_script,b7fde26b63b0227f354be0530c52a4168019ca4ca5b0e7da9795b168fbd3be29,plot_N800_lowk_CJJ_100fs_vs_1ps.py,0,
scripts/plot_alphaz_loglog_decade_nature.py,4496,2026-08-06T04:50:03.375403+00:00,.py,scripts,canonical_candidate_script,b01937c38acd9da5a2bd9f8cfc2914b20dec7c7da482db870c6d60c22e30f980,plot_alphaz_loglog_decade_nature.py,0,
scripts/plot_alphaz_minima_vs_length_nature.py,3256,2026-08-06T04:42:57.517370+00:00,.py,scripts,canonical_candidate_script,633613ffb3a0324606e4e971c1492a06a0e8c0a04b34c1cb716585076279e644,plot_alphaz_minima_vs_length_nature.py,0,
scripts/plot_crosschirality_cvj_n1_lobe_scaling_nature.py,6894,2026-08-06T08:58:35.131320+00:00,.py,scripts,canonical_candidate_script,e8e66edb9839ab414088589d6a2cdd26243c92f06bba7ea922edc7cb73506572,plot_crosschirality_cvj_n1_lobe_scaling_nature.py,0,
scripts/plot_cvj_n1_lobe_normalization_nature.py,4382,2026-08-06T07:31:30.795675+00:00,.py,scripts,canonical_candidate_script,0e886fbf504ea391decbd24df61111ba959fd14c1a41a31ce5beca5095320625,plot_cvj_n1_lobe_normalization_nature.py,0,
scripts/plot_cvj_normalized_lobe_2L10L_nature.py,2934,2026-08-12T11:29:56.302737+00:00,.py,scripts,canonical_candidate_script,874ab031206fb9d689ff383c40dcbca587b580b503cab301a1d374e9a599eb4c,plot_cvj_normalized_lobe_2L10L_nature.py,0,
scripts/plot_isf_2L5L_overview.py,4469,2026-08-20T06:50:57.793440+00:00,.py,scripts,canonical_candidate_script,a85e1ea867f68451fe8c7b2fb49c23899eb5c5d1f3af7acc24a47ed5949f28f6,plot_isf_2L5L_overview.py,0,
scripts/plot_isf_2L_3L_demo.py,5857,2026-07-19T06:20:16.099251+00:00,.py,scripts,canonical_candidate_script,3c219dbbe3f7c7b8f2aed92bbfeff31beb09a73738232ce436b41df402ff844c,plot_isf_2L_3L_demo.py,0,
scripts/plot_isf_components_lowk.py,2222,2026-08-20T08:30:21.284596+00:00,.py,scripts,canonical_candidate_script,7b44113f8c9d1e48f8597b3ffea63815d5d8236681518fbb3ea132a5e06fe912,plot_isf_components_lowk.py,0,
scripts/plot_isf_kseries_preview.py,2159,2026-08-20T07:54:38.017756+00:00,.py,scripts,canonical_candidate_script,590746e04fea819ee1f9c25909c997e6c4e8b5e05bd492bad6bffd0702c98791,plot_isf_kseries_preview.py,0,
scripts/plot_kz_transverse_exploratory.py,3419,2026-08-09T03:36:20.660492+00:00,.py,scripts,canonical_candidate_script,e6aee959a6b84993077e54a2b35509d66abc9aa35fc81c44baac91d0ada67003,plot_kz_transverse_exploratory.py,0,
scripts/plot_local_10L_CJJ_Skw_dispersion_n1n6.py,7143,2026-08-27T09:49:10.517862+00:00,.py,scripts,canonical_candidate_script,cae913f247ec365173f13ac3d5f6dac14a12c3876c110ea35b7a8a1abd959f83,plot_local_10L_CJJ_Skw_dispersion_n1n6.py,0,
scripts/plot_lowfreq_alphaz_loglog_decade_nature.py,3847,2026-08-06T06:25:27.574957+00:00,.py,scripts,canonical_candidate_script,eccb6aabd1a8ef23a880756f2d22b4f2bcadbaa92ebb4e04f0dee38a1f099098,plot_lowfreq_alphaz_loglog_decade_nature.py,0,
scripts/plot_lowfreq_crosschirality_indicative.py,3417,2026-08-06T03:32:45.636162+00:00,.py,scripts,canonical_candidate_script,bd9b5e0e07af202d8a34d8b38eacb98a23a64aa707c6150ba7b300163fb68f95,plot_lowfreq_crosschirality_indicative.py,0,
scripts/plot_lowfreq_crosschirality_vacf_tail_nature.py,3510,2026-08-06T03:59:10.451976+00:00,.py,scripts,canonical_candidate_script,ebf2066e523921b8bea03952239a8ab976fffbd40b742b50c13718402779572d,plot_lowfreq_crosschirality_vacf_tail_nature.py,0,
scripts/plot_vacf_integral_lockin_nature.py,5008,2026-08-06T04:29:25.978009+00:00,.py,scripts,canonical_candidate_script,b22a8170859578bedd5b645407dd510200b6aca5a323652fc04dac2ffe5c978b,plot_vacf_integral_lockin_nature.py,0,
scripts/plot_vacf_tail_protocol_comparison.py,4476,2026-08-06T02:53:36.294023+00:00,.py,scripts,canonical_candidate_script,e586ead83640a955ec81d0b7781b25f31d33b0432680e26708d4df985c295bf5,plot_vacf_tail_protocol_comparison.py,0,
scripts/rebuild_axial_isf.py,7886,2026-08-20T06:55:00.282829+00:00,.py,scripts,canonical_candidate_script,0d0fb4dbd76a2504e336a9fa00ac395eb90b2bc7a54c46eade8529285a81dce7,rebuild_axial_isf.py,0,
scripts/rebuild_collective_isf_kseries.py,6127,2026-08-20T07:25:52.461237+00:00,.py,scripts,canonical_candidate_script,ef2eb887aa1cfe68deb0342b3180a7a318161d3a45254a61073e15c88a82986d,rebuild_collective_isf_kseries.py,0,
scripts/rebuild_isf_components_sampled.py,4544,2026-08-20T08:12:09.473243+00:00,.py,scripts,canonical_candidate_script,967ad00af1364269e3c9c9048de104bbdb88df3bf2928473379bb1b2ff70fe3d,rebuild_isf_components_sampled.py,0,
scripts/reconcile_88_baseline_vs_weaknh_cjj_n1.py,3127,2026-08-12T12:17:30.993974+00:00,.py,scripts,canonical_candidate_script,994e3b0257d8fb820fa9891128d4678efefcf36cb4c1229ef3d23a55756946f2,reconcile_88_baseline_vs_weaknh_cjj_n1.py,0,
scripts/replot_88_5L_dispersion_summary.py,2912,2026-08-19T02:24:02.652862+00:00,.py,scripts,canonical_candidate_script,908e6a2404407789d2d0a9c7aaf90c6e7f341155291b300c712e47fc232687ad,replot_88_5L_dispersion_summary.py,0,
scripts/replot_88_5L_low_frequency_density_vs_LA.py,3926,2026-08-19T03:09:56.807172+00:00,.py,scripts,canonical_candidate_script,efb194569958395208b9f75e266d36631a49b5cc7c6045bfd79157b13b996aa9,replot_88_5L_low_frequency_density_vs_LA.py,0,
scripts/run_fullwater_Lz_audit_88L5_4rep_CCFEP.sh,955,2026-08-24T06:50:29.211721+00:00,.sh,scripts,canonical_candidate_script,74aa3fb9d25580d57f67cb74d2af1a44c31afbb5f101a8d36f63d16bebe5e340,run_fullwater_Lz_audit_88L5_4rep_CCFEP.sh,2,/lustre/home/users/ewu/.conda/envs/HB_analysis/bin/python | /lustre/home/users/ewu/vb_gcmc/MD/stage_vacf_tail_8_8_L2L5_4rep_weaknh_nomom_10ns_100fs_20260821
scripts/run_fullwater_Pz_audit_88L5_4rep_CCFEP.sh,970,2026-08-24T07:41:33.293918+00:00,.sh,scripts,canonical_candidate_script,08318d0ef2d2cd4de9d35b734059e21e5d1626a5276920332a6ffeaf69ff181d,run_fullwater_Pz_audit_88L5_4rep_CCFEP.sh,2,/lustre/home/users/ewu/.conda/envs/HB_analysis/bin/python | /lustre/home/users/ewu/vb_gcmc/MD/stage_vacf_tail_8_8_L2L5_4rep_weaknh_nomom_10ns_100fs_20260821
scripts/run_implicit_C88_N1600_TAtheta_CCFEP.sh,777,2026-08-24T06:55:05.058712+00:00,.sh,scripts,canonical_candidate_script,719c3e3e0e36ba54aaedaec8c67fd324b61ecc9dfb25389e7c2788e0b7dfea0d,run_implicit_C88_N1600_TAtheta_CCFEP.sh,2,/lustre/home/users/ewu/.conda/envs/HB_analysis/bin/python | /lustre/home/users/ewu/vb_gcmc/MD/N1600_weakNH_6ns
scripts/run_remote_vacf_rep4_8_20260820.sh,1635,2026-08-21T02:35:55.891678+00:00,.sh,scripts,canonical_candidate_script,29f31e695bff94190af5b23dac81d5ebb1b98cf4c8926d330c62212df7492e10,run_remote_vacf_rep4_8_20260820.sh,2,/lustre/home/users/ewu/vb_gcmc/MD/stage_vacf_tail_8_8_L2L5_extra5rep_weaknh_nomom_1ns_10fs_20260820_v2 | /lustre/home/users/ewu/vb_gcmc/MD/stage_vacf_tail_8_8_L2L5_extra5rep_weaknh_nomom_1ns_10fs_20260820_v2/vacf_analysis_allorigins_20260821/outputs
scripts/summarize_C99_static_vertex_lowk_block_audit.py,6883,2026-08-29T11:17:39.396793+00:00,.py,scripts,canonical_candidate_script,dfbec11996082019dde37d7a21a5be1bf171b014daa13b021c0fed0669d12f1c,summarize_C99_static_vertex_lowk_block_audit.py,0,
scripts/summarize_implicit_C88_static_vertex_partial.py,9155,2026-08-31T03:53:38.546871+00:00,.py,scripts,canonical_candidate_script,3e548c53b7ac7c2eda3b4341891e481e2268c67e8749c4658efd2d9bb4d412c5,summarize_implicit_C88_static_vertex_partial.py,1,/lustre/home/users/ewu/vb_gcmc/MD/stage_implicit_C88_static_vertex_VACF_20260831
scripts/summarize_isf_2L_3L_demo.py,7979,2026-07-19T06:17:03.901232+00:00,.py,scripts,canonical_candidate_script,8e2008abc78bd16d02c6ed092d04b1a3c0ed063e802b38e7f069947f5f6558e8,summarize_isf_2L_3L_demo.py,0,
scripts/test_10L_depth_log_vs_saturation.py,3868,2026-08-12T13:09:55.339426+00:00,.py,scripts,canonical_candidate_script,a6c46aab0dd4ab9caa0696982595018da985cdb4a2a2152a7b30c7a431d5d51a,test_10L_depth_log_vs_saturation.py,0,
scripts/test_10L_lobe_area_lambda_collapse.py,4357,2026-08-13T01:14:54.455062+00:00,.py,scripts,canonical_candidate_script,f18dafb1634d4d5338154f0ab639b167130ae41e2225dcb4b25d3f0236698988,test_10L_lobe_area_lambda_collapse.py,0,
scripts/test_decom_msd_L_collapse_nature.py,3373,2026-08-09T05:26:18.730744+00:00,.py,scripts,canonical_candidate_script,9887457a6dd1ce1535c885b58d0a1e792d856631b6b6949a5fa7de8f70fb5b85,test_decom_msd_L_collapse_nature.py,0,
stage_10L_alpha_cvj_crosschirality_20260808/analyze_msd_alpha_cvj.py,5657,2026-08-09T01:13:35.401613+00:00,.py,stage_10L_alpha_cvj_crosschirality_20260808,stage_or_exploratory_snapshot,f525ac46ca574603261216e323fc33be29f385f6188746de2484111b495bfb28,analyze_msd_alpha_cvj.py,0,
stage_10L_alpha_cvj_crosschirality_20260808/run_17_0.sh,959,2026-08-08T03:41:42.177636+00:00,.sh,stage_10L_alpha_cvj_crosschirality_20260808,stage_or_exploratory_snapshot,794569517282d59937f257b1b82ec1db2c0760ffbab7107dc06605e39d1661b3,run_17_0.sh,2,/lustre/home/users/ewu/vb_gcmc/MD/viscfric_length_88_RH75_20260731/rethermalized_weakNH_nomom_cross_chirality_1L5L_2rep_20260804 | /lustre/home/users/ewu/vb_gcmc/MD/viscfric_length_all_chirality_RH75_20260806/long_weakNH_nomom_10L_100fs_10ns_3rep_20260806
stage_10L_alpha_cvj_crosschirality_20260808/run_7_7.sh,954,2026-08-08T03:41:03.812752+00:00,.sh,stage_10L_alpha_cvj_crosschirality_20260808,stage_or_exploratory_snapshot,3ddd952da0d881c4ecbe720e49242239ef31b34857adfd5ab8ebe50ae7ce4295,run_7_7.sh,2,/lustre/home/users/ewu/vb_gcmc/MD/viscfric_length_88_RH75_20260731/rethermalized_weakNH_nomom_cross_chirality_1L5L_2rep_20260804 | /lustre/home/users/ewu/vb_gcmc/MD/viscfric_length_all_chirality_RH75_20260806/long_weakNH_nomom_10L_100fs_10ns_3rep_20260806
stage_10L_alpha_cvj_crosschirality_20260808/run_8_8.sh,953,2026-08-08T03:41:39.256367+00:00,.sh,stage_10L_alpha_cvj_crosschirality_20260808,stage_or_exploratory_snapshot,eed52d6a352f125f3c603d03b521e6149698885f4e8e8c9a31d22f20ad94ee68,run_8_8.sh,2,/lustre/home/users/ewu/vb_gcmc/MD/viscfric_length_88_RH75_20260731/matched_10fs_rethermalized_weakNH_no_momentum_1L5L_20260804 | /lustre/home/users/ewu/vb_gcmc/MD/viscfric_length_all_chirality_RH75_20260806/long_weakNH_nomom_10L_100fs_10ns_3rep_20260806
stage_10L_alpha_cvj_crosschirality_20260808/run_9_9.sh,1093,2026-08-08T03:41:44.678380+00:00,.sh,stage_10L_alpha_cvj_crosschirality_20260808,stage_or_exploratory_snapshot,9e81375e8939298c3cef629132eff42a0692f118f90011a135562ed85adb26ab,run_9_9.sh,2,/lustre/home/users/ewu/vb_gcmc/MD/viscfric_length_88_RH75_20260731/rethermalized_weakNH_nomom_cross_chirality_1L5L_2rep_20260804 | /lustre/home/users/ewu/vb_gcmc/MD/viscfric_length_all_chirality_RH75_20260806/long_weakNH_nomom_10L_100fs_10ns_3rep_20260806
stage_10L_decom_msd_stability_20260809/export_10L_decom_msd.py,2654,2026-08-09T14:26:43.982674+00:00,.py,stage_10L_decom_msd_stability_20260809,stage_or_exploratory_snapshot,88d996fea11f8fdbc4aec3dc3639a4e6eb6aef067b8ca8c14a138adf16618d33,export_10L_decom_msd.py,0,
stage_10L_decom_msd_stability_20260809/run.sh,638,2026-08-09T14:26:43.984674+00:00,.sh,stage_10L_decom_msd_stability_20260809,stage_or_exploratory_snapshot,491cb3e648f88248d490f25be2f1522834ba074f1f92cf06ab27a4c4873eb26a,run.sh,1,/lustre/home/users/ewu/vb_gcmc/MD/viscfric_length_all_chirality_RH75_20260806/long_weakNH_nomom_10L_100fs_10ns_3rep_20260806
stage_10L_stationarity/analyze_10L_cvv_timeblocks.py,1948,2026-08-14T02:26:31.363634+00:00,.py,stage_10L_stationarity,stage_or_exploratory_snapshot,795b21016ad0e4b87ffa47939818a2df4631ee1805c7324cdaca8702f70e75b3,analyze_10L_cvv_timeblocks.py,0,
stage_10L_stationarity/run_10L_cvv_timeblocks.sh,335,2026-08-14T02:26:31.394149+00:00,.sh,stage_10L_stationarity,stage_or_exploratory_snapshot,860a9e9fae8b5d5ed92e4597fc706537a9458b44d093d18e5840223b0cd83264,run_10L_cvv_timeblocks.sh,1,/lustre/home/users/ewu/vb_gcmc/MD/stage_vacf_tail_8_8_L2L10_8rep_weaknh_zvz_20260812
stage_C99_earlytime_highk_measured_kernel_20260830/run_C99_earlytime_highk_array.pbs,1278,2026-08-30T03:45:15.382912+00:00,.pbs,stage_C99_earlytime_highk_measured_kernel_20260830,stage_or_exploratory_snapshot,fd646b732704b0d8e6031addc2ceee2db792867c82d1edef01c22b91dce4130b,run_C99_earlytime_highk_array.pbs,4,/lustre/home/users/ewu/.conda/envs/HB_analysis/bin/python | /lustre/home/users/ewu/vb_gcmc/MD/c99_T350_weakNH_r4_N2400_N3200_extension_20260817 | /lustre/home/users/ewu/vb_gcmc/MD/chirality_length_scan_20260816/c99_T350_weakNH_r4 | /lustre/home/users/ewu/vb_gcmc/MD/stage_C99_earlytime_highk_measured_kernel_20260830
stage_C99_earlytime_highk_measured_kernel_20260830/scripts/analyze_C99_earlytime_highk.py,8905,2026-08-30T13:39:52.654658+00:00,.py,stage_C99_earlytime_highk_measured_kernel_20260830,stage_or_exploratory_snapshot,56c83df07d4410654d18390fae14b4cf3f544187a3a7eb8eb7edadb743c8702a,analyze_C99_earlytime_highk.py,0,
stage_C99_multirate_LT_io_pilot_N3200_20260829/run_pilot.pbs,1093,2026-08-29T13:15:37.561311+00:00,.pbs,stage_C99_multirate_LT_io_pilot_N3200_20260829,stage_or_exploratory_snapshot,768303e8f83c9af734a6e20d064b6d30314ae78f62394d7b640c79d097959693,run_pilot.pbs,3,/lustre/home/users/ewu/.conda/envs/HB_analysis/bin/python | /lustre/home/users/ewu/lammps-cnt-remd/mylammps/build/lmp_rccs | /lustre/home/users/ewu/vb_gcmc/MD/stage_C99_multirate_LT_io_pilot_N3200_20260829
stage_C99_multirate_LT_io_pilot_N3200_20260829/scripts/audit_multirate_pilot.py,3961,2026-08-29T13:31:07.129097+00:00,.py,stage_C99_multirate_LT_io_pilot_N3200_20260829,stage_or_exploratory_snapshot,2501c32c83b78a56ff5d987da19226273631262eb79d07654cb633e1e0167ac7,audit_multirate_pilot.py,0,
stage_C99_multirate_LT_production_wave1_N800_N1600_20260829/run_N1600_array.pbs,1219,2026-08-29T13:52:13.969931+00:00,.pbs,stage_C99_multirate_LT_production_wave1_N800_N1600_20260829,stage_or_exploratory_snapshot,552923b33de903f8391bd48b0e4cf6f938948efb6cd3982fb19f5293afe90ffa,run_N1600_array.pbs,4,/lustre/home/users/ewu/.conda/envs/HB_analysis/bin/python | /lustre/home/users/ewu/lammps-cnt-remd/mylammps/build/lmp_rccs | /lustre/home/users/ewu/vb_gcmc/MD/chirality_length_scan_20260816/c99_T350_weakNH_r4/N1600/rep | /lustre/home/users/ewu/vb_gcmc/MD/stage_C99_multirate_LT_production_wave1_N800_N1600_20260829
stage_C99_multirate_LT_production_wave1_N800_N1600_20260829/run_N800_array.pbs,1215,2026-08-29T13:52:13.967417+00:00,.pbs,stage_C99_multirate_LT_production_wave1_N800_N1600_20260829,stage_or_exploratory_snapshot,a48de042c1ae04018b4286643acfd6635e6d383f3af599eead9252d1d7432f25,run_N800_array.pbs,4,/lustre/home/users/ewu/.conda/envs/HB_analysis/bin/python | /lustre/home/users/ewu/lammps-cnt-remd/mylammps/build/lmp_rccs | /lustre/home/users/ewu/vb_gcmc/MD/chirality_length_scan_20260816/c99_T350_weakNH_r4/N800/rep | /lustre/home/users/ewu/vb_gcmc/MD/stage_C99_multirate_LT_production_wave1_N800_N1600_20260829
stage_C99_multirate_LT_production_wave1_N800_N1600_20260829/scripts/audit_production_layout.py,2546,2026-08-29T13:52:46.902423+00:00,.py,stage_C99_multirate_LT_production_wave1_N800_N1600_20260829,stage_or_exploratory_snapshot,a721766c4f56e1a9515bfef41dab02029766bbdf570a035ed2b3d5890fc60b5f,audit_production_layout.py,0,
stage_C99_multirate_LT_production_wave1_N800_N1600_20260829/scripts/write_production_input.py,2270,2026-08-29T13:52:13.961412+00:00,.py,stage_C99_multirate_LT_production_wave1_N800_N1600_20260829,stage_or_exploratory_snapshot,06133ebbec7d1a9a2d19662980757f448bc55a9a165a688d9f4b47d3e6aeac0e,write_production_input.py,0,
stage_C99_multirate_LT_production_wave1_N800_N1600_rerun_20260830/run_N1600_array.pbs,1225,2026-08-30T00:34:08.599922+00:00,.pbs,stage_C99_multirate_LT_production_wave1_N800_N1600_rerun_20260830,stage_or_exploratory_snapshot,f85a904bc03e9a1710bd848cf07788513975fa821cda37eba136841bf6fc5f18,run_N1600_array.pbs,4,/lustre/home/users/ewu/.conda/envs/HB_analysis/bin/python | /lustre/home/users/ewu/lammps-cnt-remd/mylammps/build/lmp_rccs | /lustre/home/users/ewu/vb_gcmc/MD/chirality_length_scan_20260816/c99_T350_weakNH_r4/N1600/rep | /lustre/home/users/ewu/vb_gcmc/MD/stage_C99_multirate_LT_production_wave1_N800_N1600_rerun_20260830
stage_C99_multirate_LT_production_wave1_N800_N1600_rerun_20260830/run_N800_array.pbs,1221,2026-08-30T00:34:08.596925+00:00,.pbs,stage_C99_multirate_LT_production_wave1_N800_N1600_rerun_20260830,stage_or_exploratory_snapshot,1d7013d9d8d9f5ba3b3c6bd52a0928401a989ae7519338fc378176036f4dd060,run_N800_array.pbs,4,/lustre/home/users/ewu/.conda/envs/HB_analysis/bin/python | /lustre/home/users/ewu/lammps-cnt-remd/mylammps/build/lmp_rccs | /lustre/home/users/ewu/vb_gcmc/MD/chirality_length_scan_20260816/c99_T350_weakNH_r4/N800/rep | /lustre/home/users/ewu/vb_gcmc/MD/stage_C99_multirate_LT_production_wave1_N800_N1600_rerun_20260830
stage_C99_multirate_LT_production_wave1_N800_N1600_rerun_20260830/run_reaudit_ready_members.pbs,766,2026-08-30T09:31:31.568992+00:00,.pbs,stage_C99_multirate_LT_production_wave1_N800_N1600_rerun_20260830,stage_or_exploratory_snapshot,e22d5cf96f3cf9d7a3bd6bfe565fc11c0709e24fb860304f0823b0e86c81e85a,run_reaudit_ready_members.pbs,2,/lustre/home/users/ewu/.conda/envs/HB_analysis/bin/python | /lustre/home/users/ewu/vb_gcmc/MD/stage_C99_multirate_LT_production_wave1_N800_N1600_rerun_20260830
stage_C99_multirate_LT_production_wave1_N800_N1600_rerun_20260830/run_smoke_N1600.pbs,1250,2026-08-30T00:34:34.291581+00:00,.pbs,stage_C99_multirate_LT_production_wave1_N800_N1600_rerun_20260830,stage_or_exploratory_snapshot,3936496678e26ffc2a6a10726f706fc331b356fe42c98668bf9b872b33edce6b,run_smoke_N1600.pbs,4,/lustre/home/users/ewu/.conda/envs/HB_analysis/bin/python | /lustre/home/users/ewu/lammps-cnt-remd/mylammps/build/lmp_rccs | /lustre/home/users/ewu/vb_gcmc/MD/chirality_length_scan_20260816/c99_T350_weakNH_r4/N1600/rep1/final.restart | /lustre/home/users/ewu/vb_gcmc/MD/stage_C99_multirate_LT_production_wave1_N800_N1600_rerun_20260830
stage_C99_multirate_LT_production_wave1_N800_N1600_rerun_20260830/run_smoke_N800.pbs,1246,2026-08-30T00:34:34.288579+00:00,.pbs,stage_C99_multirate_LT_production_wave1_N800_N1600_rerun_20260830,stage_or_exploratory_snapshot,07bf2d34ec40e45257c509d66f11eda2ccf9915826c9712f7faa3fedcb272752,run_smoke_N800.pbs,4,/lustre/home/users/ewu/.conda/envs/HB_analysis/bin/python | /lustre/home/users/ewu/lammps-cnt-remd/mylammps/build/lmp_rccs | /lustre/home/users/ewu/vb_gcmc/MD/chirality_length_scan_20260816/c99_T350_weakNH_r4/N800/rep1/final.restart | /lustre/home/users/ewu/vb_gcmc/MD/stage_C99_multirate_LT_production_wave1_N800_N1600_rerun_20260830
stage_C99_multirate_LT_production_wave1_N800_N1600_rerun_20260830/scripts/audit_production_layout.py,3181,2026-08-30T09:26:34.936071+00:00,.py,stage_C99_multirate_LT_production_wave1_N800_N1600_rerun_20260830,stage_or_exploratory_snapshot,4deae8fd540cb5f4fd0ae74b1a2d4fceca44965357a9438f8f76f564ae1f0c5c,audit_production_layout.py,0,
stage_C99_multirate_LT_production_wave1_N800_N1600_rerun_20260830/scripts/write_production_input.py,2929,2026-08-30T00:34:08.592921+00:00,.py,stage_C99_multirate_LT_production_wave1_N800_N1600_rerun_20260830,stage_or_exploratory_snapshot,1e17dcc5b877f46e0146d071fab00175fc1fb33c2fb45fef060d26719f9802d0,write_production_input.py,0,
stage_C99_multirate_cross_current_N800_20260831/analyze_C99_cross_currents.py,7626,2026-08-31T01:41:00.069156+00:00,.py,stage_C99_multirate_cross_current_N800_20260831,stage_or_exploratory_snapshot,58785d6700678d6e4268f781431a6800a438887eaaa6d2aa2860a749aa4b072f,analyze_C99_cross_currents.py,0,
stage_C99_multirate_cross_current_N800_20260831/run_cross_currents.pbs,1286,2026-08-31T01:41:03.278547+00:00,.pbs,stage_C99_multirate_cross_current_N800_20260831,stage_or_exploratory_snapshot,917bd6c1fb7cb1fa681436dac7e49bb138218f8029bb9ab9660e87074d2a8b8b,run_cross_currents.pbs,3,/lustre/home/users/ewu/.conda/envs/HB_analysis/bin/python | /lustre/home/users/ewu/vb_gcmc/MD/stage_C99_multirate_LT_production_wave1_N800_N1600_rerun_20260830/output | /lustre/home/users/ewu/vb_gcmc/MD/stage_C99_multirate_cross_current_N800_20260831
stage_C99_multirate_current_modes_wave1_20260830/run_N800_100fs_modes.pbs,886,2026-08-30T13:32:16.531462+00:00,.pbs,stage_C99_multirate_current_modes_wave1_20260830,stage_or_exploratory_snapshot,e74d91f73d57ee300c65226e0c4a4d550e6fcc6fd08ca808b13d485ac3adba8f,run_N800_100fs_modes.pbs,3,/lustre/home/users/ewu/.conda/envs/HB_analysis/bin/python | /lustre/home/users/ewu/vb_gcmc/MD/stage_C99_multirate_LT_production_wave1_N800_N1600_rerun_20260830/output | /lustre/home/users/ewu/vb_gcmc/MD/stage_C99_multirate_current_modes_wave1_20260830
stage_C99_multirate_current_modes_wave1_20260830/run_N800_10fs_highk_modes.pbs,890,2026-08-30T13:32:16.560468+00:00,.pbs,stage_C99_multirate_current_modes_wave1_20260830,stage_or_exploratory_snapshot,a4cdbda7c1f6dac8657bb4e5375b34feb13eafe080374f2fe6385c554492e518,run_N800_10fs_highk_modes.pbs,3,/lustre/home/users/ewu/.conda/envs/HB_analysis/bin/python | /lustre/home/users/ewu/vb_gcmc/MD/stage_C99_multirate_LT_production_wave1_N800_N1600_rerun_20260830/output | /lustre/home/users/ewu/vb_gcmc/MD/stage_C99_multirate_current_modes_wave1_20260830
stage_C99_multirate_current_modes_wave1_20260830/run_N800_10fs_modes.pbs,1129,2026-08-30T10:54:47.289091+00:00,.pbs,stage_C99_multirate_current_modes_wave1_20260830,stage_or_exploratory_snapshot,6f3e9ae327956966ef2a349507d07144a7d3e58949a21e5fa17748e145a65ecb,run_N800_10fs_modes.pbs,3,/lustre/home/users/ewu/.conda/envs/HB_analysis/bin/python | /lustre/home/users/ewu/vb_gcmc/MD/stage_C99_multirate_LT_production_wave1_N800_N1600_rerun_20260830/output | /lustre/home/users/ewu/vb_gcmc/MD/stage_C99_multirate_current_modes_wave1_20260830
stage_C99_multirate_current_modes_wave1_20260830/run_N800_1fs_highk_modes.pbs,888,2026-08-30T13:32:16.563467+00:00,.pbs,stage_C99_multirate_current_modes_wave1_20260830,stage_or_exploratory_snapshot,cf97840ae11e762d7584f6eb96c5dd7c452b222f7bd8507add447718d2500b0a,run_N800_1fs_highk_modes.pbs,3,/lustre/home/users/ewu/.conda/envs/HB_analysis/bin/python | /lustre/home/users/ewu/vb_gcmc/MD/stage_C99_multirate_LT_production_wave1_N800_N1600_rerun_20260830/output | /lustre/home/users/ewu/vb_gcmc/MD/stage_C99_multirate_current_modes_wave1_20260830
stage_C99_static_W_lowk_1ps_20ns_20260830/run_N1600_static_W_array.pbs,901,2026-08-30T15:55:28.795895+00:00,.pbs,stage_C99_static_W_lowk_1ps_20ns_20260830,stage_or_exploratory_snapshot,12a2a34f7e8d2e827516481809a4e23b4a9be99b91bf2944911f1863bbc80ed2,run_N1600_static_W_array.pbs,3,/lustre/home/users/ewu/.conda/envs/HB_analysis/bin/python | /lustre/home/users/ewu/vb_gcmc/MD/stage_C99_multirate_LT_production_wave1_N800_N1600_rerun_20260830/output | /lustre/home/users/ewu/vb_gcmc/MD/stage_C99_static_W_lowk_1ps_20ns_20260830
stage_C99_static_W_lowk_1ps_20ns_20260830/run_static_W_array.pbs,1066,2026-08-30T13:21:40.668631+00:00,.pbs,stage_C99_static_W_lowk_1ps_20ns_20260830,stage_or_exploratory_snapshot,f972971a181022d41762c7391b7fe0c9d7cf1b4960da913ca6977e8e397740a3,run_static_W_array.pbs,3,/lustre/home/users/ewu/.conda/envs/HB_analysis/bin/python | /lustre/home/users/ewu/vb_gcmc/MD/stage_C99_multirate_LT_production_wave1_N800_N1600_rerun_20260830/output | /lustre/home/users/ewu/vb_gcmc/MD/stage_C99_static_W_lowk_1ps_20ns_20260830
stage_C99_static_vertex_lowk_block_audit_20260829/run_array.pbs,1099,2026-08-29T10:30:29.624733+00:00,.pbs,stage_C99_static_vertex_lowk_block_audit_20260829,stage_or_exploratory_snapshot,81dcf85607c97e2e40bd9cbbf6ef80a2c1d45ce6ebcbaafb8ea3e05b82606931,run_array.pbs,4,/lustre/home/users/ewu/.conda/envs/HB_analysis/bin/python | /lustre/home/users/ewu/vb_gcmc/MD/c99_T350_weakNH_r4_N2400_N3200_extension_20260817 | /lustre/home/users/ewu/vb_gcmc/MD/chirality_length_scan_20260816/c99_T350_weakNH_r4 | /lustre/home/users/ewu/vb_gcmc/MD/stage_C99_static_vertex_lowk_block_audit_20260829
stage_C99_static_vertex_lowk_block_audit_20260829/scripts/audit_static_vertex_blocks.py,2703,2026-08-29T10:28:53.527380+00:00,.py,stage_C99_static_vertex_lowk_block_audit_20260829,stage_or_exploratory_snapshot,c0f9e13787427d4c6ce4dd60da93a5f2bb536e0e65ceed005bdf8e9fe52bad74,audit_static_vertex_blocks.py,0,
stage_C99_unified_longitudinal_current_VACF_500ps_20260829/run_C99_unified_array.pbs,1302,2026-08-29T06:31:01.014215+00:00,.pbs,stage_C99_unified_longitudinal_current_VACF_500ps_20260829,stage_or_exploratory_snapshot,297a7ff1191ca7e173d918a44d2b5ee1de0a3c1cd5c37daf6dee10beb17abe32,run_C99_unified_array.pbs,4,/lustre/home/users/ewu/.conda/envs/HB_analysis/bin/python | /lustre/home/users/ewu/vb_gcmc/MD/c99_T350_weakNH_r4_N2400_N3200_extension_20260817 | /lustre/home/users/ewu/vb_gcmc/MD/chirality_length_scan_20260816/c99_T350_weakNH_r4 | /lustre/home/users/ewu/vb_gcmc/MD/stage_C99_unified_longitudinal_current_VACF_500ps_20260829
stage_C99_unified_longitudinal_current_VACF_500ps_20260829/scripts/analyze_C99_m0_unified.py,8081,2026-08-29T06:30:01.253303+00:00,.py,stage_C99_unified_longitudinal_current_VACF_500ps_20260829,stage_or_exploratory_snapshot,52abf345331a1a243b1af8952d6ea04b669ce0102b625f6627253f806f37e0b5,analyze_C99_m0_unified.py,0,
stage_L20_axial_m0_mode_vertex_100fs_10ns_4rep_20260828/scripts/aggregate_L20_m0_axial.py,3416,2026-08-28T09:34:13.862032+00:00,.py,stage_L20_axial_m0_mode_vertex_100fs_10ns_4rep_20260828,stage_or_exploratory_snapshot,f108e99b1051c321ad1bb028d1a315ecdc81b11747fa1003ab0fbd9944e0eff0,aggregate_L20_m0_axial.py,0,
stage_L20_axial_m0_mode_vertex_100fs_10ns_4rep_20260828/scripts/analyze_L20_m0_axial.py,7801,2026-08-28T10:03:32.749878+00:00,.py,stage_L20_axial_m0_mode_vertex_100fs_10ns_4rep_20260828,stage_or_exploratory_snapshot,0e42a3f0f8bf4f65f7315abcda320f1b77d164d41cea0d9291cc80829358d97e,analyze_L20_m0_axial.py,0,
stage_L20_axial_m0_mode_vertex_100fs_10ns_4rep_20260828/scripts/run_L20_m0_rep_array.sh,688,2026-08-28T09:34:14.180222+00:00,.sh,stage_L20_axial_m0_mode_vertex_100fs_10ns_4rep_20260828,stage_or_exploratory_snapshot,b3a4b84f6036fe55538f39c934f13e69ac959f5fe85627bae997598c6705ce4a,run_L20_m0_rep_array.sh,3,/lustre/home/users/ewu/.conda/envs/HB_analysis/bin/python | /lustre/home/users/ewu/vb_gcmc/MD/stage_L20_axial_m0_mode_vertex_100fs_10ns_4rep_20260828 | /lustre/home/users/ewu/vb_gcmc/MD/stage_vacf_tail_8_8_L20_4rep_veryweaknh_nomom_20ns_100fs_20260826
stage_L20_fixed10ns_vacf_msd_alpha_20260828/merge_fixed10ns_ensemble.py,1931,2026-08-28T01:27:20.454335+00:00,.py,stage_L20_fixed10ns_vacf_msd_alpha_20260828,stage_or_exploratory_snapshot,bff174fc13158d4c8891b078d66f14249cbb0682c826e6392f642abfc7c23a7a,merge_fixed10ns_ensemble.py,1,/lustre/home/users/ewu/vb_gcmc/MD/stage_L20_fixed10ns_vacf_msd_alpha_20260828
stage_L20_fixed10ns_vacf_msd_alpha_20260828/run_fixed10ns_array.sh,742,2026-08-28T01:17:09.825636+00:00,.sh,stage_L20_fixed10ns_vacf_msd_alpha_20260828,stage_or_exploratory_snapshot,555174c925bda78782022208fc3b2c861988040d5c71483bbe064968a5f9cee5,run_fixed10ns_array.sh,4,/lustre/home/users/ewu/.conda/envs/HB_analysis/bin/python | /lustre/home/users/ewu/vb_gcmc/MD/stage_L20_fixed10ns_vacf_msd_alpha_20260828 | /lustre/home/users/ewu/vb_gcmc/MD/stage_L20_preliminary_vacf_msd_alpha_20260828/analyze_l20_snapshot.py | /lustre/home/users/ewu/vb_gcmc/MD/stage_vacf_tail_8_8_L20_4rep_veryweaknh_nomom_20ns_100fs_20260826
stage_L20_fixed10ns_vacf_msd_alpha_20260828/run_merge_fixed10ns.sh,345,2026-08-28T01:27:20.457334+00:00,.sh,stage_L20_fixed10ns_vacf_msd_alpha_20260828,stage_or_exploratory_snapshot,8c7a6c094bbd35792a9081f467d7a1114dbc8254cf7e671224b5a3fb27f4794e,run_merge_fixed10ns.sh,2,/lustre/home/users/ewu/.conda/envs/HB_analysis/bin/python | /lustre/home/users/ewu/vb_gcmc/MD/stage_L20_fixed10ns_vacf_msd_alpha_20260828
stage_L20_preliminary_vacf_msd_alpha_20260828/analyze_l20_snapshot.py,8141,2026-08-28T01:17:09.819627+00:00,.py,stage_L20_preliminary_vacf_msd_alpha_20260828,stage_or_exploratory_snapshot,a1025f2fe381a8f53507bb3f994506f59e5155445a333b82059f01ce6c98aa13,analyze_l20_snapshot.py,0,
stage_L20_preliminary_vacf_msd_alpha_20260828/merge_snapshot_ensemble.py,1784,2026-08-28T00:30:13.742615+00:00,.py,stage_L20_preliminary_vacf_msd_alpha_20260828,stage_or_exploratory_snapshot,02f483bb8e62fabb552eb9672b0323cbf59ce7fa41f92a4b3cc8a9be77dfe23d,merge_snapshot_ensemble.py,1,/lustre/home/users/ewu/vb_gcmc/MD/stage_L20_preliminary_vacf_msd_alpha_20260828
stage_L20_preliminary_vacf_msd_alpha_20260828/run_merge_snapshot.sh,346,2026-08-28T00:30:13.745617+00:00,.sh,stage_L20_preliminary_vacf_msd_alpha_20260828,stage_or_exploratory_snapshot,a1110e79b98fa6308d3e4c29ac5b39b774c506595c85f3cb179d3d221e6cddc8,run_merge_snapshot.sh,2,/lustre/home/users/ewu/.conda/envs/HB_analysis/bin/python | /lustre/home/users/ewu/vb_gcmc/MD/stage_L20_preliminary_vacf_msd_alpha_20260828
stage_L20_preliminary_vacf_msd_alpha_20260828/run_snapshot_array.sh,637,2026-08-28T00:06:47.671282+00:00,.sh,stage_L20_preliminary_vacf_msd_alpha_20260828,stage_or_exploratory_snapshot,6c4379a44a98b6cc832e3d9287879c85a8d37a4bdf16f6f5aea97b549d84d2ec,run_snapshot_array.sh,3,/lustre/home/users/ewu/.conda/envs/HB_analysis/bin/python | /lustre/home/users/ewu/vb_gcmc/MD/stage_L20_preliminary_vacf_msd_alpha_20260828 | /lustre/home/users/ewu/vb_gcmc/MD/stage_vacf_tail_8_8_L20_4rep_veryweaknh_nomom_20ns_100fs_20260826
stage_TAtheta_8_8_L10_3rep_fullvelocity_10ns_100fs_tdamp1ns_20260826/run_10L_rep1_fullvelocity.sh,774,2026-08-26T03:09:34.690329+00:00,.sh,stage_TAtheta_8_8_L10_3rep_fullvelocity_10ns_100fs_tdamp1ns_20260826,stage_or_exploratory_snapshot,8802ec151fbd2d094f639ce946a986d93faaeacd5115997ce87cc63550b355e7,run_10L_rep1_fullvelocity.sh,2,/lustre/home/users/ewu/vb_gcmc/MD/stage_TAtheta_8_8_L10_3rep_fullvelocity_10ns_100fs_tdamp1ns_20260826 | /lustre/home/users/ewu/vb_gcmc/MD/stage_vacf_tail_8_8_L10_8rep_continue10ns_100fs_tdamp1ns_20260823/VACF88_10L_tail_zvz_rep
stage_TAtheta_8_8_L10_3rep_fullvelocity_10ns_100fs_tdamp1ns_20260826/run_10L_rep2_fullvelocity.sh,774,2026-08-26T03:09:34.692329+00:00,.sh,stage_TAtheta_8_8_L10_3rep_fullvelocity_10ns_100fs_tdamp1ns_20260826,stage_or_exploratory_snapshot,6a9f97abf148a37619493d156c2d40c8d07a956d9e36ec128594eaafea5e3c70,run_10L_rep2_fullvelocity.sh,2,/lustre/home/users/ewu/vb_gcmc/MD/stage_TAtheta_8_8_L10_3rep_fullvelocity_10ns_100fs_tdamp1ns_20260826 | /lustre/home/users/ewu/vb_gcmc/MD/stage_vacf_tail_8_8_L10_8rep_continue10ns_100fs_tdamp1ns_20260823/VACF88_10L_tail_zvz_rep
stage_TAtheta_8_8_L10_3rep_fullvelocity_10ns_100fs_tdamp1ns_20260826/run_10L_rep3_fullvelocity.sh,774,2026-08-26T03:09:34.695329+00:00,.sh,stage_TAtheta_8_8_L10_3rep_fullvelocity_10ns_100fs_tdamp1ns_20260826,stage_or_exploratory_snapshot,7f4d791bca81859fef6592f17153acd6778e006a97fbd45b9cd46fc81c8fb2fe,run_10L_rep3_fullvelocity.sh,2,/lustre/home/users/ewu/vb_gcmc/MD/stage_TAtheta_8_8_L10_3rep_fullvelocity_10ns_100fs_tdamp1ns_20260826 | /lustre/home/users/ewu/vb_gcmc/MD/stage_vacf_tail_8_8_L10_8rep_continue10ns_100fs_tdamp1ns_20260823/VACF88_10L_tail_zvz_rep
stage_Wk_crossfit_88_L2to10_20260812/analyze_Wk_crossfit.py,2906,2026-08-12T06:33:44.730249+00:00,.py,stage_Wk_crossfit_88_L2to10_20260812,stage_or_exploratory_snapshot,91bd0ad8addceb5f10b02108fa70f071bcba40153b731de58bbb253c092571fd,analyze_Wk_crossfit.py,0,
stage_Wk_crossfit_88_L2to10_20260812/run.sh,992,2026-08-12T06:33:44.758152+00:00,.sh,stage_Wk_crossfit_88_L2to10_20260812,stage_or_exploratory_snapshot,00e19408ca0a86372ff6c9270ca310e6202e70d6b570c5b3d70abc92aef1ef74,run.sh,2,/lustre/home/users/ewu/vb_gcmc/MD/viscfric_length_88_RH75_20260731/matched_10fs_rethermalized_weakNH_no_momentum_1L5L_20260804 | /lustre/home/users/ewu/vb_gcmc/MD/viscfric_length_all_chirality_RH75_20260806/long_weakNH_nomom_10L_100fs_10ns_3rep_20260806
stage_Wk_crossfit_88_L2to10_20260812_corrected2/analyze_Wk_crossfit.py,4344,2026-08-12T09:14:45.136094+00:00,.py,stage_Wk_crossfit_88_L2to10_20260812_corrected2,stage_or_exploratory_snapshot,a4a02530e5625d2f9b41fc723c4045b85714786dc94e31cf67ceb6f7aafda1d4,analyze_Wk_crossfit.py,0,
stage_Wk_crossfit_88_L2to10_20260812_corrected2/run.sh,996,2026-08-12T08:09:52.237200+00:00,.sh,stage_Wk_crossfit_88_L2to10_20260812_corrected2,stage_or_exploratory_snapshot,cbc9b217fcf5472e5e62ce3e52961101a16ac18b0a4227b30e0bee1d119e5a69,run.sh,2,/lustre/home/users/ewu/vb_gcmc/MD/viscfric_length_88_RH75_20260731/matched_10fs_rethermalized_weakNH_no_momentum_1L5L_20260804 | /lustre/home/users/ewu/vb_gcmc/MD/viscfric_length_all_chirality_RH75_20260806/long_weakNH_nomom_10L_100fs_10ns_3rep_20260806
stage_absolute_cvj_1L10L_20260809/analyze_absolute_cvj.py,3726,2026-08-09T01:28:40.353352+00:00,.py,stage_absolute_cvj_1L10L_20260809,stage_or_exploratory_snapshot,6148070a3460d9600d99d9aef296d5e646b6603763c4b51485c4650fd1830fa7,analyze_absolute_cvj.py,0,
stage_absolute_cvj_1L10L_20260809/run_17_0.sh,956,2026-08-09T01:29:31.277961+00:00,.sh,stage_absolute_cvj_1L10L_20260809,stage_or_exploratory_snapshot,73fdc2a3ee86c6d2fb373a6418ae4c2bb36caf77156995371be1a79e11092943,run_17_0.sh,2,/lustre/home/users/ewu/vb_gcmc/MD/viscfric_length_88_RH75_20260731/rethermalized_weakNH_nomom_cross_chirality_1L5L_2rep_20260804 | /lustre/home/users/ewu/vb_gcmc/MD/viscfric_length_all_chirality_RH75_20260806/long_weakNH_nomom_10L_100fs_10ns_3rep_20260806
stage_absolute_cvj_1L10L_20260809/run_7_7.sh,951,2026-08-09T01:29:23.585116+00:00,.sh,stage_absolute_cvj_1L10L_20260809,stage_or_exploratory_snapshot,bdf13194fd53ffa52d573be2b78675bfb7a56db3fbfa0997d44698b38457e960,run_7_7.sh,2,/lustre/home/users/ewu/vb_gcmc/MD/viscfric_length_88_RH75_20260731/rethermalized_weakNH_nomom_cross_chirality_1L5L_2rep_20260804 | /lustre/home/users/ewu/vb_gcmc/MD/viscfric_length_all_chirality_RH75_20260806/long_weakNH_nomom_10L_100fs_10ns_3rep_20260806
stage_absolute_cvj_1L10L_20260809/run_8_8.sh,950,2026-08-09T01:29:26.478898+00:00,.sh,stage_absolute_cvj_1L10L_20260809,stage_or_exploratory_snapshot,f5b3c5fd70df3a6c7fea50af11d4ade597b85915a49288a08ca9503a3fa67527,run_8_8.sh,2,/lustre/home/users/ewu/vb_gcmc/MD/viscfric_length_88_RH75_20260731/matched_10fs_rethermalized_weakNH_no_momentum_1L5L_20260804 | /lustre/home/users/ewu/vb_gcmc/MD/viscfric_length_all_chirality_RH75_20260806/long_weakNH_nomom_10L_100fs_10ns_3rep_20260806
stage_absolute_cvj_1L10L_20260809/run_9_9.sh,1090,2026-08-09T01:29:28.867364+00:00,.sh,stage_absolute_cvj_1L10L_20260809,stage_or_exploratory_snapshot,e398f05a61362a43781930a92d58d6418a631ff1d8d84398bed958b6294fc98c,run_9_9.sh,2,/lustre/home/users/ewu/vb_gcmc/MD/viscfric_length_88_RH75_20260731/rethermalized_weakNH_nomom_cross_chirality_1L5L_2rep_20260804 | /lustre/home/users/ewu/vb_gcmc/MD/viscfric_length_all_chirality_RH75_20260806/long_weakNH_nomom_10L_100fs_10ns_3rep_20260806
stage_alpha200ps_crosschirality_20260809/run_17_0.sh,1094,2026-08-09T01:14:31.938010+00:00,.sh,stage_alpha200ps_crosschirality_20260809,stage_or_exploratory_snapshot,2a472911b97e0161ec4fa1e12e22a7e36988309f5d9183cd796f5e9d913dae48,run_17_0.sh,3,/lustre/home/users/ewu/vb_gcmc/MD/alpha_cvj_crosschirality_1L10L_20260808/stage_10L_alpha_cvj_crosschirality_20260808/analyze_msd_alpha_cvj.py | /lustre/home/users/ewu/vb_gcmc/MD/viscfric_length_88_RH75_20260731/rethermalized_weakNH_nomom_cross_chirality_1L5L_2rep_20260804 | /lustre/home/users/ewu/vb_gcmc/MD/viscfric_length_all_chirality_RH75_20260806/long_weakNH_nomom_10L_100fs_10ns_3rep_20260806
stage_alpha200ps_crosschirality_20260809/run_7_7.sh,1089,2026-08-09T01:14:24.680460+00:00,.sh,stage_alpha200ps_crosschirality_20260809,stage_or_exploratory_snapshot,46984fa73c300b5f08b63abe87f10acecfa752eeb9b16ad74167c831bc439d99,run_7_7.sh,3,/lustre/home/users/ewu/vb_gcmc/MD/alpha_cvj_crosschirality_1L10L_20260808/stage_10L_alpha_cvj_crosschirality_20260808/analyze_msd_alpha_cvj.py | /lustre/home/users/ewu/vb_gcmc/MD/viscfric_length_88_RH75_20260731/rethermalized_weakNH_nomom_cross_chirality_1L5L_2rep_20260804 | /lustre/home/users/ewu/vb_gcmc/MD/viscfric_length_all_chirality_RH75_20260806/long_weakNH_nomom_10L_100fs_10ns_3rep_20260806
stage_alpha200ps_crosschirality_20260809/run_8_8.sh,1088,2026-08-09T01:14:27.060463+00:00,.sh,stage_alpha200ps_crosschirality_20260809,stage_or_exploratory_snapshot,478e68e58adbf75c0d065432e57864bcc161bbbafd94da77d3468aa656391539,run_8_8.sh,3,/lustre/home/users/ewu/vb_gcmc/MD/alpha_cvj_crosschirality_1L10L_20260808/stage_10L_alpha_cvj_crosschirality_20260808/analyze_msd_alpha_cvj.py | /lustre/home/users/ewu/vb_gcmc/MD/viscfric_length_88_RH75_20260731/matched_10fs_rethermalized_weakNH_no_momentum_1L5L_20260804 | /lustre/home/users/ewu/vb_gcmc/MD/viscfric_length_all_chirality_RH75_20260806/long_weakNH_nomom_10L_100fs_10ns_3rep_20260806
stage_alpha200ps_crosschirality_20260809/run_9_9.sh,1245,2026-08-09T01:14:29.512026+00:00,.sh,stage_alpha200ps_crosschirality_20260809,stage_or_exploratory_snapshot,3d8f841a2aa949ce645f3a6abedc249532d88502694e6d5405d3194ee1d411fc,run_9_9.sh,3,/lustre/home/users/ewu/vb_gcmc/MD/alpha_cvj_crosschirality_1L10L_20260808/stage_10L_alpha_cvj_crosschirality_20260808/analyze_msd_alpha_cvj.py | /lustre/home/users/ewu/vb_gcmc/MD/viscfric_length_88_RH75_20260731/rethermalized_weakNH_nomom_cross_chirality_1L5L_2rep_20260804 | /lustre/home/users/ewu/vb_gcmc/MD/viscfric_length_all_chirality_RH75_20260806/long_weakNH_nomom_10L_100fs_10ns_3rep_20260806
stage_analyze_10L_CJJ_dispersion_n1n6_20260827.sh,1798,2026-08-27T09:45:02.619476+00:00,.sh,stage_analyze_10L_CJJ_dispersion_n1n6_20260827.sh,stage_or_exploratory_snapshot,9e2ea56eda3f08676eb420a72864026c9d708bfb44488b22b3fd4470cb78be38,stage_analyze_10L_CJJ_dispersion_n1n6_20260827.sh,2,/lustre/home/users/ewu/.conda/envs/HB_analysis/bin/python | /lustre/home/users/ewu/vb_gcmc/MD/stage_vacf_tail_8_8_L10_8rep_continue10ns_100fs_tdamp1ns_20260823
stage_analyze_10L_tdamp1ns_LA_n3n8_20260824.sh,1322,2026-08-24T09:03:03.492196+00:00,.sh,stage_analyze_10L_tdamp1ns_LA_n3n8_20260824.sh,stage_or_exploratory_snapshot,ebf998c13146ea189799085d2b353319259362df3c1485b7fb4bcfd22ffd799a,stage_analyze_10L_tdamp1ns_LA_n3n8_20260824.sh,2,/lustre/home/users/ewu/.conda/envs/HB_analysis/bin/python | /lustre/home/users/ewu/vb_gcmc/MD/stage_vacf_tail_8_8_L10_8rep_continue10ns_100fs_tdamp1ns_20260823
stage_analyze_implicitC88_LA_Gamma0_20260824.sh,674,2026-08-24T12:48:47.783786+00:00,.sh,stage_analyze_implicitC88_LA_Gamma0_20260824.sh,stage_or_exploratory_snapshot,67ab628cdc3e854345380c81cac784515828aa61d83a896046e1a32c51322e72,stage_analyze_implicitC88_LA_Gamma0_20260824.sh,2,/lustre/home/users/ewu/.conda/envs/HB_analysis/bin/python | /lustre/home/users/ewu/vb_gcmc/MD/N1600_weakNH_6ns
stage_analyze_implicitC88_Pz_ACF_20260824.sh,820,2026-08-24T08:53:05.472566+00:00,.sh,stage_analyze_implicitC88_Pz_ACF_20260824.sh,stage_or_exploratory_snapshot,19812b63cd39b749fe8a21740f54fefbc2b2a35f7c9784cdd9cf345b03a0a825,stage_analyze_implicitC88_Pz_ACF_20260824.sh,2,/lustre/home/users/ewu/.conda/envs/HB_analysis/bin/python | /lustre/home/users/ewu/vb_gcmc/MD/N1600_weakNH_6ns
stage_analyze_implicitC88_transverse_20260824.sh,657,2026-08-24T12:51:13.703146+00:00,.sh,stage_analyze_implicitC88_transverse_20260824.sh,stage_or_exploratory_snapshot,8215edef1fd8fc2ab155c98f6a95a631a8e9c89c662c6343744aed8a1ce9efe0,stage_analyze_implicitC88_transverse_20260824.sh,2,/lustre/home/users/ewu/.conda/envs/HB_analysis/bin/python | /lustre/home/users/ewu/vb_gcmc/MD/N1600_weakNH_6ns
stage_analyze_k0_10L_tdamp1ns_20260824.sh,1292,2026-08-24T08:51:16.999874+00:00,.sh,stage_analyze_k0_10L_tdamp1ns_20260824.sh,stage_or_exploratory_snapshot,147408f51f94a6105fd12a645e7bb7f236b06bf6700c4857e24f2efc0f15256d,stage_analyze_k0_10L_tdamp1ns_20260824.sh,2,/lustre/home/users/ewu/.conda/envs/HB_analysis/bin/python | /lustre/home/users/ewu/vb_gcmc/MD/stage_vacf_tail_8_8_L10_8rep_continue10ns_100fs_tdamp1ns_20260823
stage_cadence_1ps_decom_t_over_L_20260810/downsample_decom_msd.py,3624,2026-08-10T03:07:51.030081+00:00,.py,stage_cadence_1ps_decom_t_over_L_20260810,stage_or_exploratory_snapshot,cf49e32499d72f9c63392189b1ac8cdb74c40af6194a30c489025d0a314d8e5a,downsample_decom_msd.py,0,
stage_cadence_1ps_decom_t_over_L_20260810/run_17_0.sh,1049,2026-08-10T03:22:13.324783+00:00,.sh,stage_cadence_1ps_decom_t_over_L_20260810,stage_or_exploratory_snapshot,c303100c21b4d49925b1c7570cc347739f722f240a7726506dbc4945ce12081d,run_17_0.sh,2,/lustre/home/users/ewu/vb_gcmc/MD/viscfric_length_88_RH75_20260731/rethermalized_weakNH_nomom_cross_chirality_1L5L_2rep_20260804 | /lustre/home/users/ewu/vb_gcmc/MD/viscfric_length_all_chirality_RH75_20260806/long_weakNH_nomom_10L_100fs_10ns_3rep_20260806
stage_cadence_1ps_decom_t_over_L_20260810/run_7_7.sh,1041,2026-08-10T03:22:13.292709+00:00,.sh,stage_cadence_1ps_decom_t_over_L_20260810,stage_or_exploratory_snapshot,822ee20bf95c1ba9ec8d4326f796e8f7cbaadf6d9671c3d66fc6ed639aaf6d9f,run_7_7.sh,2,/lustre/home/users/ewu/vb_gcmc/MD/viscfric_length_88_RH75_20260731/rethermalized_weakNH_nomom_cross_chirality_1L5L_2rep_20260804 | /lustre/home/users/ewu/vb_gcmc/MD/viscfric_length_all_chirality_RH75_20260806/long_weakNH_nomom_10L_100fs_10ns_3rep_20260806
stage_cadence_1ps_decom_t_over_L_20260810/run_8_8.sh,1040,2026-08-10T03:07:51.032079+00:00,.sh,stage_cadence_1ps_decom_t_over_L_20260810,stage_or_exploratory_snapshot,68eb33c0a7fd2d64a24d64ce17b9b169690f52946fc73f53a923f1611b964658,run_8_8.sh,2,/lustre/home/users/ewu/vb_gcmc/MD/viscfric_length_88_RH75_20260731/matched_10fs_rethermalized_weakNH_no_momentum_1L5L_20260804 | /lustre/home/users/ewu/vb_gcmc/MD/viscfric_length_all_chirality_RH75_20260806/long_weakNH_nomom_10L_100fs_10ns_3rep_20260806
stage_cadence_1ps_decom_t_over_L_20260810/run_9_9.sh,1208,2026-08-10T03:22:13.322783+00:00,.sh,stage_cadence_1ps_decom_t_over_L_20260810,stage_or_exploratory_snapshot,4a09332ffa72d097ae4c192ae8e4e626a7a180242dd49865b64888ac12a896e0,run_9_9.sh,2,/lustre/home/users/ewu/vb_gcmc/MD/viscfric_length_88_RH75_20260731/rethermalized_weakNH_nomom_cross_chirality_1L5L_2rep_20260804 | /lustre/home/users/ewu/vb_gcmc/MD/viscfric_length_all_chirality_RH75_20260806/long_weakNH_nomom_10L_100fs_10ns_3rep_20260806
stage_cjj_dispersion_crosschirality_10L_20260814/analyze_cjj_all_modes.py,4478,2026-08-14T08:22:53.605224+00:00,.py,stage_cjj_dispersion_crosschirality_10L_20260814,stage_or_exploratory_snapshot,e602ba516957f185a9dde440c292f0e30b5e4db7f897ebae7977fb1aee464f31,analyze_cjj_all_modes.py,0,
stage_cjj_dispersion_crosschirality_10L_20260814/fit_cjj_dispersion.py,7214,2026-08-14T09:58:51.260937+00:00,.py,stage_cjj_dispersion_crosschirality_10L_20260814,stage_or_exploratory_snapshot,1b55d7c77d957562afb18458e7141f3589c59fd4e9163e39378feb777638d653,fit_cjj_dispersion.py,0,
stage_cjj_dispersion_crosschirality_10L_20260814/run_cjj_crosschirality_10L.pbs,707,2026-08-14T08:22:53.608227+00:00,.pbs,stage_cjj_dispersion_crosschirality_10L_20260814,stage_or_exploratory_snapshot,f86fe23a21c88242e83c7e2440d265c6f6c8d78fc149124e7b2f329d4eae2e23,run_cjj_crosschirality_10L.pbs,2,/lustre/home/users/ewu/.conda/envs/HB_analysis/bin/python | /lustre/home/users/ewu/vb_gcmc/MD/viscfric_length_all_chirality_RH75_20260806/long_weakNH_nomom_10L_100fs_10ns_3rep_20260806
stage_cjj_n1_block_audit_88_20260812/audit_cjj_blocks.py,3576,2026-08-12T11:10:53.967486+00:00,.py,stage_cjj_n1_block_audit_88_20260812,stage_or_exploratory_snapshot,14a38c12a574e265849115f2f02db215eda428a96284e21e76da4da1bf66b553,audit_cjj_blocks.py,0,
stage_cjj_n1_block_audit_88_20260812/run.sh,1084,2026-08-12T11:10:53.996763+00:00,.sh,stage_cjj_n1_block_audit_88_20260812,stage_or_exploratory_snapshot,08d230d7c0c18cf6f21ef052ba85ad8c8f55f331d1646ca6917e412391c214d3,run.sh,2,/lustre/home/users/ewu/vb_gcmc/MD/viscfric_length_88_RH75_20260731/matched_10fs_rethermalized_weakNH_no_momentum_1L5L_20260804 | /lustre/home/users/ewu/vb_gcmc/MD/viscfric_length_all_chirality_RH75_20260806/long_weakNH_nomom_10L_100fs_10ns_3rep_20260806
stage_cjj_raw_vs_peculiar_88_20260812/analyze_cjj_raw_vs_peculiar.py,3757,2026-08-12T11:14:30.284816+00:00,.py,stage_cjj_raw_vs_peculiar_88_20260812,stage_or_exploratory_snapshot,9bb615b3d08e6bf1f2e0f97c6547dca8f4bf4ae8af46c24f790a443639573141,analyze_cjj_raw_vs_peculiar.py,0,
stage_cjj_raw_vs_peculiar_88_20260812/run.sh,1111,2026-08-12T11:14:30.314915+00:00,.sh,stage_cjj_raw_vs_peculiar_88_20260812,stage_or_exploratory_snapshot,c4160e9b3646a6ec79be1ec7d03ef18c8d0e95ccdcb90192071d0bfed73100d4,run.sh,2,/lustre/home/users/ewu/vb_gcmc/MD/viscfric_length_88_RH75_20260731/matched_10fs_rethermalized_weakNH_no_momentum_1L5L_20260804 | /lustre/home/users/ewu/vb_gcmc/MD/viscfric_length_all_chirality_RH75_20260806/long_weakNH_nomom_10L_100fs_10ns_3rep_20260806
stage_coherent_spectrum_88_L2to10_20260812/run.sh,1073,2026-08-12T05:05:17.130757+00:00,.sh,stage_coherent_spectrum_88_L2to10_20260812,stage_or_exploratory_snapshot,ef8e4f8b018cf5804bedaa1b3a11262ea88a6372b13ac1e2a6b5896973d4d72b,run.sh,2,/lustre/home/users/ewu/vb_gcmc/MD/viscfric_length_88_RH75_20260731/matched_10fs_rethermalized_weakNH_no_momentum_1L5L_20260804 | /lustre/home/users/ewu/vb_gcmc/MD/viscfric_length_all_chirality_RH75_20260806/long_weakNH_nomom_10L_100fs_10ns_3rep_20260806
stage_crosschirality_10L_decom_msd_stability_20260810/run_17_0.sh,702,2026-08-10T02:02:03.379723+00:00,.sh,stage_crosschirality_10L_decom_msd_stability_20260810,stage_or_exploratory_snapshot,b59aca82e3a8e0b38aa1fce2f3a4ac7b41af8cd1522583dc2149c3486e3eeca5,run_17_0.sh,2,/lustre/home/users/ewu/vb_gcmc/MD/stage_10L_decom_msd_stability_20260809/export_10L_decom_msd.py | /lustre/home/users/ewu/vb_gcmc/MD/viscfric_length_all_chirality_RH75_20260806/long_weakNH_nomom_10L_100fs_10ns_3rep_20260806
stage_crosschirality_10L_decom_msd_stability_20260810/run_7_7.sh,697,2026-08-10T02:02:03.376723+00:00,.sh,stage_crosschirality_10L_decom_msd_stability_20260810,stage_or_exploratory_snapshot,cae9dadbb3942044c1b38bc7cba5c47f2b5b87330082c7dd5424a95d55faa493,run_7_7.sh,2,/lustre/home/users/ewu/vb_gcmc/MD/stage_10L_decom_msd_stability_20260809/export_10L_decom_msd.py | /lustre/home/users/ewu/vb_gcmc/MD/viscfric_length_all_chirality_RH75_20260806/long_weakNH_nomom_10L_100fs_10ns_3rep_20260806
stage_crosschirality_10L_decom_msd_stability_20260810/run_9_9.sh,697,2026-08-10T02:02:03.378723+00:00,.sh,stage_crosschirality_10L_decom_msd_stability_20260810,stage_or_exploratory_snapshot,bec860b435d2646cde96a8c25f731871208cfb224f4f3a85652253e46219f8bb,run_9_9.sh,2,/lustre/home/users/ewu/vb_gcmc/MD/stage_10L_decom_msd_stability_20260809/export_10L_decom_msd.py | /lustre/home/users/ewu/vb_gcmc/MD/viscfric_length_all_chirality_RH75_20260806/long_weakNH_nomom_10L_100fs_10ns_3rep_20260806
stage_crosschirality_C075_long_assets_20260810/run_17_0.sh,1109,2026-08-10T02:05:43.288088+00:00,.sh,stage_crosschirality_C075_long_assets_20260810,stage_or_exploratory_snapshot,c43ddc5f8ede7ea4497fa9040c796a992cf50032d4ff3e6b680c7e6ab988025c,run_17_0.sh,4,/lustre/home/users/ewu/vb_gcmc/MD/RH75_Ntarget_iNT6_NVT10ns_20260713/NVT10ns_iNT6_RH75target_17_0_T330K_N257_1ps/nvt10ns_water_1ps.dump | /lustre/home/users/ewu/vb_gcmc/MD/RH75_cross_chirality_3L_NVT10ns_preeq500ps_20260721/NVT10ns_3xL_17_0_P4p389kPa_T330K_RH75_N771_preeq500ps_20260721/nvt10ns_17_0_RH75_3xL_water_1ps.dump | /lustre/home/users/ewu/vb_gcmc/MD/RH75_replicated_length_NVT20ns_20260718/NVT20ns_2xL_17_0_P4p389kPa_T330K_RH75_N514_1ps_20260718/nvt20ns_17_0_RH75_2xL_water_1ps.dump | /lustre/home/users/ewu/vb_gcmc/MD/stage_lowfreq_decom_alpha_stability_20260809/export_decom_msd_blocks.py
stage_crosschirality_C075_long_assets_20260810/run_7_7.sh,683,2026-08-10T02:05:43.284074+00:00,.sh,stage_crosschirality_C075_long_assets_20260810,stage_or_exploratory_snapshot,66d335ca630474427c44f51ddacb1d3e6d5757de690c3787dbe905b97e3e011b,run_7_7.sh,2,/lustre/home/users/ewu/vb_gcmc/MD/cross_chirality_length_7_7_9_9_2L5L_3rep_20260730 | /lustre/home/users/ewu/vb_gcmc/MD/stage_lowfreq_decom_alpha_stability_20260809/export_decom_msd_blocks.py
stage_crosschirality_C075_long_assets_20260810/run_9_9.sh,683,2026-08-10T02:05:43.286088+00:00,.sh,stage_crosschirality_C075_long_assets_20260810,stage_or_exploratory_snapshot,f67a9d6f1d606fe3fd0c57f226d0157368c68e3c93d8b05cc77a42c92e4c65c0,run_9_9.sh,2,/lustre/home/users/ewu/vb_gcmc/MD/cross_chirality_length_7_7_9_9_2L5L_3rep_20260730 | /lustre/home/users/ewu/vb_gcmc/MD/stage_lowfreq_decom_alpha_stability_20260809/export_decom_msd_blocks.py
stage_crosschirality_vacf_alpha_2L10_weaknh_20260814/analyze_cvv_alpha_crosschirality.py,7200,2026-08-14T16:07:45.590813+00:00,.py,stage_crosschirality_vacf_alpha_2L10_weaknh_20260814,stage_or_exploratory_snapshot,cfc77cdb3b25565b8ee8f9d095c1b5f20e6dc6d13dd8bad3e9d11e042b389ad5,analyze_cvv_alpha_crosschirality.py,2,/lustre/home/users/ewu/vb_gcmc/MD/viscfric_length_88_RH75_20260731/rethermalized_weakNH_nomom_cross_chirality_1L5L_2rep_20260804 | /lustre/home/users/ewu/vb_gcmc/MD/viscfric_length_all_chirality_RH75_20260806/long_weakNH_nomom_10L_100fs_10ns_3rep_20260806
stage_crosschirality_vacf_alpha_2L10_weaknh_20260814/recovery_9_9_L3_rep2/run.sh,360,2026-08-14T16:07:45.588813+00:00,.sh,stage_crosschirality_vacf_alpha_2L10_weaknh_20260814,stage_or_exploratory_snapshot,982cf21da526f4b949aeb4a465f04ebc01152379d9f78e7a54d82eacaac3490d,run.sh,0,
stage_crosschirality_vacf_alpha_2L10_weaknh_20260814/run_crosschirality_cvv_alpha_ode.sh,827,2026-08-14T16:07:45.593812+00:00,.sh,stage_crosschirality_vacf_alpha_2L10_weaknh_20260814,stage_or_exploratory_snapshot,92567def2a5db647fa474ec8215b5867ecc6d1425e6a0145ec9636d45d7214e8,run_crosschirality_cvv_alpha_ode.sh,2,/lustre/home/users/ewu/.conda/envs/HB_analysis/bin/python | /lustre/home/users/ewu/vb_gcmc/MD/stage_crosschirality_vacf_alpha_2L10_weaknh_20260814
stage_flexible_fixed_4L_20260809/analyze_5l_cross_sectional_current_modes.py,8325,2026-08-04T15:44:16.545578+00:00,.py,stage_flexible_fixed_4L_20260809,stage_or_exploratory_snapshot,7a3cb8326654e5bd3ab6bbbf241ccaa79d606c87c0e6b1640c7f40d7ac04d074,analyze_5l_cross_sectional_current_modes.py,0,
stage_flexible_fixed_4L_20260809/analyze_5l_dsf_welch.py,3562,2026-08-02T02:41:29.012834+00:00,.py,stage_flexible_fixed_4L_20260809,stage_or_exploratory_snapshot,db149f5b705964dc437b90eec1ce47fc18c3e8567c56fa050cb8efb676fbb7b7,analyze_5l_dsf_welch.py,0,
stage_flexible_fixed_4L_20260809/analyze_backflow_mode_coupling.py,10650,2026-08-03T14:40:55.187611+00:00,.py,stage_flexible_fixed_4L_20260809,stage_or_exploratory_snapshot,327ee1bd0909e2b16b9fb9a2075e725cffb63bb97a28e179303119dc01e98a96,analyze_backflow_mode_coupling.py,0,
stage_flexible_fixed_4L_20260809/analyze_caj_modes.py,2986,2026-08-09T14:56:01.973184+00:00,.py,stage_flexible_fixed_4L_20260809,stage_or_exploratory_snapshot,1bdaca20a643a9c05afd0d598d28ffb7d1246f56cd1d6184cc3f6985648c9b9e,analyze_caj_modes.py,0,
stage_flexible_fixed_4L_20260809/analyze_current_modes.py,8324,2026-08-03T03:57:20.963846+00:00,.py,stage_flexible_fixed_4L_20260809,stage_or_exploratory_snapshot,1f2943b99e9881cc1647196ef8791454a21cb1a97b3800c47a0e100ae0d0badc,analyze_current_modes.py,0,
stage_flexible_fixed_4L_20260809/analyze_lowfreq_msd_loglog_decade.py,4397,2026-08-09T14:16:08.412190+00:00,.py,stage_flexible_fixed_4L_20260809,stage_or_exploratory_snapshot,3e55189720033b64fe2285d079e862633f96a07a4fcf8fa2bbfa1ede90130261,analyze_lowfreq_msd_loglog_decade.py,0,
stage_flexible_fixed_4L_20260809/fit_gamma_4l.py,1340,2026-08-09T13:22:54.674632+00:00,.py,stage_flexible_fixed_4L_20260809,stage_or_exploratory_snapshot,10881ec1db5baeb894475e0693ffcc1fc92f66b318f781be40b1c5efbab4afd5,fit_gamma_4l.py,0,
stage_flexible_fixed_4L_20260809/run_cj_cvj_caj.sh,1979,2026-08-09T14:56:01.977193+00:00,.sh,stage_flexible_fixed_4L_20260809,stage_or_exploratory_snapshot,0d77df946bd0ed403cf86962dabe1c904085f50e5e14f161e70cf39084df2289,run_cj_cvj_caj.sh,4,/lustre/home/users/ewu/.conda/envs/HB_analysis/bin/python | /lustre/home/users/ewu/vb_gcmc/MD/cnt_flexible_8_8_4L_nve_cntcsvr_20260808/CNT_FLEXIBLE_8_8_L4_NVE_CNTCSVR_330K/CNT_FLEXIBLE_8_8_L4_NVE_CNTCSVR_330K_water_100fs_10ns.dump | /lustre/home/users/ewu/vb_gcmc/MD/flexible_fixed_4L_analysis_20260809/stage_flexible_fixed_4L_20260809 | /lustre/home/users/ewu/vb_gcmc/MD/remote_stage_88_length_scaling_20260719
stage_flexible_fixed_4L_20260809/run_decom_msd.sh,992,2026-08-09T14:16:08.414193+00:00,.sh,stage_flexible_fixed_4L_20260809,stage_or_exploratory_snapshot,947d045a75c9e23b461c15789cf236940d15862e014b50270bba6867f9e8a5bd,run_decom_msd.sh,4,/lustre/home/users/ewu/.conda/envs/HB_analysis/bin/python | /lustre/home/users/ewu/vb_gcmc/MD/cnt_flexible_8_8_4L_nve_cntcsvr_20260808/CNT_FLEXIBLE_8_8_L4_NVE_CNTCSVR_330K/CNT_FLEXIBLE_8_8_L4_NVE_CNTCSVR_330K_water_100fs_10ns.dump | /lustre/home/users/ewu/vb_gcmc/MD/flexible_fixed_4L_analysis_20260809/stage_flexible_fixed_4L_20260809 | /lustre/home/users/ewu/vb_gcmc/MD/length_extension_8_8_1L5L_20ns_20260727/4L_rep1/8_8_RH75_4L_rep1_extend20ns_water_1ps.dump
stage_flexible_fixed_4L_20260809/run_density_current_dsf.sh,1320,2026-08-09T14:44:21.924079+00:00,.sh,stage_flexible_fixed_4L_20260809,stage_or_exploratory_snapshot,f736b748951aaa7d96cfa334e7d64f184c83b8e8a6256278d30526ebf93c174b,run_density_current_dsf.sh,6,/lustre/home/users/ewu/.conda/envs/HB_analysis/bin/python | /lustre/home/users/ewu/vb_gcmc/MD/cnt_flexible_8_8_4L_nve_cntcsvr_20260808/CNT_FLEXIBLE_8_8_L4_NVE_CNTCSVR_330K/CNT_FLEXIBLE_8_8_L4_NVE_CNTCSVR_330K_water_100fs_10ns.dump | /lustre/home/users/ewu/vb_gcmc/MD/flexible_fixed_4L_analysis_20260809/stage_flexible_fixed_4L_20260809 | /lustre/home/users/ewu/vb_gcmc/MD/remote_stage_88_length_scaling_20260719/NVT20ns_4xL_8_8_RH75_N532_rep1_20260719/nvt20ns_8_8_RH75_4L_rep1_oxygen_10fs_1ns.dump | /lustre/home/users/ewu/vb_gcmc/MD/remote_stage_88_length_scaling_20260719/NVT20ns_4xL_8_8_RH75_N532_rep2_20260719/nvt20ns_8_8_RH75_4L_rep2_oxygen_10fs_1ns.dump | /lustre/home/users/ewu/vb_gcmc/MD/remote_stage_88_length_scaling_20260719/NVT20ns_4xL_8_8_RH75_N532_rep3_20260719/nvt20ns_8_8_RH75_4L_rep3_oxygen_10fs_1ns.dump
stage_flexible_fixed_4L_20260809/run_flexible_fixed_4L.sh,2583,2026-08-09T13:34:35.997531+00:00,.sh,stage_flexible_fixed_4L_20260809,stage_or_exploratory_snapshot,cefe23ff0a1c573e85bfbc73f299d1a609444f6f6483d969d8ec4eb69da1b64b,run_flexible_fixed_4L.sh,4,/lustre/home/users/ewu/.conda/envs/HB_analysis/bin/python | /lustre/home/users/ewu/vb_gcmc/MD/cnt_flexible_8_8_4L_nve_cntcsvr_20260808/CNT_FLEXIBLE_8_8_L4_NVE_CNTCSVR_330K/CNT_FLEXIBLE_8_8_L4_NVE_CNTCSVR_330K_water_100fs_10ns.dump | /lustre/home/users/ewu/vb_gcmc/MD/flexible_fixed_4L_analysis_20260809/stage_flexible_fixed_4L_20260809 | /lustre/home/users/ewu/vb_gcmc/MD/length_extension_8_8_1L5L_20ns_20260727/4L_rep1/8_8_RH75_4L_rep1_extend20ns_water_1ps.dump
stage_full_kz_transverse_4chirality_20260809/run_17_0.sh,581,2026-08-09T05:39:06.143430+00:00,.sh,stage_full_kz_transverse_4chirality_20260809,stage_or_exploratory_snapshot,971589e5cd11e845288c63191b3d111291efc10fafb6163240928907cd4a7045,run_17_0.sh,1,/lustre/home/users/ewu/vb_gcmc/MD/transverse_velocity_5L_10fs_weakNH_nomom_4chirality_20260808
stage_full_kz_transverse_4chirality_20260809/run_7_7.sh,577,2026-08-09T05:39:06.108429+00:00,.sh,stage_full_kz_transverse_4chirality_20260809,stage_or_exploratory_snapshot,19ae62842485ea76bd005f06162f94aa6674efb8195b7bfcfc0cf082b552d48e,run_7_7.sh,1,/lustre/home/users/ewu/vb_gcmc/MD/transverse_velocity_5L_10fs_weakNH_nomom_4chirality_20260808
stage_full_kz_transverse_4chirality_20260809/run_8_8.sh,577,2026-08-09T05:39:06.112423+00:00,.sh,stage_full_kz_transverse_4chirality_20260809,stage_or_exploratory_snapshot,1b13dda42957a933b58d3275f49710f3a8cd43787084a3fb9ca9e512c5090c54,run_8_8.sh,1,/lustre/home/users/ewu/vb_gcmc/MD/transverse_velocity_5L_10fs_weakNH_nomom_4chirality_20260808
stage_full_kz_transverse_4chirality_20260809/run_9_9.sh,577,2026-08-09T05:39:06.140431+00:00,.sh,stage_full_kz_transverse_4chirality_20260809,stage_or_exploratory_snapshot,99ba87f5e68afbe11ddddabf48560a91f2e67806280c4671224e190b4cfdd333,run_9_9.sh,1,/lustre/home/users/ewu/vb_gcmc/MD/transverse_velocity_5L_10fs_weakNH_nomom_4chirality_20260808
stage_implicit_C88_N1600_CJJ43_lowk_transverse_longlag_20260901/aggregate_plot_CJJ43_lowk_transverse.py,2939,2026-09-01T06:16:22.616194+00:00,.py,stage_implicit_C88_N1600_CJJ43_lowk_transverse_longlag_20260901,stage_or_exploratory_snapshot,22d42a0014ee1e21f82c1cf70ed51363b50bff7b960a2a0d0556414c2bc4dc43,aggregate_plot_CJJ43_lowk_transverse.py,0,
stage_implicit_C88_N1600_CJJ43_lowk_transverse_longlag_20260901/analyze_CJJ43_lowk_transverse.py,3876,2026-09-01T04:29:05.314607+00:00,.py,stage_implicit_C88_N1600_CJJ43_lowk_transverse_longlag_20260901,stage_or_exploratory_snapshot,b1ce241f1b4e6ab6e4cc057df9ee9affc510e159e76bf1dd8fc59aefc82c510c,analyze_CJJ43_lowk_transverse.py,0,
stage_implicit_C88_N1600_CJJ43_lowk_transverse_longlag_20260901/run_aggregate.pbs,562,2026-09-01T04:28:53.604101+00:00,.pbs,stage_implicit_C88_N1600_CJJ43_lowk_transverse_longlag_20260901,stage_or_exploratory_snapshot,c1428104df95a57554d3e78b505d37da957afafe188a6db71c1c2c2b24561e97,run_aggregate.pbs,1,/lustre/home/users/ewu/.conda/envs/HB_analysis/bin/python
stage_implicit_C88_N1600_CJJ43_lowk_transverse_longlag_20260901/run_rep1.pbs,604,2026-09-01T04:28:53.596092+00:00,.pbs,stage_implicit_C88_N1600_CJJ43_lowk_transverse_longlag_20260901,stage_or_exploratory_snapshot,50c01861dc800384689917e63658a7c9dd75805c0ed97f8afc19997db7319862,run_rep1.pbs,2,/lustre/home/users/ewu/.conda/envs/HB_analysis/bin/python | /lustre/home/users/ewu/vb_gcmc/MD/N1600_weakNH_6ns/rep1/production_100fs.dump
stage_implicit_C88_N1600_CJJ43_lowk_transverse_longlag_20260901/run_rep2.pbs,604,2026-09-01T04:28:53.599100+00:00,.pbs,stage_implicit_C88_N1600_CJJ43_lowk_transverse_longlag_20260901,stage_or_exploratory_snapshot,97509278b0754a82cfbbd049e0dd6fd73842941ee61201376f78a52e2ef7e275,run_rep2.pbs,2,/lustre/home/users/ewu/.conda/envs/HB_analysis/bin/python | /lustre/home/users/ewu/vb_gcmc/MD/N1600_weakNH_6ns/rep2/production_100fs.dump
stage_implicit_C88_N1600_CJJ43_lowk_transverse_longlag_20260901/run_rep3.pbs,604,2026-09-01T04:28:53.601098+00:00,.pbs,stage_implicit_C88_N1600_CJJ43_lowk_transverse_longlag_20260901,stage_or_exploratory_snapshot,9933cac782c398a1c5f430db07227b1e07503ea6f02e42be2b62b9f6f67a1841,run_rep3.pbs,2,/lustre/home/users/ewu/.conda/envs/HB_analysis/bin/python | /lustre/home/users/ewu/vb_gcmc/MD/N1600_weakNH_6ns/rep3/production_100fs.dump
stage_implicit_C88_N1600_CJJ43_lowk_transverse_longlag_20260901/run_rep4.pbs,604,2026-09-01T04:28:53.602098+00:00,.pbs,stage_implicit_C88_N1600_CJJ43_lowk_transverse_longlag_20260901,stage_or_exploratory_snapshot,55b4901265e015ce95418e46acf4fbfa2656f9a957262823436055da86e64208,run_rep4.pbs,2,/lustre/home/users/ewu/.conda/envs/HB_analysis/bin/python | /lustre/home/users/ewu/vb_gcmc/MD/N1600_weakNH_6ns/rep4/production_100fs.dump
stage_implicit_C88_N1600_LT_dualcadence_20260831/run_dualcadence_rep1.pbs,627,2026-08-31T13:51:39.274092+00:00,.pbs,stage_implicit_C88_N1600_LT_dualcadence_20260831,stage_or_exploratory_snapshot,7b0e2c1244a69bbd67de02821d3c01db301a5ea7bbd604b3cf7c315c8a41d67d,run_dualcadence_rep1.pbs,1,/lustre/home/users/ewu/lammps-cnt-remd/mylammps/build/lmp_rccs
stage_implicit_C88_N1600_LT_dualcadence_20260831/run_dualcadence_rep2.pbs,627,2026-08-31T13:51:39.987276+00:00,.pbs,stage_implicit_C88_N1600_LT_dualcadence_20260831,stage_or_exploratory_snapshot,acdbfca7e2aaf5d096feea86042bfe79da5433c8a63e2fd63d063da00c28878c,run_dualcadence_rep2.pbs,1,/lustre/home/users/ewu/lammps-cnt-remd/mylammps/build/lmp_rccs
stage_implicit_C88_N1600_LT_dualcadence_20260831/run_dualcadence_rep3.pbs,627,2026-08-31T13:51:40.945513+00:00,.pbs,stage_implicit_C88_N1600_LT_dualcadence_20260831,stage_or_exploratory_snapshot,8d06e3fc1dd4ed4e6906449522138a603b27f56827fc0311ab8ff83b22efc632,run_dualcadence_rep3.pbs,1,/lustre/home/users/ewu/lammps-cnt-remd/mylammps/build/lmp_rccs
stage_implicit_C88_N1600_LT_dualcadence_20260831/run_dualcadence_rep4.pbs,627,2026-08-31T13:51:41.517656+00:00,.pbs,stage_implicit_C88_N1600_LT_dualcadence_20260831,stage_or_exploratory_snapshot,a0a64dbf8cf15b53f7597200ae722829a0255ef9e48688c7880691022e17304d,run_dualcadence_rep4.pbs,1,/lustre/home/users/ewu/lammps-cnt-remd/mylammps/build/lmp_rccs
stage_implicit_C88_N1600_LT_dualcadence_analysis_20260901/aggregate_C88_CJJ59_LT.py,3193,2026-09-01T03:53:06.029509+00:00,.py,stage_implicit_C88_N1600_LT_dualcadence_analysis_20260901,stage_or_exploratory_snapshot,1d1b9b3a1b9c1b7024f674497fe1b1e3355444234bf13a24a8d8b7a711a71088,aggregate_C88_CJJ59_LT.py,0,
stage_implicit_C88_N1600_LT_dualcadence_analysis_20260901/analyze_C88_CJJ59_streaming_LT.py,11073,2026-09-01T01:30:52.895166+00:00,.py,stage_implicit_C88_N1600_LT_dualcadence_analysis_20260901,stage_or_exploratory_snapshot,f0a603136b0dd8870cc06c6343f630965580a11ffcd06d9484069cd74ccd05dc,analyze_C88_CJJ59_streaming_LT.py,0,
stage_implicit_C88_N1600_LT_dualcadence_analysis_20260901/plot_CJJ60_LT_panels.py,3530,2026-09-01T04:06:09.693824+00:00,.py,stage_implicit_C88_N1600_LT_dualcadence_analysis_20260901,stage_or_exploratory_snapshot,f5220e9bf6c2c7f2e8c0d0b303f87d12456a8713b33ed03bc6c8b1b191f110c7,plot_CJJ60_LT_panels.py,0,
stage_implicit_C88_N1600_LT_dualcadence_analysis_20260901/run_aggregate.pbs,546,2026-09-01T03:53:06.033027+00:00,.pbs,stage_implicit_C88_N1600_LT_dualcadence_analysis_20260901,stage_or_exploratory_snapshot,04b91e5d1a7b13e89813fdf2fa9ff6aee36a0ce8f6e231f21281f64dbc47d8db,run_aggregate.pbs,1,/lustre/home/users/ewu/.conda/envs/HB_analysis/bin/python
stage_implicit_C88_N1600_LT_dualcadence_analysis_20260901/run_streaming_rep1.pbs,1188,2026-09-01T03:21:03.931999+00:00,.pbs,stage_implicit_C88_N1600_LT_dualcadence_analysis_20260901,stage_or_exploratory_snapshot,65733b16bbe840e6ef15cda8550e2ffc27e2479b2bb51b4c2c5fd7e86d2c3470,run_streaming_rep1.pbs,2,/lustre/home/users/ewu/.conda/envs/HB_analysis/bin/python | /lustre/home/users/ewu/vb_gcmc/MD/stage_implicit_C88_N1600_LT_dualcadence_20260831/rep1
stage_implicit_C88_N1600_LT_dualcadence_analysis_20260901/run_streaming_rep2.pbs,1078,2026-09-01T03:21:03.935513+00:00,.pbs,stage_implicit_C88_N1600_LT_dualcadence_analysis_20260901,stage_or_exploratory_snapshot,dec3117ac7ba3cf50f6f0fd21fb066395196803750f83d70cf70be0ceba0946b,run_streaming_rep2.pbs,2,/lustre/home/users/ewu/.conda/envs/HB_analysis/bin/python | /lustre/home/users/ewu/vb_gcmc/MD/stage_implicit_C88_N1600_LT_dualcadence_20260831/rep2
stage_implicit_C88_N1600_LT_dualcadence_analysis_20260901/run_streaming_rep3.pbs,1078,2026-09-01T03:21:03.937513+00:00,.pbs,stage_implicit_C88_N1600_LT_dualcadence_analysis_20260901,stage_or_exploratory_snapshot,004f27d4276148b933c136cab5dd218da735e29afdd7ed18b26f7027fb234746,run_streaming_rep3.pbs,2,/lustre/home/users/ewu/.conda/envs/HB_analysis/bin/python | /lustre/home/users/ewu/vb_gcmc/MD/stage_implicit_C88_N1600_LT_dualcadence_20260831/rep3
stage_implicit_C88_N1600_LT_dualcadence_analysis_20260901/run_streaming_rep4.pbs,1078,2026-09-01T03:21:03.939512+00:00,.pbs,stage_implicit_C88_N1600_LT_dualcadence_analysis_20260901,stage_or_exploratory_snapshot,6dda451896b000c0acc834619c8421908498da49c37ac9a9eb3c6eb614131734,run_streaming_rep4.pbs,2,/lustre/home/users/ewu/.conda/envs/HB_analysis/bin/python | /lustre/home/users/ewu/vb_gcmc/MD/stage_implicit_C88_N1600_LT_dualcadence_20260831/rep4
stage_implicit_C88_N1600_helical_LT_CJJ43_20260901/analyze_helical_lt.py,3089,2026-09-01T06:25:20.957170+00:00,.py,stage_implicit_C88_N1600_helical_LT_CJJ43_20260901,stage_or_exploratory_snapshot,637fe087d4824f4c107aec07b8865297c716bfcf22727d8667a0e270a87463f5,analyze_helical_lt.py,0,
stage_implicit_C88_N1600_helical_LT_CJJ43_20260901/run_rep1.pbs,485,2026-09-01T06:25:42.245371+00:00,.pbs,stage_implicit_C88_N1600_helical_LT_CJJ43_20260901,stage_or_exploratory_snapshot,4dadf5c575b3f886aee4c93acb24de9daef56934cbe4d1c5e77b451553d7fd2d,run_rep1.pbs,2,/lustre/home/users/ewu/.conda/envs/HB_analysis/bin/python | /lustre/home/users/ewu/vb_gcmc/MD/N1600_weakNH_6ns/rep1/production_100fs.dump
stage_implicit_C88_N1600_helical_LT_CJJ43_20260901/run_rep2.pbs,485,2026-09-01T06:25:42.249372+00:00,.pbs,stage_implicit_C88_N1600_helical_LT_CJJ43_20260901,stage_or_exploratory_snapshot,d709d2af7286634ab75dfc717d6d199837135bb08ba091d3cfca1a84a78942bd,run_rep2.pbs,2,/lustre/home/users/ewu/.conda/envs/HB_analysis/bin/python | /lustre/home/users/ewu/vb_gcmc/MD/N1600_weakNH_6ns/rep2/production_100fs.dump
stage_implicit_C88_N1600_helical_LT_CJJ43_20260901/run_rep3.pbs,485,2026-09-01T06:25:42.251373+00:00,.pbs,stage_implicit_C88_N1600_helical_LT_CJJ43_20260901,stage_or_exploratory_snapshot,8b1664f0baf0fd4a84be7e916f186f8042a78bc3448db8d3a0bd583bb3a715fe,run_rep3.pbs,2,/lustre/home/users/ewu/.conda/envs/HB_analysis/bin/python | /lustre/home/users/ewu/vb_gcmc/MD/N1600_weakNH_6ns/rep3/production_100fs.dump
stage_implicit_C88_N1600_helical_LT_CJJ43_20260901/run_rep4.pbs,485,2026-09-01T06:25:42.253377+00:00,.pbs,stage_implicit_C88_N1600_helical_LT_CJJ43_20260901,stage_or_exploratory_snapshot,13d836bae1e8fc212d2a73ac83d8b5de2f9d1b4fa4de7ec8090481fbf9bbe2aa,run_rep4.pbs,2,/lustre/home/users/ewu/.conda/envs/HB_analysis/bin/python | /lustre/home/users/ewu/vb_gcmc/MD/N1600_weakNH_6ns/rep4/production_100fs.dump
stage_implicit_C88_N1600_multirate_VACF_alpha_20260901/aggregate_plot_multirate_vacf.py,4476,2026-09-01T06:16:22.620194+00:00,.py,stage_implicit_C88_N1600_multirate_VACF_alpha_20260901,stage_or_exploratory_snapshot,369278fab23f31127b6791ea129505618cd70e26e095083c3c485e52abce0a51,aggregate_plot_multirate_vacf.py,0,
stage_implicit_C88_N1600_multirate_VACF_alpha_20260901/analyze_direct_vacf.py,3075,2026-09-01T06:21:09.368842+00:00,.py,stage_implicit_C88_N1600_multirate_VACF_alpha_20260901,stage_or_exploratory_snapshot,0a8d19538a408f91f70cb6fc3abdb176a53665bc3bc36abb3d6c5a30ee634730,analyze_direct_vacf.py,0,
stage_implicit_C88_N1600_multirate_VACF_alpha_20260901/run_rep1.pbs,1127,2026-09-01T04:42:32.245881+00:00,.pbs,stage_implicit_C88_N1600_multirate_VACF_alpha_20260901,stage_or_exploratory_snapshot,d2dca0d7832a643372b85bd4833db97757f46886475ddd0ee97adf3b1016c043,run_rep1.pbs,3,/lustre/home/users/ewu/.conda/envs/HB_analysis/bin/python | /lustre/home/users/ewu/vb_gcmc/MD/N1600_weakNH_6ns/rep1/production_100fs.dump | /lustre/home/users/ewu/vb_gcmc/MD/stage_implicit_C88_N1600_LT_dualcadence_20260831/rep1
stage_implicit_C88_N1600_multirate_VACF_alpha_20260901/run_rep2.pbs,1127,2026-09-01T04:42:32.343827+00:00,.pbs,stage_implicit_C88_N1600_multirate_VACF_alpha_20260901,stage_or_exploratory_snapshot,8f4c7cde07ea17ac1d8836e569d9747a39a566779e3b2802968182056b5cbc97,run_rep2.pbs,3,/lustre/home/users/ewu/.conda/envs/HB_analysis/bin/python | /lustre/home/users/ewu/vb_gcmc/MD/N1600_weakNH_6ns/rep2/production_100fs.dump | /lustre/home/users/ewu/vb_gcmc/MD/stage_implicit_C88_N1600_LT_dualcadence_20260831/rep2
stage_implicit_C88_N1600_multirate_VACF_alpha_20260901/run_rep3.pbs,1127,2026-09-01T04:42:32.349339+00:00,.pbs,stage_implicit_C88_N1600_multirate_VACF_alpha_20260901,stage_or_exploratory_snapshot,9a94e660957f5194577a8e38c41b796876a7925635b2d13dbcb918dfb2aaf239,run_rep3.pbs,3,/lustre/home/users/ewu/.conda/envs/HB_analysis/bin/python | /lustre/home/users/ewu/vb_gcmc/MD/N1600_weakNH_6ns/rep3/production_100fs.dump | /lustre/home/users/ewu/vb_gcmc/MD/stage_implicit_C88_N1600_LT_dualcadence_20260831/rep3
stage_implicit_C88_N1600_multirate_VACF_alpha_20260901/run_rep4.pbs,1127,2026-09-01T04:42:32.352353+00:00,.pbs,stage_implicit_C88_N1600_multirate_VACF_alpha_20260901,stage_or_exploratory_snapshot,c23f20aa70cfa19b9a14382ac17d0ae660304e05efb3223e7a44c014a48d4761,run_rep4.pbs,3,/lustre/home/users/ewu/.conda/envs/HB_analysis/bin/python | /lustre/home/users/ewu/vb_gcmc/MD/N1600_weakNH_6ns/rep4/production_100fs.dump | /lustre/home/users/ewu/vb_gcmc/MD/stage_implicit_C88_N1600_LT_dualcadence_20260831/rep4
stage_implicit_C88_N1600_multirate_VACF_reconcile_20260901/reconcile_multirate_vacf.py,7149,2026-09-01T07:15:04.340552+00:00,.py,stage_implicit_C88_N1600_multirate_VACF_reconcile_20260901,stage_or_exploratory_snapshot,c51fbf446d14a48e535780945aef675db4df23f4fb85c42a55c26ff3ce7c5f93,reconcile_multirate_vacf.py,0,
stage_implicit_C88_N1600_self_distinct_20260901/analyze_C88_CJJ59_self_distinct.py,5163,2026-09-01T03:59:16.365569+00:00,.py,stage_implicit_C88_N1600_self_distinct_20260901,stage_or_exploratory_snapshot,a1fb8a0d6cb4208f20357fafd121c0ad649def6b6548683295e38d559c1474b9,analyze_C88_CJJ59_self_distinct.py,0,
stage_implicit_C88_N1600_self_distinct_20260901/run_self_distinct_rep1.pbs,882,2026-09-01T03:59:50.717546+00:00,.pbs,stage_implicit_C88_N1600_self_distinct_20260901,stage_or_exploratory_snapshot,83efeb36b6bed314c5bd946c936f5df24701cbb97e74eea367a7eb51dbd143c4,run_self_distinct_rep1.pbs,2,/lustre/home/users/ewu/.conda/envs/HB_analysis/bin/python | /lustre/home/users/ewu/vb_gcmc/MD/stage_implicit_C88_N1600_LT_dualcadence_20260831/rep1
stage_implicit_C88_N1600_self_distinct_20260901/run_self_distinct_rep2.pbs,882,2026-09-01T03:59:50.719561+00:00,.pbs,stage_implicit_C88_N1600_self_distinct_20260901,stage_or_exploratory_snapshot,c61385a84fd97669b41efe0e650f8b378cff81e9a0bd21f8e10275d715e7b853,run_self_distinct_rep2.pbs,2,/lustre/home/users/ewu/.conda/envs/HB_analysis/bin/python | /lustre/home/users/ewu/vb_gcmc/MD/stage_implicit_C88_N1600_LT_dualcadence_20260831/rep2
stage_implicit_C88_N1600_self_distinct_20260901/run_self_distinct_rep3.pbs,882,2026-09-01T03:59:50.721560+00:00,.pbs,stage_implicit_C88_N1600_self_distinct_20260901,stage_or_exploratory_snapshot,c8f024e81b66a7add83bcdeb3fab53c8294b740bf072264053f66c5e0bbeee63,run_self_distinct_rep3.pbs,2,/lustre/home/users/ewu/.conda/envs/HB_analysis/bin/python | /lustre/home/users/ewu/vb_gcmc/MD/stage_implicit_C88_N1600_LT_dualcadence_20260831/rep3
stage_implicit_C88_N1600_self_distinct_20260901/run_self_distinct_rep4.pbs,882,2026-09-01T03:59:50.723560+00:00,.pbs,stage_implicit_C88_N1600_self_distinct_20260901,stage_or_exploratory_snapshot,0fccb5f7f941d032a8fe50146aa61f067878d8cd106dbd6795d8d835c10c8d0d,run_self_distinct_rep4.pbs,2,/lustre/home/users/ewu/.conda/envs/HB_analysis/bin/python | /lustre/home/users/ewu/vb_gcmc/MD/stage_implicit_C88_N1600_LT_dualcadence_20260831/rep4
stage_implicit_C88_N1600_self_distinct_aggregate_20260901/aggregate_self_distinct.py,5308,2026-09-01T14:28:34.495418+00:00,.py,stage_implicit_C88_N1600_self_distinct_aggregate_20260901,stage_or_exploratory_snapshot,230910b00589ae63af394ab4217975788658c6892b3e031f25349336764ff2af,aggregate_self_distinct.py,0,
stage_implicit_C88_N3200_weakNH_6ns_100fs_4rep_20260901/audit_phiJ_N800_to_N1600_interpolation.py,14137,2026-09-01T08:30:45.109833+00:00,.py,stage_implicit_C88_N3200_weakNH_6ns_100fs_4rep_20260901,stage_or_exploratory_snapshot,3575fba72b9d098b978df023a6cafca3150e45d9db9af3a04ae30ea3fd3c07b4,audit_phiJ_N800_to_N1600_interpolation.py,0,
stage_implicit_C88_N3200_weakNH_6ns_100fs_4rep_20260901/build_N1600_to_N800_exact_evenmode_projection.py,5682,2026-09-01T07:24:44.718686+00:00,.py,stage_implicit_C88_N3200_weakNH_6ns_100fs_4rep_20260901,stage_or_exploratory_snapshot,fe9ae778b711ceac29e68bc9fe0303f2276e32e189415b44f246e5eb6d07dff0,build_N1600_to_N800_exact_evenmode_projection.py,0,
stage_implicit_C88_N3200_weakNH_6ns_100fs_4rep_20260901/build_blinded_N3200_prediction.py,7759,2026-09-01T06:30:54.367610+00:00,.py,stage_implicit_C88_N3200_weakNH_6ns_100fs_4rep_20260901,stage_or_exploratory_snapshot,010baa01e57af9b6c94666d91c1f4d56be2b8125a7c5b413d45653c5e6912763,build_blinded_N3200_prediction.py,0,
stage_implicit_C88_N3200_weakNH_6ns_100fs_4rep_20260901/build_complete_discrete_mode_sum_N3200.py,6802,2026-09-01T07:06:25.438215+00:00,.py,stage_implicit_C88_N3200_weakNH_6ns_100fs_4rep_20260901,stage_or_exploratory_snapshot,7fbb4e3ff3ab91315a3d467720fe6e541e8b8dc53079530646eea891869ce05d,build_complete_discrete_mode_sum_N3200.py,0,
stage_implicit_C88_N3200_weakNH_6ns_100fs_4rep_20260901/build_lowk_extrapolated_N3200_prediction.py,12496,2026-09-01T06:59:45.527737+00:00,.py,stage_implicit_C88_N3200_weakNH_6ns_100fs_4rep_20260901,stage_or_exploratory_snapshot,922ceb2498dcb5660bf0aa7cb1870dc9c669c8f60310b635bcac5692df2f5a59,build_lowk_extrapolated_N3200_prediction.py,0,
stage_implicit_C88_N3200_weakNH_6ns_100fs_4rep_20260901/build_seedwise_verified_N3200_mode_sum.py,7398,2026-09-01T07:12:37.015821+00:00,.py,stage_implicit_C88_N3200_weakNH_6ns_100fs_4rep_20260901,stage_or_exploratory_snapshot,b446ae8117b63ccee135fa74201ae4111df8a814e12ca139e6764950bf49d046,build_seedwise_verified_N3200_mode_sum.py,0,
stage_implicit_C88_N3200_weakNH_6ns_100fs_4rep_20260901/localize_phaseDHO_VACF_lobe_residuals.py,9474,2026-09-01T10:36:30.431245+00:00,.py,stage_implicit_C88_N3200_weakNH_6ns_100fs_4rep_20260901,stage_or_exploratory_snapshot,9596d8c3be7431398d363e763118fd9626fe41a892689b86f1105ddecb886abd,localize_phaseDHO_VACF_lobe_residuals.py,0,
stage_implicit_C88_N3200_weakNH_6ns_100fs_4rep_20260901/roundtrip_N1600_syntheticN800_backtoN1600.py,10309,2026-09-01T07:34:30.631698+00:00,.py,stage_implicit_C88_N3200_weakNH_6ns_100fs_4rep_20260901,stage_or_exploratory_snapshot,0d301f45405ac522d3e66a8048287afb951c8704aced9fec69fefca7b45c2888,roundtrip_N1600_syntheticN800_backtoN1600.py,0,
stage_implicit_C88_N3200_weakNH_6ns_100fs_4rep_20260901/run_N3200_weakNH_rep1.pbs,627,2026-09-01T06:30:54.378619+00:00,.pbs,stage_implicit_C88_N3200_weakNH_6ns_100fs_4rep_20260901,stage_or_exploratory_snapshot,a9994cd42dc67c1c1f305d9282f6579d4b0c3153fb3a73cf26020cbb0568f58b,run_N3200_weakNH_rep1.pbs,1,/lustre/home/users/ewu/lammps-cnt-remd/mylammps/build/lmp_rccs
stage_implicit_C88_N3200_weakNH_6ns_100fs_4rep_20260901/run_N3200_weakNH_rep2.pbs,627,2026-09-01T06:30:54.380621+00:00,.pbs,stage_implicit_C88_N3200_weakNH_6ns_100fs_4rep_20260901,stage_or_exploratory_snapshot,c595b1876995410504d8e34222bdc762e8f26ff42b14afac557fb1159a371be3,run_N3200_weakNH_rep2.pbs,1,/lustre/home/users/ewu/lammps-cnt-remd/mylammps/build/lmp_rccs
stage_implicit_C88_N3200_weakNH_6ns_100fs_4rep_20260901/run_N3200_weakNH_rep3.pbs,627,2026-09-01T06:30:54.383621+00:00,.pbs,stage_implicit_C88_N3200_weakNH_6ns_100fs_4rep_20260901,stage_or_exploratory_snapshot,6804eca27b415a4f9abd3f96fdc97370abef0442ef2da3456d7abb499905efbd,run_N3200_weakNH_rep3.pbs,1,/lustre/home/users/ewu/lammps-cnt-remd/mylammps/build/lmp_rccs
stage_implicit_C88_N3200_weakNH_6ns_100fs_4rep_20260901/run_N3200_weakNH_rep4.pbs,626,2026-09-01T06:30:54.385621+00:00,.pbs,stage_implicit_C88_N3200_weakNH_6ns_100fs_4rep_20260901,stage_or_exploratory_snapshot,60166821ceb8dc8f8a2093fde2e26fea65bd1e00e11517f8291428f969bc1df8,run_N3200_weakNH_rep4.pbs,1,/lustre/home/users/ewu/lammps-cnt-remd/mylammps/build/lmp_rccs
stage_implicit_C88_N3200_weakNH_6ns_100fs_4rep_20260901/test_phaseDHO_ab_N800_to_N1600.py,14417,2026-09-01T08:44:00.295500+00:00,.py,stage_implicit_C88_N3200_weakNH_6ns_100fs_4rep_20260901,stage_or_exploratory_snapshot,71f9031dba248f9609a929a6f677fa0a635e8de0a7d2bbb0227938d6c494bd8d,test_phaseDHO_ab_N800_to_N1600.py,0,
stage_implicit_C88_N3200_weakNH_6ns_100fs_4rep_20260901/test_phaseDHO_then_Fs_W_N800_to_N1600.py,9759,2026-09-01T08:46:03.119627+00:00,.py,stage_implicit_C88_N3200_weakNH_6ns_100fs_4rep_20260901,stage_or_exploratory_snapshot,5223bb321e5ef74759d40e44cdaf47ee532150b5a3194772df74fb190be7e61f,test_phaseDHO_then_Fs_W_N800_to_N1600.py,0,
stage_implicit_C88_N800_reverse_vertex_20260901/run_N800_actual_vertex.pbs,732,2026-09-01T07:29:08.577846+00:00,.pbs,stage_implicit_C88_N800_reverse_vertex_20260901,stage_or_exploratory_snapshot,67388df0051007fe743a1ec1529670a2af9b8cb70612a75ae6fd2a028c250650,run_N800_actual_vertex.pbs,1,/lustre/home/users/ewu/.conda/envs/HB_analysis/bin/python
stage_implicit_C88_static_vertex_VACF_20260831/analyze_implicit_C88_static_vertex_vacf.py,11406,2026-08-31T02:50:47.643406+00:00,.py,stage_implicit_C88_static_vertex_VACF_20260831,stage_or_exploratory_snapshot,97b97e8439eaff1bce491335f2d8ae1b929fe79ebfe5fad3ba3e97cb061b3177,analyze_implicit_C88_static_vertex_vacf.py,0,
stage_implicit_C88_static_vertex_VACF_20260831/run_implicit_C88_static_vertex_vacf.pbs,1177,2026-08-31T02:50:38.170009+00:00,.pbs,stage_implicit_C88_static_vertex_VACF_20260831,stage_or_exploratory_snapshot,e0e0a1b09e2c15082eb1b9f66a7bdf3e02a2ae0b4cc7b3e5700d816b78778ec8,run_implicit_C88_static_vertex_vacf.pbs,3,/lustre/home/users/ewu/.conda/envs/HB_analysis/bin/python | /lustre/home/users/ewu/vb_gcmc/MD | /lustre/home/users/ewu/vb_gcmc/MD/stage_implicit_C88_static_vertex_VACF_20260831
stage_lowfreq_alphaz_loglog_8_8_20260806/run.sh,916,2026-08-06T05:50:38.891731+00:00,.sh,stage_lowfreq_alphaz_loglog_8_8_20260806,stage_or_exploratory_snapshot,95acc58e41d27206e6f46326bb4c870500ebae47a8633f41972489d43c1ca160,run.sh,2,/lustre/home/users/ewu/vb_gcmc/MD/independent_seeds_8_8_1L5L_2x20ns_20260728 | /lustre/home/users/ewu/vb_gcmc/MD/length_extension_8_8_1L5L_20ns_20260727
stage_lowfreq_cvj_crosschirality_20260806/analyze_lowfreq_cvj_n1.py,3580,2026-08-06T09:08:01.828679+00:00,.py,stage_lowfreq_cvj_crosschirality_20260806,stage_or_exploratory_snapshot,0224f602f5697e2c363ca719c317cd531dac1d8ac2115b8c622ed76548b3e679,analyze_lowfreq_cvj_n1.py,0,
stage_lowfreq_cvj_crosschirality_20260806/run.sh,804,2026-08-06T09:06:53.399311+00:00,.sh,stage_lowfreq_cvj_crosschirality_20260806,stage_or_exploratory_snapshot,1a86fd3236dd151d847f4db8ee74b8b08cf110d9dd564fd6ea9b5fed04484834,run.sh,1,/lustre/home/users/ewu/vb_gcmc/MD/cross_chirality_length_7_7_9_9_2L5L_3rep_20260730
stage_lowfreq_decom_alpha_collapse_20260809/analyze_decom_msd_loglog_decade.py,4205,2026-08-09T13:27:18.916467+00:00,.py,stage_lowfreq_decom_alpha_collapse_20260809,stage_or_exploratory_snapshot,51bbe2aba55bc1d71e3bb0e1d9ee347bb705d3060a83e1879a84f8678b55b2dd,analyze_decom_msd_loglog_decade.py,0,
stage_lowfreq_decom_alpha_collapse_20260809/run.sh,998,2026-08-09T13:27:19.086604+00:00,.sh,stage_lowfreq_decom_alpha_collapse_20260809,stage_or_exploratory_snapshot,aa87b8ee267a55628ccea3db01b10722edf41ddddafd6d0f4e5d637cfe544d20,run.sh,2,/lustre/home/users/ewu/vb_gcmc/MD/independent_seeds_8_8_1L5L_2x20ns_20260728 | /lustre/home/users/ewu/vb_gcmc/MD/length_extension_8_8_1L5L_20ns_20260727
stage_lowfreq_decom_alpha_stability_20260809/export_decom_msd_blocks.py,2228,2026-08-09T14:19:27.671635+00:00,.py,stage_lowfreq_decom_alpha_stability_20260809,stage_or_exploratory_snapshot,7a4f9cceddcdb4126855971f75c888099a2a2436f0445fdbaee8e69438714afc,export_decom_msd_blocks.py,0,
stage_lowfreq_decom_alpha_stability_20260809/run.sh,873,2026-08-09T14:19:27.726633+00:00,.sh,stage_lowfreq_decom_alpha_stability_20260809,stage_or_exploratory_snapshot,6617542a536928db2ddc36b690857a0fb272d6102398e032c912bbdfc84ebb5c,run.sh,2,/lustre/home/users/ewu/vb_gcmc/MD/independent_seeds_8_8_1L5L_2x20ns_20260728 | /lustre/home/users/ewu/vb_gcmc/MD/length_extension_8_8_1L5L_20ns_20260727
stage_lowfreq_vacf_crosschirality_20260806/run.sh,835,2026-08-06T03:45:55.901840+00:00,.sh,stage_lowfreq_vacf_crosschirality_20260806,stage_or_exploratory_snapshot,8bbc6a8a0e3f261b01323362b50c09ff86a96935cc4d2ef43ff2dfe7aca78823,run.sh,1,/lustre/home/users/ewu/vb_gcmc/MD/cross_chirality_length_7_7_9_9_2L5L_3rep_20260730
stage_nve_drift_8_8_L2L4_1ns_20260821/run.template.sh,363,2026-08-21T10:53:12.742561+00:00,.sh,stage_nve_drift_8_8_L2L4_1ns_20260821,stage_or_exploratory_snapshot,a3252f3c6d66981f7dc2b2e448a5b430b1f2761c82969c6c823e6547f6af819a,run.template.sh,0,
stage_nve_drift_8_8_L2L4_1ns_20260821/stage_submit.sh,897,2026-08-21T10:53:12.745067+00:00,.sh,stage_nve_drift_8_8_L2L4_1ns_20260821,stage_or_exploratory_snapshot,c75514119dbdb83ccfa926ec5823db449b59930c277805bcfe6c214cba551d1d,stage_submit.sh,1,/lustre/home/users/ewu/vb_gcmc/MD/stage_vacf_tail_8_8_L2L5_extra5rep_weaknh_nomom_1ns_10fs_20260820_v2
stage_nve_drift_8_8_L2L4_1ns_20260821_v2/run.template.sh,363,2026-08-21T10:53:12.742561+00:00,.sh,stage_nve_drift_8_8_L2L4_1ns_20260821_v2,stage_or_exploratory_snapshot,a3252f3c6d66981f7dc2b2e448a5b430b1f2761c82969c6c823e6547f6af819a,run.template.sh,0,
stage_nve_drift_8_8_L2L4_1ns_20260821_v2/stage_submit.sh,897,2026-08-21T10:53:12.745067+00:00,.sh,stage_nve_drift_8_8_L2L4_1ns_20260821_v2,stage_or_exploratory_snapshot,c75514119dbdb83ccfa926ec5823db449b59930c277805bcfe6c214cba551d1d,stage_submit.sh,1,/lustre/home/users/ewu/vb_gcmc/MD/stage_vacf_tail_8_8_L2L5_extra5rep_weaknh_nomom_1ns_10fs_20260820_v2
stage_nve_explicit_implicit_20260824.sh,8534,2026-08-24T07:54:24.124808+00:00,.sh,stage_nve_explicit_implicit_20260824.sh,stage_or_exploratory_snapshot,29454323b27d983f0a70f62ea4ade98ba0c88ada4599073fd62a4769934f2d65,stage_nve_explicit_implicit_20260824.sh,7,/lustre/home/users/ewu/.conda/envs/HB_analysis/bin/python | /lustre/home/users/ewu/vb_gcmc/MD/N1600_weakNH_6ns/NVE_compare_fullwater_2ns_20260824 | /lustre/home/users/ewu/vb_gcmc/MD/N1600_weakNH_6ns/rep | /lustre/home/users/ewu/vb_gcmc/MD/NVE_collective_mode_pipeline_20260824/scripts | /lustre/home/users/ewu/vb_gcmc/MD/RH75_replicated_length_NVT20ns_20260718/NVT20ns_3xL_8_8_P4p389kPa_T330K_RH75_N399_1ps_20260718/BNC.tersoff | /lustre/home/users/ewu/vb_gcmc/MD/stage_vacf_tail_8_8_L2L5_4rep_weaknh_nomom_10ns_100fs_20260821/5L/rep | /lustre/home/users/ewu/vb_gcmc/MD/stage_vacf_tail_8_8_L2L5_4rep_weaknh_nomom_10ns_100fs_20260821/NVE_compare_fullwater_2ns_20260824
stage_nve_temperature_gate_88_L5_4seed_strongNH10fs_toNVE5ns_20260828/run_L5_strongNH_to_NVE_array.sh,948,2026-08-28T14:29:12.718633+00:00,.sh,stage_nve_temperature_gate_88_L5_4seed_strongNH10fs_toNVE5ns_20260828,stage_or_exploratory_snapshot,6b3308ce1406a9f76fc44b881049dde955a97a7f28d55a0416b446a97c7fdf9e,run_L5_strongNH_to_NVE_array.sh,2,/lustre/home/users/ewu/vb_gcmc/MD/88_L5_nve_csvr_8seed_20260821 | /lustre/home/users/ewu/vb_gcmc/MD/stage_nve_temperature_gate_88_L5_4seed_strongNH10fs_toNVE5ns_20260828
stage_refit_implicitC88_Pz_ACF_fast_20260824.sh,666,2026-08-24T10:02:57.824407+00:00,.sh,stage_refit_implicitC88_Pz_ACF_fast_20260824.sh,stage_or_exploratory_snapshot,623d9deb13d7f849f096da59e1455f1783d54e7b66805a7a5d8c8b151ed526e4,stage_refit_implicitC88_Pz_ACF_fast_20260824.sh,2,/lustre/home/users/ewu/.conda/envs/HB_analysis/bin/python | /lustre/home/users/ewu/vb_gcmc/MD/N1600_weakNH_6ns
stage_retry_implicitC88_NVE_from_finaldata_20260825.sh,4017,2026-08-24T19:11:46.088330+00:00,.sh,stage_retry_implicitC88_NVE_from_finaldata_20260825.sh,stage_or_exploratory_snapshot,11636aa42774afc7a184aea0ed667824497d56d3fc53f0b2c3f82d4e885d382d,stage_retry_implicitC88_NVE_from_finaldata_20260825.sh,5,/lustre/home/users/ewu/.conda/envs/HB_analysis/bin/python | /lustre/home/users/ewu/lammps-cnt-remd/mylammps/build/lmp_rccs | /lustre/home/users/ewu/vb_gcmc/MD/N1600_weakNH_6ns/NVE_compare_fullwater_2ns_v5_finaldata_originalcntlmp_20260825 | /lustre/home/users/ewu/vb_gcmc/MD/N1600_weakNH_6ns/rep | /lustre/home/users/ewu/vb_gcmc/MD/NVE_collective_mode_pipeline_20260824/scripts
stage_static_longitudinal_4chirality_20260809/run_17_0.sh,574,2026-08-09T13:23:12.414776+00:00,.sh,stage_static_longitudinal_4chirality_20260809,stage_or_exploratory_snapshot,1cfaa54586eb6fcc851343b894174c48a3fa624fa037e45d10f45fb3ad00baf9,run_17_0.sh,1,/lustre/home/users/ewu/vb_gcmc/MD/transverse_velocity_5L_10fs_weakNH_nomom_4chirality_20260808
stage_static_longitudinal_4chirality_20260809/run_7_7.sh,570,2026-08-09T13:23:11.939528+00:00,.sh,stage_static_longitudinal_4chirality_20260809,stage_or_exploratory_snapshot,76b7dd6e3eac3284b5461813ccb35c45033d96d2c5924503b25fdefac21e2682,run_7_7.sh,1,/lustre/home/users/ewu/vb_gcmc/MD/transverse_velocity_5L_10fs_weakNH_nomom_4chirality_20260808
stage_static_longitudinal_4chirality_20260809/run_8_8.sh,570,2026-08-09T13:23:12.084743+00:00,.sh,stage_static_longitudinal_4chirality_20260809,stage_or_exploratory_snapshot,1310af8dd65e70a56dfb6e09683ef89130427080311d00860c06432c2f4cdaea,run_8_8.sh,1,/lustre/home/users/ewu/vb_gcmc/MD/transverse_velocity_5L_10fs_weakNH_nomom_4chirality_20260808
stage_static_longitudinal_4chirality_20260809/run_9_9.sh,570,2026-08-09T13:23:12.207927+00:00,.sh,stage_static_longitudinal_4chirality_20260809,stage_or_exploratory_snapshot,07ad61617367094ed76a07b4f739ad43ac1382e86d7cdcc7d98d5da1bb809286,run_9_9.sh,1,/lustre/home/users/ewu/vb_gcmc/MD/transverse_velocity_5L_10fs_weakNH_nomom_4chirality_20260808
stage_theta_decom_88_L2L10_100fs_10ns_20260826/aggregate_m0_rotation_oxygen_stride.py,6660,2026-08-27T01:45:52.458535+00:00,.py,stage_theta_decom_88_L2L10_100fs_10ns_20260826,stage_or_exploratory_snapshot,5fc5270bde9dccf4909292afa4e6f3cf2bf1d62c626e1f63f10226696f240097,aggregate_m0_rotation_oxygen_stride.py,0,
stage_theta_decom_88_L2L10_100fs_10ns_20260826/aggregate_relative_angular_current.py,5349,2026-08-27T02:23:59.140612+00:00,.py,stage_theta_decom_88_L2L10_100fs_10ns_20260826,stage_or_exploratory_snapshot,a029299a40315f07b9b2f8c76e66edbf4fb0f3a3cbb0ef37bc9258b5b417608a,aggregate_relative_angular_current.py,0,
stage_theta_decom_88_L2L10_100fs_10ns_20260826/analyze_L2L5L10_vacf_exit_offset.py,3584,2026-08-27T08:05:32.298044+00:00,.py,stage_theta_decom_88_L2L10_100fs_10ns_20260826,stage_or_exploratory_snapshot,ff100c539ae8ddf93fbd9b861660472e0e70ab9711cbf4190ab10d353f29d1ac,analyze_L2L5L10_vacf_exit_offset.py,0,
stage_theta_decom_88_L2L10_100fs_10ns_20260826/analyze_L2L5_vacf_kmin_Fs_mechanism.py,4896,2026-08-27T08:00:51.907393+00:00,.py,stage_theta_decom_88_L2L10_100fs_10ns_20260826,stage_or_exploratory_snapshot,80c235ce6283f17391793fcdeb187fbb14b16fc45f8505e9bfea6f7ad4292a86,analyze_L2L5_vacf_kmin_Fs_mechanism.py,0,
stage_theta_decom_88_L2L10_100fs_10ns_20260826/analyze_Lz_vacf_positive_alpha.py,5983,2026-08-27T08:42:13.470220+00:00,.py,stage_theta_decom_88_L2L10_100fs_10ns_20260826,stage_or_exploratory_snapshot,faa881e801c99a31d4a5fe9fa5e6b2c21e1d808b543ce48406e796f3d528c62a,analyze_Lz_vacf_positive_alpha.py,0,
stage_theta_decom_88_L2L10_100fs_10ns_20260826/analyze_alpha_z_rebound_peak_100fs.py,7901,2026-08-27T09:11:55.314903+00:00,.py,stage_theta_decom_88_L2L10_100fs_10ns_20260826,stage_or_exploratory_snapshot,c076c17b09528c4c84ce0bed521966ddb5aaf86cd755365069fb8c841600715b,analyze_alpha_z_rebound_peak_100fs.py,0,
stage_theta_decom_88_L2L10_100fs_10ns_20260826/analyze_axial_m0_modecoupling_screen.py,6778,2026-08-27T03:18:23.339603+00:00,.py,stage_theta_decom_88_L2L10_100fs_10ns_20260826,stage_or_exploratory_snapshot,61316f46347e78d45a3caf4ac0d81095d5afd0d77a2bdf2d046f33d14376330d,analyze_axial_m0_modecoupling_screen.py,0,
stage_theta_decom_88_L2L10_100fs_10ns_20260826/analyze_ct_theta_m0_kn.py,8293,2026-08-27T02:35:53.708393+00:00,.py,stage_theta_decom_88_L2L10_100fs_10ns_20260826,stage_or_exploratory_snapshot,761888309bbec6a0645e4905c5b35746043687f0479fcd45095b5a9a949c8513,analyze_ct_theta_m0_kn.py,0,
stage_theta_decom_88_L2L10_100fs_10ns_20260826/analyze_ct_theta_m0_kn_acf.py,3774,2026-08-27T02:46:13.537416+00:00,.py,stage_theta_decom_88_L2L10_100fs_10ns_20260826,stage_or_exploratory_snapshot,a31bf5f3658a62e4e720f44b5cc52c3fa784aa53e57dc4beedfd05f028fe8ae8,analyze_ct_theta_m0_kn_acf.py,0,
stage_theta_decom_88_L2L10_100fs_10ns_20260826/analyze_helical_self_isf_k1.py,12931,2026-08-27T10:34:51.765177+00:00,.py,stage_theta_decom_88_L2L10_100fs_10ns_20260826,stage_or_exploratory_snapshot,c3a7e393cfa7d1d7fd5b47d86fb322dc6b45b7115a4cc581d8bcabe186e7bb95,analyze_helical_self_isf_k1.py,0,
stage_theta_decom_88_L2L10_100fs_10ns_20260826/analyze_lowk_m1_dynamic_projection.py,6972,2026-08-27T04:50:28.957035+00:00,.py,stage_theta_decom_88_L2L10_100fs_10ns_20260826,stage_or_exploratory_snapshot,d538fc1a6d691ed232e9571324d3478d47d68d179f3a07ec56408dfb5e1fd881,analyze_lowk_m1_dynamic_projection.py,0,
stage_theta_decom_88_L2L10_100fs_10ns_20260826/analyze_m0_n11n20_negative_lobe.py,7824,2026-08-27T05:25:07.194449+00:00,.py,stage_theta_decom_88_L2L10_100fs_10ns_20260826,stage_or_exploratory_snapshot,27fc41aec2ccace6118508b3452b3bc786cbd2edce08df89f3a264631fc99a1c,analyze_m0_n11n20_negative_lobe.py,0,
stage_theta_decom_88_L2L10_100fs_10ns_20260826/analyze_m0_odd_even_counterfactual.py,5483,2026-08-27T05:18:47.297569+00:00,.py,stage_theta_decom_88_L2L10_100fs_10ns_20260826,stage_or_exploratory_snapshot,c1823d2c37b317126bbaba4d04dd9d44e60d95b016f73bf80b20c61c7e897fc3,analyze_m0_odd_even_counterfactual.py,0,
stage_theta_decom_88_L2L10_100fs_10ns_20260826/analyze_m0_rotation_oxygen_stride.py,9440,2026-08-27T01:27:55.541949+00:00,.py,stage_theta_decom_88_L2L10_100fs_10ns_20260826,stage_or_exploratory_snapshot,bbbbe8eb7a09365e8e98ee1857f5a2422c70cf2ab0ca4b3313379adfd7c5d44f,analyze_m0_rotation_oxygen_stride.py,0,
stage_theta_decom_88_L2L10_100fs_10ns_20260826/analyze_relative_angular_current_stride.py,7308,2026-08-27T01:59:06.208071+00:00,.py,stage_theta_decom_88_L2L10_100fs_10ns_20260826,stage_or_exploratory_snapshot,b702f13ca22c0b73282d37c55f99e2354f0fb6b52320124dfa75713a6c90ad9a,analyze_relative_angular_current_stride.py,0,
stage_theta_decom_88_L2L10_100fs_10ns_20260826/analyze_smallm_polarization_lifetime.py,4343,2026-08-27T03:33:49.673781+00:00,.py,stage_theta_decom_88_L2L10_100fs_10ns_20260826,stage_or_exploratory_snapshot,b669dc5ba4bd91d4fe7f6cb6c4b93e8629b8a08ee79694fefa7675ae30aba28d,analyze_smallm_polarization_lifetime.py,0,
stage_theta_decom_88_L2L10_100fs_10ns_20260826/analyze_tagged_collective_vertex_m0.py,8568,2026-08-27T04:31:30.591889+00:00,.py,stage_theta_decom_88_L2L10_100fs_10ns_20260826,stage_or_exploratory_snapshot,c484f4df67101151ccf8f457230b345b1f30ad241ea229b2335afebe21299595,analyze_tagged_collective_vertex_m0.py,0,
stage_theta_decom_88_L2L10_100fs_10ns_20260826/analyze_tagged_collective_vertex_mixed_pairs.py,5883,2026-08-27T04:39:56.272916+00:00,.py,stage_theta_decom_88_L2L10_100fs_10ns_20260826,stage_or_exploratory_snapshot,7dfe72108dac78f2b63bd2d0c17ff33219142ef7f1ab2dd5fee0750ca18afa3c,analyze_tagged_collective_vertex_mixed_pairs.py,0,
stage_theta_decom_88_L2L10_100fs_10ns_20260826/analyze_theta_m0_factorization_m1m4.py,9457,2026-08-27T02:59:51.253649+00:00,.py,stage_theta_decom_88_L2L10_100fs_10ns_20260826,stage_or_exploratory_snapshot,582bf28566a333e990b7841a9910ee5cad5b2cef48bd5397e2685d5d921a721d,analyze_theta_m0_factorization_m1m4.py,0,
stage_theta_decom_88_L2L10_100fs_10ns_20260826/analyze_theta_rep.py,8952,2026-08-26T10:56:44.361490+00:00,.py,stage_theta_decom_88_L2L10_100fs_10ns_20260826,stage_or_exploratory_snapshot,3553aca28fbd9defaea6c13e15a78e960c582258ab163a2c22802201a386ba95,analyze_theta_rep.py,0,
stage_theta_decom_88_L2L10_100fs_10ns_20260826/analyze_theta_rep_memmap.py,12135,2026-08-27T01:25:01.943863+00:00,.py,stage_theta_decom_88_L2L10_100fs_10ns_20260826,stage_or_exploratory_snapshot,8ce64a54e204e609ff9c3706f825e3da18954539d842d303a2d26a6902817165,analyze_theta_rep_memmap.py,0,
stage_theta_decom_88_L2L10_100fs_10ns_20260826/analyze_unnormalized_cjj_static_screen.py,9908,2026-08-27T04:21:19.451155+00:00,.py,stage_theta_decom_88_L2L10_100fs_10ns_20260826,stage_or_exploratory_snapshot,3a8748fbd4b31982b043c91e789b646c51aac8f4200437bee1510d5e348978cd,analyze_unnormalized_cjj_static_screen.py,0,
stage_theta_decom_88_L2L10_100fs_10ns_20260826/analyze_viscoelastic_mixed_band.py,8120,2026-08-27T03:44:45.576220+00:00,.py,stage_theta_decom_88_L2L10_100fs_10ns_20260826,stage_or_exploratory_snapshot,6da0937e6b7bdd80cbd557ddf0720a9942d84dc26b9526eb43f510240a6060c8,analyze_viscoelastic_mixed_band.py,0,
stage_theta_decom_88_L2L10_100fs_10ns_20260826/audit_alpha_exponential_source_10fs.py,7976,2026-08-27T09:21:36.521298+00:00,.py,stage_theta_decom_88_L2L10_100fs_10ns_20260826,stage_or_exploratory_snapshot,d6aeb8a50173f55ed6a371853ce1e881b61b361f6af1a5baa073322bf6be1040,audit_alpha_exponential_source_10fs.py,0,
stage_theta_decom_88_L2L10_100fs_10ns_20260826/check_fullwater_header.py,954,2026-08-26T10:56:44.365491+00:00,.py,stage_theta_decom_88_L2L10_100fs_10ns_20260826,stage_or_exploratory_snapshot,6d8e4f7e52289e55a0a02301f8b7462e56933ab051a1f9964b7871190a0d1c50,check_fullwater_header.py,0,
stage_theta_decom_88_L2L10_100fs_10ns_20260826/check_merge.py,681,2026-08-26T11:25:44.604849+00:00,.py,stage_theta_decom_88_L2L10_100fs_10ns_20260826,stage_or_exploratory_snapshot,f857b32cb22718ff95dbae4c1acd0dfc2a72ac02da25b5ec334cef2ccc7626d1,check_merge.py,1,/lustre/home/users/ewu/vb_gcmc/MD/stage_theta_decom_88_L2L10_100fs_10ns_20260826
stage_theta_decom_88_L2L10_100fs_10ns_20260826/check_remote_parser.py,593,2026-08-26T10:56:06.752485+00:00,.py,stage_theta_decom_88_L2L10_100fs_10ns_20260826,stage_or_exploratory_snapshot,f7874759a598c1244c091e33898625e0553862c438bbe6ca1d52f73ac8884e20,check_remote_parser.py,1,/lustre/home/users/ewu/vb_gcmc/MD/stage_theta_decom_88_L2L10_100fs_10ns_20260826/analyze_theta_rep.py
stage_theta_decom_88_L2L10_100fs_10ns_20260826/check_sources.py,1417,2026-08-26T09:31:26.800121+00:00,.py,stage_theta_decom_88_L2L10_100fs_10ns_20260826,stage_or_exploratory_snapshot,e53c41d43203e63df311fd1e61e5cb20537e8be83c74b2abdab7986a3e06eb0a,check_sources.py,3,/lustre/home/users/ewu/vb_gcmc/MD | /lustre/home/users/ewu/vb_gcmc/MD/stage_vacf_tail_8_8_L2L5_4rep_weaknh_nomom_10ns_100fs_20260821 | /lustre/home/users/ewu/vb_gcmc/MD/viscfric_length_all_chirality_RH75_20260806/long_weakNH_nomom_10L_100fs_10ns_3rep_20260806
stage_theta_decom_88_L2L10_100fs_10ns_20260826/compare_alpha_min_saturation_models.py,6125,2026-08-27T09:05:32.937101+00:00,.py,stage_theta_decom_88_L2L10_100fs_10ns_20260826,stage_or_exploratory_snapshot,b6f7d2e299f5f9f408c324da65e8005caa52820ba27220cc30120a593e51c3d6,compare_alpha_min_saturation_models.py,0,
stage_theta_decom_88_L2L10_100fs_10ns_20260826/finalize_viscoelastic_mixed_band.py,3633,2026-08-27T03:53:42.363371+00:00,.py,stage_theta_decom_88_L2L10_100fs_10ns_20260826,stage_or_exploratory_snapshot,cc00a7ede78d2d66c01b5f8bb317557f2ddcdf6babf481717a8380750194560e,finalize_viscoelastic_mixed_band.py,0,
stage_theta_decom_88_L2L10_100fs_10ns_20260826/fit_axial_lowk_hydro_component.py,3169,2026-08-27T03:22:45.149660+00:00,.py,stage_theta_decom_88_L2L10_100fs_10ns_20260826,stage_or_exploratory_snapshot,f090394696507c6b0facc3b698023b224466e1f31957a9a51a26e215c69cbc2f,fit_axial_lowk_hydro_component.py,0,
stage_theta_decom_88_L2L10_100fs_10ns_20260826/fit_axial_lowk_hydro_component_nmax.py,3357,2026-08-27T03:25:20.859219+00:00,.py,stage_theta_decom_88_L2L10_100fs_10ns_20260826,stage_or_exploratory_snapshot,95f29d89622ac4e5223f3723468ea2b5ddce23a9b8dab0940d5ada09e1cdd824,fit_axial_lowk_hydro_component_nmax.py,0,
stage_theta_decom_88_L2L10_100fs_10ns_20260826/fit_theta_m0_hydro_component.py,3389,2026-08-27T03:32:25.713431+00:00,.py,stage_theta_decom_88_L2L10_100fs_10ns_20260826,stage_or_exploratory_snapshot,7a8c62de70d2eb87d14993c5603de586c87363a546198a0d8292373457a63445,fit_theta_m0_hydro_component.py,0,
stage_theta_decom_88_L2L10_100fs_10ns_20260826/merge_theta_ensemble.py,3577,2026-08-26T11:16:11.050288+00:00,.py,stage_theta_decom_88_L2L10_100fs_10ns_20260826,stage_or_exploratory_snapshot,d2bea8aa59d143fc5bb6eb227a33ac7cb4734bab05e7036e037f6f667668f69a,merge_theta_ensemble.py,1,/lustre/home/users/ewu/vb_gcmc/MD/stage_theta_decom_88_L2L10_100fs_10ns_20260826
stage_theta_decom_88_L2L10_100fs_10ns_20260826/monitor_theta.py,1104,2026-08-26T11:05:39.393851+00:00,.py,stage_theta_decom_88_L2L10_100fs_10ns_20260826,stage_or_exploratory_snapshot,26a4664fde5680461466205161e331bfb18329fe3f3f4d9f463c816d89cbf0f6,monitor_theta.py,1,/lustre/home/users/ewu/vb_gcmc/MD/stage_theta_decom_88_L2L10_100fs_10ns_20260826
stage_theta_decom_88_L2L10_100fs_10ns_20260826/plot_L2L5L10_vacf_exit_offset.py,2236,2026-08-27T08:05:32.330048+00:00,.py,stage_theta_decom_88_L2L10_100fs_10ns_20260826,stage_or_exploratory_snapshot,012c5fa29ef2def6fb7ec2821c882253e0acae2ae064f53b971835b8b5ae5041,plot_L2L5L10_vacf_exit_offset.py,0,
stage_theta_decom_88_L2L10_100fs_10ns_20260826/plot_L2L5_vacf_kmin_Fs_mechanism.py,2487,2026-08-27T08:00:51.920837+00:00,.py,stage_theta_decom_88_L2L10_100fs_10ns_20260826,stage_or_exploratory_snapshot,93ba4ce3cccffa701a349f32d6026886a0f3ab13ad885e0b80e2aebf5fb6090e,plot_L2L5_vacf_kmin_Fs_mechanism.py,0,
stage_theta_decom_88_L2L10_100fs_10ns_20260826/plot_Lz_vacf_positive_alpha.py,2954,2026-08-27T08:43:13.571340+00:00,.py,stage_theta_decom_88_L2L10_100fs_10ns_20260826,stage_or_exploratory_snapshot,a8ed074491c12987fbd324dce86e7acd9daa156b04d8c6bde6ad801e8c10223b,plot_Lz_vacf_positive_alpha.py,0,
stage_theta_decom_88_L2L10_100fs_10ns_20260826/plot_axial_m0_modecoupling_screen.py,2158,2026-08-27T03:23:29.020668+00:00,.py,stage_theta_decom_88_L2L10_100fs_10ns_20260826,stage_or_exploratory_snapshot,09daa905375f7d96606b7f8e0f75b31d66358a7c67eaca3ed17e15b88e6fa5f5,plot_axial_m0_modecoupling_screen.py,0,
stage_theta_decom_88_L2L10_100fs_10ns_20260826/plot_ct_theta_m0_kn.py,5509,2026-08-27T02:43:21.208540+00:00,.py,stage_theta_decom_88_L2L10_100fs_10ns_20260826,stage_or_exploratory_snapshot,b4cb59dfe9d2ebf212373fa0bc32d9ed40b6be302ef04c803948d2e5e1135cdd,plot_ct_theta_m0_kn.py,0,
stage_theta_decom_88_L2L10_100fs_10ns_20260826/plot_ct_theta_m0_kn_acf.py,2766,2026-08-27T02:46:13.541420+00:00,.py,stage_theta_decom_88_L2L10_100fs_10ns_20260826,stage_or_exploratory_snapshot,ec6a3bfed0671f81399c9767c06e2b081760d75173220b5f9bbd1a4749dd5d7e,plot_ct_theta_m0_kn_acf.py,0,
stage_theta_decom_88_L2L10_100fs_10ns_20260826/plot_lowk_m1_dynamic_projection.py,2400,2026-08-27T05:01:49.530975+00:00,.py,stage_theta_decom_88_L2L10_100fs_10ns_20260826,stage_or_exploratory_snapshot,5ad435c493376fdf78ec7c00e609b07fbdda31008096370ae00ee0fe1b17b7a7,plot_lowk_m1_dynamic_projection.py,0,
stage_theta_decom_88_L2L10_100fs_10ns_20260826/plot_m0_n11n20_negative_lobe.py,2956,2026-08-27T05:30:10.432550+00:00,.py,stage_theta_decom_88_L2L10_100fs_10ns_20260826,stage_or_exploratory_snapshot,d07bfa57f1f9e21a8cd8a531329edfd9c9eddcc06f2e5492acbb247f5870a773,plot_m0_n11n20_negative_lobe.py,0,
stage_theta_decom_88_L2L10_100fs_10ns_20260826/plot_m0_odd_even_5L10L_1x3.py,4983,2026-08-27T10:17:56.898712+00:00,.py,stage_theta_decom_88_L2L10_100fs_10ns_20260826,stage_or_exploratory_snapshot,f319b99821bd815d20a2bb66841d5788f86338802b01460506a3f0e598c12582,plot_m0_odd_even_5L10L_1x3.py,0,
stage_theta_decom_88_L2L10_100fs_10ns_20260826/plot_m0_odd_even_counterfactual.py,2930,2026-08-27T05:18:28.862903+00:00,.py,stage_theta_decom_88_L2L10_100fs_10ns_20260826,stage_or_exploratory_snapshot,3a6d53c0a37bb61bc34f1ff8c122120fc748262a98e61a7dc9c074be7fe719db,plot_m0_odd_even_counterfactual.py,0,
stage_theta_decom_88_L2L10_100fs_10ns_20260826/plot_native100fs_alpha_min_peak_dependence.py,8883,2026-08-27T09:28:07.911557+00:00,.py,stage_theta_decom_88_L2L10_100fs_10ns_20260826,stage_or_exploratory_snapshot,96d1497415895c0028b5bd7f74377c13b6051a171185c8387c393780775368d1,plot_native100fs_alpha_min_peak_dependence.py,0,
stage_theta_decom_88_L2L10_100fs_10ns_20260826/plot_native100fs_k1_semilog_extrema.py,11900,2026-08-27T10:02:47.464368+00:00,.py,stage_theta_decom_88_L2L10_100fs_10ns_20260826,stage_or_exploratory_snapshot,a94323672d8c4a66a6e02955dcf6b4c2a7506687389cd47e5be6c16205fc7b52,plot_native100fs_k1_semilog_extrema.py,0,
stage_theta_decom_88_L2L10_100fs_10ns_20260826/plot_paired_helical_tagged_vertex.py,2296,2026-08-27T04:44:25.582112+00:00,.py,stage_theta_decom_88_L2L10_100fs_10ns_20260826,stage_or_exploratory_snapshot,10de05958144894d970a58e603595199cfcc1c6a05f6333316d314ca3f038673,plot_paired_helical_tagged_vertex.py,0,
stage_theta_decom_88_L2L10_100fs_10ns_20260826/plot_raw_vacf_alpha_realLz_100fs.py,11296,2026-08-27T08:58:19.707025+00:00,.py,stage_theta_decom_88_L2L10_100fs_10ns_20260826,stage_or_exploratory_snapshot,21ccd390d5e02e3a69284e7c733efffba32d99c3474fe8e1320af7a0d629f863,plot_raw_vacf_alpha_realLz_100fs.py,0,
stage_theta_decom_88_L2L10_100fs_10ns_20260826/plot_tagged_collective_vertex_m0.py,2819,2026-08-27T04:35:40.337896+00:00,.py,stage_theta_decom_88_L2L10_100fs_10ns_20260826,stage_or_exploratory_snapshot,75e970f706b53cc46f1b6530291d89e1d3dec7800efa1fe55dced8f5ddc044e5,plot_tagged_collective_vertex_m0.py,0,
stage_theta_decom_88_L2L10_100fs_10ns_20260826/plot_theta_hydro_closure_recheck.py,3339,2026-08-27T03:39:08.258999+00:00,.py,stage_theta_decom_88_L2L10_100fs_10ns_20260826,stage_or_exploratory_snapshot,09a3da828fcba19623c549b72fb0ba54c57da0996c3e6b33fc1e840dd9fcc9b7,plot_theta_hydro_closure_recheck.py,0,
stage_theta_decom_88_L2L10_100fs_10ns_20260826/plot_theta_m0_factorization_m1m4.py,3425,2026-08-27T03:09:50.085881+00:00,.py,stage_theta_decom_88_L2L10_100fs_10ns_20260826,stage_or_exploratory_snapshot,cc17fc665f3fe9e0165543b5d5a5586cae8de280be198110abb01ee5fde3ff18,plot_theta_m0_factorization_m1m4.py,0,
stage_theta_decom_88_L2L10_100fs_10ns_20260826/plot_unnormalized_cjj_static_screen.py,3855,2026-08-27T04:23:14.004920+00:00,.py,stage_theta_decom_88_L2L10_100fs_10ns_20260826,stage_or_exploratory_snapshot,3cc02ac0631aadde2564d92ebb7aa871c176b2bd02ddd409cd1b797a42d3760b,plot_unnormalized_cjj_static_screen.py,0,
stage_theta_decom_88_L2L10_100fs_10ns_20260826/run_local_10L_88_memmap.ps1,1102,2026-08-27T01:20:09.197196+00:00,.ps1,stage_theta_decom_88_L2L10_100fs_10ns_20260826,stage_or_exploratory_snapshot,35a7f1d1f54002c730193910fa0b56ba007fafa780a2f2a757f31ac45762b10e,run_local_10L_88_memmap.ps1,0,
stage_theta_decom_88_L2L10_100fs_10ns_20260826/run_merge_theta_ensemble.sh,434,2026-08-26T11:16:11.054290+00:00,.sh,stage_theta_decom_88_L2L10_100fs_10ns_20260826,stage_or_exploratory_snapshot,a5a94cecdbd600b52a891e6dc3a8ee59c0d2ef71282cf62dbb06071a39769eb8,run_merge_theta_ensemble.sh,2,/lustre/home/users/ewu/.conda/envs/HB_analysis/bin/python | /lustre/home/users/ewu/vb_gcmc/MD/stage_theta_decom_88_L2L10_100fs_10ns_20260826
stage_theta_decom_88_L2L10_100fs_10ns_20260826/run_theta_rep.template.sh,768,2026-08-26T10:45:57.627578+00:00,.sh,stage_theta_decom_88_L2L10_100fs_10ns_20260826,stage_or_exploratory_snapshot,e6b6074587257c15d8a2687a4e61d5da2d59408de8f3053c28be581199bf525e,run_theta_rep.template.sh,3,/lustre/home/users/ewu/.conda/envs/HB_analysis/bin/python | /lustre/home/users/ewu/vb_gcmc/MD/stage_theta_decom_88_L2L10_100fs_10ns_20260826 | /lustre/home/users/ewu/vb_gcmc/MD/stage_vacf_tail_8_8_L2L5_4rep_weaknh_nomom_10ns_100fs_20260821/__L__L/rep__R__/LONG_WEAKNH_NOMOM_8_8_L__L___rep__R___100fs_10ns.water_100fs_10ns.dump
stage_theta_decom_88_L2L10_100fs_10ns_20260826/submit_2L5L.sh,900,2026-08-26T09:34:11.684928+00:00,.sh,stage_theta_decom_88_L2L10_100fs_10ns_20260826,stage_or_exploratory_snapshot,56b510c630e671494f3607f265d26e196d89601015ee47e28caa7e950338c25b,submit_2L5L.sh,0,
stage_theta_decom_88_L2L10_100fs_10ns_20260826/submit_final_parserfix.sh,812,2026-08-26T10:57:21.097450+00:00,.sh,stage_theta_decom_88_L2L10_100fs_10ns_20260826,stage_or_exploratory_snapshot,62d96ab86bf0be521943c9a938d74b5c6a95c0418ec98f1fbb185db9dab3ffaf,submit_final_parserfix.sh,0,
stage_theta_decom_88_L2L10_100fs_10ns_20260826/submit_headerfix_resubmission.sh,838,2026-08-26T10:16:54.565244+00:00,.sh,stage_theta_decom_88_L2L10_100fs_10ns_20260826,stage_or_exploratory_snapshot,9b6b54be70ca8fada9b804f84fde1991c6f120549b8126b96d6cd6f0eeb05dfa,submit_headerfix_resubmission.sh,0,
stage_theta_decom_88_L2L10_100fs_10ns_20260826/submit_resourcefix_resubmission.sh,878,2026-08-26T10:45:57.630576+00:00,.sh,stage_theta_decom_88_L2L10_100fs_10ns_20260826,stage_or_exploratory_snapshot,0ded27d292d4a4d8ab28fae8a2e349b22dfb53c157037b4cbce007960156126a,submit_resourcefix_resubmission.sh,0,
stage_theta_decom_88_L2L10_100fs_10ns_20260826/summarize_axial_m0_nmax_convergence.py,2137,2026-08-27T03:26:36.805819+00:00,.py,stage_theta_decom_88_L2L10_100fs_10ns_20260826,stage_or_exploratory_snapshot,47cf34e7ecdf081bacee7405b7b6354b4194c7d92fd176f7c0bd070c6cb427e1,summarize_axial_m0_nmax_convergence.py,0,
stage_theta_derot_88_L2L5_100fs_10ns_20260827/analyze_theta_rep_memmap.py,11028,2026-08-27T01:19:54.908044+00:00,.py,stage_theta_derot_88_L2L5_100fs_10ns_20260827,stage_or_exploratory_snapshot,b6b30b25ca2d9b33bae2bab861ff4b9f54b7b237ffa69f55234fb6a267517d22,analyze_theta_rep_memmap.py,0,
stage_theta_derot_88_L2L5_100fs_10ns_20260827/run_theta_derot_rep.template.sh,876,2026-08-27T01:21:05.750232+00:00,.sh,stage_theta_derot_88_L2L5_100fs_10ns_20260827,stage_or_exploratory_snapshot,7e2038082390f99b4ca286535b0fd6e380d2d614ac1bee0afbc7c01985c5acc0,run_theta_derot_rep.template.sh,3,/lustre/home/users/ewu/.conda/envs/HB_analysis/bin/python | /lustre/home/users/ewu/vb_gcmc/MD/stage_theta_derot_88_L2L5_100fs_10ns_20260827 | /lustre/home/users/ewu/vb_gcmc/MD/stage_vacf_tail_8_8_L2L5_4rep_weaknh_nomom_10ns_100fs_20260821/__L__L/rep__R__/LONG_WEAKNH_NOMOM_8_8_L__L___rep__R___100fs_10ns.water_100fs_10ns.dump
stage_theta_derot_88_L2L5_100fs_10ns_20260827/submit_theta_derot_2L5L.sh,710,2026-08-27T01:21:05.753231+00:00,.sh,stage_theta_derot_88_L2L5_100fs_10ns_20260827,stage_or_exploratory_snapshot,6f1e5c7eb11a02e017cdec6409091269cb4b7940ada98748e735a3c71b1b9368,submit_theta_derot_2L5L.sh,0,
stage_transverse_cjj_kmin_5L_200ps.remote.sh,2349,2026-08-18T11:03:38.525976+00:00,.sh,stage_transverse_cjj_kmin_5L_200ps.remote.sh,stage_or_exploratory_snapshot,169f0ccbf7c09845a09a4f2b1820a869f2a7e96a734ef9d3bf497c92d16f7da5,stage_transverse_cjj_kmin_5L_200ps.remote.sh,2,/lustre/home/users/ewu/vb_gcmc/MD/RH75_replicated_length_NVT20ns_20260718/NVT20ns_3xL_8_8_P4p389kPa_T330K_RH75_N399_1ps_20260718/BNC.tersoff | /lustre/home/users/ewu/vb_gcmc/MD/transverse_velocity_5L_10fs_weakNH_nomom_4chirality_20260808
stage_transverse_cjj_kmin_5L_extend800ps.remote.sh,2418,2026-08-18T11:26:54.187764+00:00,.sh,stage_transverse_cjj_kmin_5L_extend800ps.remote.sh,stage_or_exploratory_snapshot,fa0c3206d9f50b35bdb0bd179d7aea9708661fe34cd9b388514b5b0f2daf3e98,stage_transverse_cjj_kmin_5L_extend800ps.remote.sh,2,/lustre/home/users/ewu/vb_gcmc/MD/RH75_replicated_length_NVT20ns_20260718/NVT20ns_3xL_8_8_P4p389kPa_T330K_RH75_N399_1ps_20260718/BNC.tersoff | /lustre/home/users/ewu/vb_gcmc/MD/transverse_velocity_5L_10fs_weakNH_nomom_4chirality_20260808
stage_vacf_10L_odd_even_matchedgrid_20260812/analyze_odd_even_projection.py,4344,2026-08-12T06:05:38.865884+00:00,.py,stage_vacf_10L_odd_even_matchedgrid_20260812,stage_or_exploratory_snapshot,7300905d617168e7b86b0d141a9f1821ee75677934ef484324a031b166edb6d5,analyze_odd_even_projection.py,0,
stage_vacf_10L_odd_even_matchedgrid_20260812/run.sh,614,2026-08-12T06:05:28.370870+00:00,.sh,stage_vacf_10L_odd_even_matchedgrid_20260812,stage_or_exploratory_snapshot,e1c3cbb2abe11ac250299c979746bc0728388856c6cb530d73b4155afdb0c635,run.sh,1,/lustre/home/users/ewu/vb_gcmc/MD/viscfric_length_all_chirality_RH75_20260806/long_weakNH_nomom_10L_100fs_10ns_3rep_20260806
stage_vacf_10L_tail_8_8_20260812/analyze_vacf.py,2524,2026-08-12T02:40:10.101571+00:00,.py,stage_vacf_10L_tail_8_8_20260812,stage_or_exploratory_snapshot,9f1efcb42d6ccd5db54d0ab16360043afa9bb3c0d3cc01c883be746c0bcf4992,analyze_vacf.py,0,
stage_vacf_10L_tail_8_8_20260812/run_8_8_10L.sh,641,2026-08-12T02:40:10.106571+00:00,.sh,stage_vacf_10L_tail_8_8_20260812,stage_or_exploratory_snapshot,c61dc5a0a93a2a225859119d8e40e3d3065adcfa0612a68e40e19ade1d6048df,run_8_8_10L.sh,1,/lustre/home/users/ewu/vb_gcmc/MD/viscfric_length_all_chirality_RH75_20260806/long_weakNH_nomom_10L_100fs_10ns_3rep_20260806
stage_vacf_88_2L5L_500ps_20260812/analyze_vacf_tail.py,2222,2026-08-12T03:03:19.267465+00:00,.py,stage_vacf_88_2L5L_500ps_20260812,stage_or_exploratory_snapshot,6d7b8fb6b91b155c3cdb702b15e6d08be674414baf01411d8839ab8f63a32259,analyze_vacf_tail.py,0,
stage_vacf_88_2L5L_500ps_20260812/run.sh,820,2026-08-12T03:03:19.269466+00:00,.sh,stage_vacf_88_2L5L_500ps_20260812,stage_or_exploratory_snapshot,1898daba83a8b3997cb79c621e7c23af6a6efbb38075686acfaa03643751a663,run.sh,2,/lustre/home/users/ewu/vb_gcmc/MD/independent_seeds_8_8_1L5L_2x20ns_20260728 | /lustre/home/users/ewu/vb_gcmc/MD/length_extension_8_8_1L5L_20ns_20260727
stage_vacf_coherent_10L_20260812/analyze_coherent_vacf.py,3805,2026-08-12T04:13:35.043927+00:00,.py,stage_vacf_coherent_10L_20260812,stage_or_exploratory_snapshot,cf983935660b4c8f2d3b9403d2f7cd2fb95ec3dd985dff00a61bece905e88273,analyze_coherent_vacf.py,0,
stage_vacf_coherent_10L_20260812/run.sh,606,2026-08-12T04:13:26.637074+00:00,.sh,stage_vacf_coherent_10L_20260812,stage_or_exploratory_snapshot,278cd20aaf23d68f4b1b09c27d88c39c8c3de7522594dcc0c696442e6d6236ac,run.sh,1,/lustre/home/users/ewu/vb_gcmc/MD/viscfric_length_all_chirality_RH75_20260806/long_weakNH_nomom_10L_100fs_10ns_3rep_20260806
stage_vacf_coherent_10L_n1to4_20260812/analyze_multimode_coherent_vacf.py,3682,2026-08-12T05:08:40.479268+00:00,.py,stage_vacf_coherent_10L_n1to4_20260812,stage_or_exploratory_snapshot,de604e08ffb1c4436f7a68f7ab2e158232f7c78cad1a4cee38bb70762e4c5445,analyze_multimode_coherent_vacf.py,0,
stage_vacf_coherent_10L_n1to4_20260812/run.sh,614,2026-08-12T05:08:40.507796+00:00,.sh,stage_vacf_coherent_10L_n1to4_20260812,stage_or_exploratory_snapshot,b0eb6370b56f4e7c65b616c4d276718fd6534023bb55b540b11a88512979c130,run.sh,1,/lustre/home/users/ewu/vb_gcmc/MD/viscfric_length_all_chirality_RH75_20260806/long_weakNH_nomom_10L_100fs_10ns_3rep_20260806
stage_vacf_integral_lockin_20260806/run.sh,744,2026-08-06T03:23:44.016113+00:00,.sh,stage_vacf_integral_lockin_20260806,stage_or_exploratory_snapshot,1e942e19c6d6c4f2586ce3b8001166daad379fe38906279c771812034f91e468,run.sh,1,/lustre/home/users/ewu/vb_gcmc/MD/viscfric_length_88_RH75_20260731/matched_10fs_rethermalized_weakNH_no_momentum_1L5L_20260804
stage_vacf_tail_8_8_20260806/run_high_protocol_1ps.sh,784,2026-08-06T02:18:03.438050+00:00,.sh,stage_vacf_tail_8_8_20260806,stage_or_exploratory_snapshot,97ad1e534ccc024307a06628365974f89bb2846926e87018151084b7c0f7b8bd,run_high_protocol_1ps.sh,1,/lustre/home/users/ewu/vb_gcmc/MD/viscfric_length_88_RH75_20260731/matched_10fs_rethermalized_weakNH_no_momentum_1L5L_20260804
stage_vacf_tail_8_8_20260806/run_highfreq.sh,770,2026-08-06T02:18:00.880088+00:00,.sh,stage_vacf_tail_8_8_20260806,stage_or_exploratory_snapshot,8aeab7847700162e6d6c415bf19953d9c21bde6e4aa055f04d13aeb4caf22361,run_highfreq.sh,1,/lustre/home/users/ewu/vb_gcmc/MD/viscfric_length_88_RH75_20260731/matched_10fs_rethermalized_weakNH_no_momentum_1L5L_20260804
stage_vacf_tail_8_8_20260806/run_lowfreq.sh,982,2026-08-06T01:55:30.672399+00:00,.sh,stage_vacf_tail_8_8_20260806,stage_or_exploratory_snapshot,ac3d62d6dcaacc953ae7a3242095f7603af1f835f72aa7a9f92106fb7fa00864,run_lowfreq.sh,2,/lustre/home/users/ewu/vb_gcmc/MD/independent_seeds_8_8_1L5L_2x20ns_20260728 | /lustre/home/users/ewu/vb_gcmc/MD/length_extension_8_8_1L5L_20ns_20260727
stage_vacf_tail_8_8_2L_8rep_weaknh_20260812/analyze_ensemble_vacf.py,4658,2026-08-12T11:09:57.404684+00:00,.py,stage_vacf_tail_8_8_2L_8rep_weaknh_20260812,stage_or_exploratory_snapshot,ba6674c24e320fb09d4ee1ae12b51859dbced0f7abc34ebfbfbfa3a77c441098,analyze_ensemble_vacf.py,1,/lustre/home/users/ewu/vb_gcmc/MD/stage_vacf_tail_8_8_2L_8rep_weaknh_20260812
stage_vacf_tail_8_8_2L_8rep_weaknh_20260812/run_analyze_ensemble.sh,391,2026-08-12T11:08:20.572026+00:00,.sh,stage_vacf_tail_8_8_2L_8rep_weaknh_20260812,stage_or_exploratory_snapshot,e62668c9577eb2501f95c82980251f04ab403ce53adf0b3201f7eb410197f137,run_analyze_ensemble.sh,1,/lustre/home/users/ewu/vb_gcmc/MD/stage_vacf_tail_8_8_2L_8rep_weaknh_20260812
stage_vacf_tail_8_8_2L_8rep_weaknh_20260812/run_case_generic.sh,766,2026-08-12T11:44:13.565493+00:00,.sh,stage_vacf_tail_8_8_2L_8rep_weaknh_20260812,stage_or_exploratory_snapshot,3f3c476820d02e9144e44245315e0f35a3cd906490d00a129c6043a4961e73d8,run_case_generic.sh,1,/lustre/home/users/ewu/vb_gcmc/MD/stage_vacf_tail_8_8_2L_8rep_weaknh_20260812
stage_vacf_tail_8_8_2L_8rep_weaknh_20260812/run_rep1.sh,331,2026-08-12T04:56:00.146135+00:00,.sh,stage_vacf_tail_8_8_2L_8rep_weaknh_20260812,stage_or_exploratory_snapshot,2edf586dfd3dd32b9ab1fbbc44c706fa60a64e790066956633777c09ef13bd9c,run_rep1.sh,1,/lustre/home/users/ewu/vb_gcmc/MD/stage_vacf_tail_8_8_2L_8rep_weaknh_20260812/submit_2L_vacf_tail_8rep.sh
stage_vacf_tail_8_8_2L_8rep_weaknh_20260812/run_rep2.sh,331,2026-08-12T04:56:00.150126+00:00,.sh,stage_vacf_tail_8_8_2L_8rep_weaknh_20260812,stage_or_exploratory_snapshot,d19e5c2e96006da86b694e0ad28381758e75b54042a6d6a0635b4c8d0318f493,run_rep2.sh,1,/lustre/home/users/ewu/vb_gcmc/MD/stage_vacf_tail_8_8_2L_8rep_weaknh_20260812/submit_2L_vacf_tail_8rep.sh
stage_vacf_tail_8_8_2L_8rep_weaknh_20260812/run_rep3.sh,331,2026-08-12T04:56:00.153126+00:00,.sh,stage_vacf_tail_8_8_2L_8rep_weaknh_20260812,stage_or_exploratory_snapshot,5ff589851d243cd61570dc88653a2e4abad07d2e9b860f4d2f27f0fe205cde12,run_rep3.sh,1,/lustre/home/users/ewu/vb_gcmc/MD/stage_vacf_tail_8_8_2L_8rep_weaknh_20260812/submit_2L_vacf_tail_8rep.sh
stage_vacf_tail_8_8_2L_8rep_weaknh_20260812/run_rep4.sh,331,2026-08-12T04:56:00.155132+00:00,.sh,stage_vacf_tail_8_8_2L_8rep_weaknh_20260812,stage_or_exploratory_snapshot,45e04d4a8c1db05ba9eb3974da319c437e2261cc66818b8728896c1a84d26f60,run_rep4.sh,1,/lustre/home/users/ewu/vb_gcmc/MD/stage_vacf_tail_8_8_2L_8rep_weaknh_20260812/submit_2L_vacf_tail_8rep.sh
stage_vacf_tail_8_8_2L_8rep_weaknh_20260812/run_rep5.sh,331,2026-08-12T04:56:00.157134+00:00,.sh,stage_vacf_tail_8_8_2L_8rep_weaknh_20260812,stage_or_exploratory_snapshot,ea3584f53492b510fe9e2e775c9cacd68aaa661beeadddd8e507d402d723f9a2,run_rep5.sh,1,/lustre/home/users/ewu/vb_gcmc/MD/stage_vacf_tail_8_8_2L_8rep_weaknh_20260812/submit_2L_vacf_tail_8rep.sh
stage_vacf_tail_8_8_2L_8rep_weaknh_20260812/run_rep6.sh,331,2026-08-12T04:56:00.159135+00:00,.sh,stage_vacf_tail_8_8_2L_8rep_weaknh_20260812,stage_or_exploratory_snapshot,a43ff9c21c5f747876ae809e4c896d9a2479bb645953f32c7f6c7e7217ac5530,run_rep6.sh,1,/lustre/home/users/ewu/vb_gcmc/MD/stage_vacf_tail_8_8_2L_8rep_weaknh_20260812/submit_2L_vacf_tail_8rep.sh
stage_vacf_tail_8_8_2L_8rep_weaknh_20260812/run_rep7.sh,331,2026-08-12T04:56:00.161131+00:00,.sh,stage_vacf_tail_8_8_2L_8rep_weaknh_20260812,stage_or_exploratory_snapshot,725f6922306154348ba618a63f76f040e9c4ba10fa349816941d4452dffc42a4,run_rep7.sh,1,/lustre/home/users/ewu/vb_gcmc/MD/stage_vacf_tail_8_8_2L_8rep_weaknh_20260812/submit_2L_vacf_tail_8rep.sh
stage_vacf_tail_8_8_2L_8rep_weaknh_20260812/run_rep8.sh,331,2026-08-12T04:56:00.163132+00:00,.sh,stage_vacf_tail_8_8_2L_8rep_weaknh_20260812,stage_or_exploratory_snapshot,6b7bbe3a566c8058807b316d0b711d4be53acb542e46588e542ab75701a03e07,run_rep8.sh,1,/lustre/home/users/ewu/vb_gcmc/MD/stage_vacf_tail_8_8_2L_8rep_weaknh_20260812/submit_2L_vacf_tail_8rep.sh
stage_vacf_tail_8_8_2L_8rep_weaknh_20260812/run_smoke.sh,295,2026-08-12T04:54:55.876041+00:00,.sh,stage_vacf_tail_8_8_2L_8rep_weaknh_20260812,stage_or_exploratory_snapshot,4a0d17800b657e54e90c11f8533d721b64e70553eb390a8490b878157bc7f9c9,run_smoke.sh,1,/lustre/home/users/ewu/vb_gcmc/MD/stage_vacf_tail_8_8_2L_8rep_weaknh_20260812/submit_2L_vacf_tail_8rep.sh
stage_vacf_tail_8_8_2L_8rep_weaknh_20260812/submit_2L_vacf_tail_8rep.sh,814,2026-08-12T04:54:55.854036+00:00,.sh,stage_vacf_tail_8_8_2L_8rep_weaknh_20260812,stage_or_exploratory_snapshot,e50dae04b21c1b700c7cb1e333e536f6d3d0061c52234d4d101456a987010c77,submit_2L_vacf_tail_8rep.sh,2,/lustre/home/users/ewu/vb_gcmc/MD/length_extension_8_8_1L5L_20ns_20260727/2L_rep1/8_8_RH75_2L_rep1_extend20ns.final.restart | /lustre/home/users/ewu/vb_gcmc/MD/stage_vacf_tail_8_8_2L_8rep_weaknh_20260812
stage_vacf_tail_8_8_L10_8rep_continue10ns_100fs_20260823/run_10L_rep1_continue10ns.sh,651,2026-08-23T12:11:12.899935+00:00,.sh,stage_vacf_tail_8_8_L10_8rep_continue10ns_100fs_20260823,stage_or_exploratory_snapshot,37327e51d78140dcb4a652790c5bc74652e52fa2b8bb5000f5c7030ba61318e8,run_10L_rep1_continue10ns.sh,1,/lustre/home/users/ewu/vb_gcmc/MD/stage_vacf_tail_8_8_L10_8rep_continue10ns_100fs_20260823
stage_vacf_tail_8_8_L10_8rep_continue10ns_100fs_20260823/run_10L_rep2_continue10ns.sh,651,2026-08-23T12:11:12.908933+00:00,.sh,stage_vacf_tail_8_8_L10_8rep_continue10ns_100fs_20260823,stage_or_exploratory_snapshot,87b5372b96f6d24580d9b7a181f13a8843599da933ef08b9cb76962d23601559,run_10L_rep2_continue10ns.sh,1,/lustre/home/users/ewu/vb_gcmc/MD/stage_vacf_tail_8_8_L10_8rep_continue10ns_100fs_20260823
stage_vacf_tail_8_8_L10_8rep_continue10ns_100fs_20260823/run_10L_rep3_continue10ns.sh,651,2026-08-23T12:11:12.912937+00:00,.sh,stage_vacf_tail_8_8_L10_8rep_continue10ns_100fs_20260823,stage_or_exploratory_snapshot,4efcb8d7118d14ea30cbf7e7f47a87fe5005792bde1e1c9d630d133d62e18669,run_10L_rep3_continue10ns.sh,1,/lustre/home/users/ewu/vb_gcmc/MD/stage_vacf_tail_8_8_L10_8rep_continue10ns_100fs_20260823
stage_vacf_tail_8_8_L10_8rep_continue10ns_100fs_20260823/run_10L_rep4_continue10ns.sh,651,2026-08-23T12:11:12.942463+00:00,.sh,stage_vacf_tail_8_8_L10_8rep_continue10ns_100fs_20260823,stage_or_exploratory_snapshot,3ba4e4529bfe67d51b9a3bf5f2b47ebf03617b8c43c77c34704a1551994bbb4f,run_10L_rep4_continue10ns.sh,1,/lustre/home/users/ewu/vb_gcmc/MD/stage_vacf_tail_8_8_L10_8rep_continue10ns_100fs_20260823
stage_vacf_tail_8_8_L10_8rep_continue10ns_100fs_20260823/run_10L_rep5_continue10ns.sh,651,2026-08-23T12:11:12.952463+00:00,.sh,stage_vacf_tail_8_8_L10_8rep_continue10ns_100fs_20260823,stage_or_exploratory_snapshot,4e7740cb99d9ff6d7812da7377721ac35e13300a30b95b9a086d9eeec4c46d49,run_10L_rep5_continue10ns.sh,1,/lustre/home/users/ewu/vb_gcmc/MD/stage_vacf_tail_8_8_L10_8rep_continue10ns_100fs_20260823
stage_vacf_tail_8_8_L10_8rep_continue10ns_100fs_20260823/run_10L_rep6_continue10ns.sh,651,2026-08-23T12:11:12.963461+00:00,.sh,stage_vacf_tail_8_8_L10_8rep_continue10ns_100fs_20260823,stage_or_exploratory_snapshot,b28ae5ebe9e7943936f2abea561a8e47bbfe5b986dc503634860cb8fa7a8e03b,run_10L_rep6_continue10ns.sh,1,/lustre/home/users/ewu/vb_gcmc/MD/stage_vacf_tail_8_8_L10_8rep_continue10ns_100fs_20260823
stage_vacf_tail_8_8_L10_8rep_continue10ns_100fs_20260823/run_10L_rep7_continue10ns.sh,651,2026-08-23T12:11:12.967461+00:00,.sh,stage_vacf_tail_8_8_L10_8rep_continue10ns_100fs_20260823,stage_or_exploratory_snapshot,2b8248e76dd53e8582aaf039a92b94c47b320d405a79fc6281e90cf8f60f792c,run_10L_rep7_continue10ns.sh,1,/lustre/home/users/ewu/vb_gcmc/MD/stage_vacf_tail_8_8_L10_8rep_continue10ns_100fs_20260823
stage_vacf_tail_8_8_L10_8rep_continue10ns_100fs_20260823/run_10L_rep8_continue10ns.sh,651,2026-08-23T12:11:12.997463+00:00,.sh,stage_vacf_tail_8_8_L10_8rep_continue10ns_100fs_20260823,stage_or_exploratory_snapshot,306c25843b367d6235c87988f3958e7195ead07f983a25743d7640838959d71f,run_10L_rep8_continue10ns.sh,1,/lustre/home/users/ewu/vb_gcmc/MD/stage_vacf_tail_8_8_L10_8rep_continue10ns_100fs_20260823
stage_vacf_tail_8_8_L10_8rep_continue10ns_100fs_tdamp1ns_20260823/inspect_remote_completion.py,863,2026-08-24T02:04:36.496745+00:00,.py,stage_vacf_tail_8_8_L10_8rep_continue10ns_100fs_tdamp1ns_20260823,stage_or_exploratory_snapshot,051d00de3df28e56cda6d467c39afc4069175f60e90b05eed54a55cd42d4549d,inspect_remote_completion.py,1,/lustre/home/users/ewu/vb_gcmc/MD/stage_vacf_tail_8_8_L10_8rep_continue10ns_100fs_tdamp1ns_20260823
stage_vacf_tail_8_8_L10_8rep_continue10ns_100fs_tdamp1ns_20260823/remote_bootstrap_submit.py,1466,2026-08-23T13:13:00.778071+00:00,.py,stage_vacf_tail_8_8_L10_8rep_continue10ns_100fs_tdamp1ns_20260823,stage_or_exploratory_snapshot,34dc1ff346332cf369fa1c4d6bd9612ac2a5d2db84d9133ac35673f586f69376,remote_bootstrap_submit.py,2,/lustre/home/users/ewu/vb_gcmc/MD/stage_vacf_tail_8_8_L10_8rep_continue10ns_100fs_tdamp1ns_20260823 | /lustre/home/users/ewu/vb_gcmc/MD/stage_vacf_tail_8_8_L10_8rep_weaknh_nomom_1ns_10fs_20260819
stage_vacf_tail_8_8_L10_8rep_continue10ns_100fs_tdamp1ns_20260823/run_10L_rep1_continue10ns_tdamp1ns.sh,669,2026-08-23T13:11:45.244010+00:00,.sh,stage_vacf_tail_8_8_L10_8rep_continue10ns_100fs_tdamp1ns_20260823,stage_or_exploratory_snapshot,221cb7c09742d1186d56123207f5e6f89f20ef5ef58e013bcdd2606d665df013,run_10L_rep1_continue10ns_tdamp1ns.sh,1,/lustre/home/users/ewu/vb_gcmc/MD/stage_vacf_tail_8_8_L10_8rep_continue10ns_100fs_tdamp1ns_20260823
stage_vacf_tail_8_8_L10_8rep_continue10ns_100fs_tdamp1ns_20260823/run_10L_rep2_continue10ns_tdamp1ns.sh,669,2026-08-23T13:11:45.275241+00:00,.sh,stage_vacf_tail_8_8_L10_8rep_continue10ns_100fs_tdamp1ns_20260823,stage_or_exploratory_snapshot,4a9cf6851b0e2fcdd20ecf301584b48fe4e146317573123ada7ea755af602b58,run_10L_rep2_continue10ns_tdamp1ns.sh,1,/lustre/home/users/ewu/vb_gcmc/MD/stage_vacf_tail_8_8_L10_8rep_continue10ns_100fs_tdamp1ns_20260823
stage_vacf_tail_8_8_L10_8rep_continue10ns_100fs_tdamp1ns_20260823/run_10L_rep3_continue10ns_tdamp1ns.sh,669,2026-08-23T13:11:45.279252+00:00,.sh,stage_vacf_tail_8_8_L10_8rep_continue10ns_100fs_tdamp1ns_20260823,stage_or_exploratory_snapshot,25dc3a4c5d684a6cb8d814b25ec8c62a7a6cb34fd166abe21cde936ec709176b,run_10L_rep3_continue10ns_tdamp1ns.sh,1,/lustre/home/users/ewu/vb_gcmc/MD/stage_vacf_tail_8_8_L10_8rep_continue10ns_100fs_tdamp1ns_20260823
stage_vacf_tail_8_8_L10_8rep_continue10ns_100fs_tdamp1ns_20260823/run_10L_rep4_continue10ns_tdamp1ns.sh,669,2026-08-23T13:11:45.286241+00:00,.sh,stage_vacf_tail_8_8_L10_8rep_continue10ns_100fs_tdamp1ns_20260823,stage_or_exploratory_snapshot,3ef440a0c6c250c00574208e0d0ab6ac1b1dd0e6b5510ded930abf96fb9261d8,run_10L_rep4_continue10ns_tdamp1ns.sh,1,/lustre/home/users/ewu/vb_gcmc/MD/stage_vacf_tail_8_8_L10_8rep_continue10ns_100fs_tdamp1ns_20260823
stage_vacf_tail_8_8_L10_8rep_continue10ns_100fs_tdamp1ns_20260823/run_10L_rep5_continue10ns_tdamp1ns.sh,669,2026-08-23T13:11:45.296237+00:00,.sh,stage_vacf_tail_8_8_L10_8rep_continue10ns_100fs_tdamp1ns_20260823,stage_or_exploratory_snapshot,bd629a57e906ada5b605da56b82a156ad4f8963126365eaab44b79d437a6bc75,run_10L_rep5_continue10ns_tdamp1ns.sh,1,/lustre/home/users/ewu/vb_gcmc/MD/stage_vacf_tail_8_8_L10_8rep_continue10ns_100fs_tdamp1ns_20260823
stage_vacf_tail_8_8_L10_8rep_continue10ns_100fs_tdamp1ns_20260823/run_10L_rep6_continue10ns_tdamp1ns.sh,669,2026-08-23T13:11:45.307236+00:00,.sh,stage_vacf_tail_8_8_L10_8rep_continue10ns_100fs_tdamp1ns_20260823,stage_or_exploratory_snapshot,f1045d3f4dc0d4a4fed4fe4032173b592c8fc584a06bda21721b433945e72f2b,run_10L_rep6_continue10ns_tdamp1ns.sh,1,/lustre/home/users/ewu/vb_gcmc/MD/stage_vacf_tail_8_8_L10_8rep_continue10ns_100fs_tdamp1ns_20260823
stage_vacf_tail_8_8_L10_8rep_continue10ns_100fs_tdamp1ns_20260823/run_10L_rep7_continue10ns_tdamp1ns.sh,669,2026-08-23T13:11:45.309237+00:00,.sh,stage_vacf_tail_8_8_L10_8rep_continue10ns_100fs_tdamp1ns_20260823,stage_or_exploratory_snapshot,125993aaa594de32a6ff8da24b2dd14183d1c6b7b355392d3f5a813032d34c60,run_10L_rep7_continue10ns_tdamp1ns.sh,1,/lustre/home/users/ewu/vb_gcmc/MD/stage_vacf_tail_8_8_L10_8rep_continue10ns_100fs_tdamp1ns_20260823
stage_vacf_tail_8_8_L10_8rep_continue10ns_100fs_tdamp1ns_20260823/run_10L_rep8_continue10ns_tdamp1ns.sh,669,2026-08-23T13:11:45.311239+00:00,.sh,stage_vacf_tail_8_8_L10_8rep_continue10ns_100fs_tdamp1ns_20260823,stage_or_exploratory_snapshot,d31dad96deadd9c2a55d3548e71bf2fc75204bd8ae972ee511bda3d1353f323b,run_10L_rep8_continue10ns_tdamp1ns.sh,1,/lustre/home/users/ewu/vb_gcmc/MD/stage_vacf_tail_8_8_L10_8rep_continue10ns_100fs_tdamp1ns_20260823
stage_vacf_tail_8_8_L10_8rep_weaknh_nomom_1ns_10fs_20260819/analyze_cvv_alpha_10L_8rep.py,5793,2026-08-19T13:04:58.039910+00:00,.py,stage_vacf_tail_8_8_L10_8rep_weaknh_nomom_1ns_10fs_20260819,stage_or_exploratory_snapshot,a95f522ee6c364c7b2068d0e2a5cb1cc7e9ad7c5aa9b3e28469e8c2cc3f39514,analyze_cvv_alpha_10L_8rep.py,0,
stage_vacf_tail_8_8_L10_8rep_weaknh_nomom_1ns_10fs_20260819/run.template.sh,363,2026-08-19T08:53:40.364630+00:00,.sh,stage_vacf_tail_8_8_L10_8rep_weaknh_nomom_1ns_10fs_20260819,stage_or_exploratory_snapshot,2c5ef40687bf1521a595bc4d214dc2e2cd88232a7143c663da6dd5b50024e81e,run.template.sh,0,
stage_vacf_tail_8_8_L10_8rep_weaknh_nomom_1ns_10fs_20260819/run_analyze_cvv_alpha_200ps.sh,481,2026-08-19T15:04:29.196761+00:00,.sh,stage_vacf_tail_8_8_L10_8rep_weaknh_nomom_1ns_10fs_20260819,stage_or_exploratory_snapshot,fb1746fcf2134fe159f4a639cde8e97ef35864281e2538500abef1bdad01152a,run_analyze_cvv_alpha_200ps.sh,0,
stage_vacf_tail_8_8_L10_8rep_weaknh_nomom_1ns_10fs_20260819/stage_submit.sh,1065,2026-08-19T08:53:40.365631+00:00,.sh,stage_vacf_tail_8_8_L10_8rep_weaknh_nomom_1ns_10fs_20260819,stage_or_exploratory_snapshot,495e4c65e0ab8c1daca524c2bc53be7143aa07cba3867df56a2d70670b9d31fa,stage_submit.sh,1,/lustre/home/users/ewu/vb_gcmc/MD/viscfric_length_all_chirality_RH75_20260806/long_weakNH_nomom_10L_100fs_10ns_3rep_20260806
stage_vacf_tail_8_8_L20_4rep_NVE_nomom_5ns_10fs_20260828/run_L20_NVE_rep1.sh,922,2026-08-28T13:54:05.473294+00:00,.sh,stage_vacf_tail_8_8_L20_4rep_NVE_nomom_5ns_10fs_20260828,stage_or_exploratory_snapshot,46d90e108a95407cf3337c32868f0ee958e60c080c914ce61746698bc4e3bc4e,run_L20_NVE_rep1.sh,2,/lustre/home/users/ewu/vb_gcmc/MD/stage_vacf_tail_8_8_L20_4rep_NVE_nomom_5ns_10fs_20260828 | /lustre/home/users/ewu/vb_gcmc/MD/stage_vacf_tail_8_8_L20_4rep_veryweaknh_nomom_20ns_100fs_20260826
stage_vacf_tail_8_8_L20_4rep_NVE_nomom_5ns_10fs_20260828/run_L20_NVE_rep2.sh,922,2026-08-28T13:54:05.475292+00:00,.sh,stage_vacf_tail_8_8_L20_4rep_NVE_nomom_5ns_10fs_20260828,stage_or_exploratory_snapshot,0174e670a14eadb7a671f604a17d122558aff9a8147911f00539f4d422e94594,run_L20_NVE_rep2.sh,2,/lustre/home/users/ewu/vb_gcmc/MD/stage_vacf_tail_8_8_L20_4rep_NVE_nomom_5ns_10fs_20260828 | /lustre/home/users/ewu/vb_gcmc/MD/stage_vacf_tail_8_8_L20_4rep_veryweaknh_nomom_20ns_100fs_20260826
stage_vacf_tail_8_8_L20_4rep_NVE_nomom_5ns_10fs_20260828/run_L20_NVE_rep3.sh,922,2026-08-28T13:54:05.477293+00:00,.sh,stage_vacf_tail_8_8_L20_4rep_NVE_nomom_5ns_10fs_20260828,stage_or_exploratory_snapshot,f74123a34a8b8fb8a004761954f93f607f8bb76f08b0ec57baa53c06f1bc2ab3,run_L20_NVE_rep3.sh,2,/lustre/home/users/ewu/vb_gcmc/MD/stage_vacf_tail_8_8_L20_4rep_NVE_nomom_5ns_10fs_20260828 | /lustre/home/users/ewu/vb_gcmc/MD/stage_vacf_tail_8_8_L20_4rep_veryweaknh_nomom_20ns_100fs_20260826
stage_vacf_tail_8_8_L20_4rep_NVE_nomom_5ns_10fs_20260828/run_L20_NVE_rep4.sh,922,2026-08-28T13:54:05.479296+00:00,.sh,stage_vacf_tail_8_8_L20_4rep_NVE_nomom_5ns_10fs_20260828,stage_or_exploratory_snapshot,93ee110fd8a46f0394b999da60b85ce07a11174cf3df8db580adab65ff6435af,run_L20_NVE_rep4.sh,2,/lustre/home/users/ewu/vb_gcmc/MD/stage_vacf_tail_8_8_L20_4rep_NVE_nomom_5ns_10fs_20260828 | /lustre/home/users/ewu/vb_gcmc/MD/stage_vacf_tail_8_8_L20_4rep_veryweaknh_nomom_20ns_100fs_20260826
stage_vacf_tail_8_8_L20_4rep_veryweaknh_nomom_20ns_100fs_20260826/check_live_status.py,1050,2026-08-26T07:37:59.859417+00:00,.py,stage_vacf_tail_8_8_L20_4rep_veryweaknh_nomom_20ns_100fs_20260826,stage_or_exploratory_snapshot,36c71142d3cdefa53dfb8e1cbce84a20b1ee69b62fb859e1c4bb449569a54967,check_live_status.py,1,/lustre/home/users/ewu/vb_gcmc/MD/stage_vacf_tail_8_8_L20_4rep_veryweaknh_nomom_20ns_100fs_20260826
stage_vacf_tail_8_8_L20_4rep_veryweaknh_nomom_20ns_100fs_20260826/remote_validate_submit.py,1438,2026-08-25T23:19:23.632768+00:00,.py,stage_vacf_tail_8_8_L20_4rep_veryweaknh_nomom_20ns_100fs_20260826,stage_or_exploratory_snapshot,dbfc0aad9d01627bbb12244cea9be53eb5b02a89cca69e1fde409ecb23e9360c,remote_validate_submit.py,2,/lustre/home/users/ewu/vb_gcmc/MD/stage_vacf_tail_8_8_L10_8rep_weaknh_nomom_1ns_10fs_20260819 | /lustre/home/users/ewu/vb_gcmc/MD/stage_vacf_tail_8_8_L20_4rep_veryweaknh_nomom_20ns_100fs_20260826
stage_vacf_tail_8_8_L20_4rep_veryweaknh_nomom_20ns_100fs_20260826/run_L20_rep1.sh,776,2026-08-25T23:19:12.798186+00:00,.sh,stage_vacf_tail_8_8_L20_4rep_veryweaknh_nomom_20ns_100fs_20260826,stage_or_exploratory_snapshot,55267dc893a93570a5f09e55a5160324187d85b202c5a1629f7ce738e00cc006,run_L20_rep1.sh,2,/lustre/home/users/ewu/vb_gcmc/MD/stage_vacf_tail_8_8_L10_8rep_weaknh_nomom_1ns_10fs_20260819/rep1/VACF_8_8_L10_1ns_10fs_rep1.final.restart | /lustre/home/users/ewu/vb_gcmc/MD/stage_vacf_tail_8_8_L20_4rep_veryweaknh_nomom_20ns_100fs_20260826
stage_vacf_tail_8_8_L20_4rep_veryweaknh_nomom_20ns_100fs_20260826/run_L20_rep2.sh,776,2026-08-25T23:19:12.801188+00:00,.sh,stage_vacf_tail_8_8_L20_4rep_veryweaknh_nomom_20ns_100fs_20260826,stage_or_exploratory_snapshot,3b9b351b2a345d91facd9d1a4fc2f4ff8a7d3925a2e3d6e8a5a10f133fc4b0c4,run_L20_rep2.sh,2,/lustre/home/users/ewu/vb_gcmc/MD/stage_vacf_tail_8_8_L10_8rep_weaknh_nomom_1ns_10fs_20260819/rep2/VACF_8_8_L10_1ns_10fs_rep2.final.restart | /lustre/home/users/ewu/vb_gcmc/MD/stage_vacf_tail_8_8_L20_4rep_veryweaknh_nomom_20ns_100fs_20260826
stage_vacf_tail_8_8_L20_4rep_veryweaknh_nomom_20ns_100fs_20260826/run_L20_rep3.sh,776,2026-08-25T23:19:12.804189+00:00,.sh,stage_vacf_tail_8_8_L20_4rep_veryweaknh_nomom_20ns_100fs_20260826,stage_or_exploratory_snapshot,20b9d1fb9ec8270c037ddbbe0434900748a6fcb700f998ee3ebbe165272df8c7,run_L20_rep3.sh,2,/lustre/home/users/ewu/vb_gcmc/MD/stage_vacf_tail_8_8_L10_8rep_weaknh_nomom_1ns_10fs_20260819/rep3/VACF_8_8_L10_1ns_10fs_rep3.final.restart | /lustre/home/users/ewu/vb_gcmc/MD/stage_vacf_tail_8_8_L20_4rep_veryweaknh_nomom_20ns_100fs_20260826
stage_vacf_tail_8_8_L20_4rep_veryweaknh_nomom_20ns_100fs_20260826/run_L20_rep4.sh,776,2026-08-25T23:19:12.807190+00:00,.sh,stage_vacf_tail_8_8_L20_4rep_veryweaknh_nomom_20ns_100fs_20260826,stage_or_exploratory_snapshot,01a7797f36d2eecc2438d01e3c6ae43ccac4704656d902c3fae8d464c65d1785,run_L20_rep4.sh,2,/lustre/home/users/ewu/vb_gcmc/MD/stage_vacf_tail_8_8_L10_8rep_weaknh_nomom_1ns_10fs_20260819/rep4/VACF_8_8_L10_1ns_10fs_rep4.final.restart | /lustre/home/users/ewu/vb_gcmc/MD/stage_vacf_tail_8_8_L20_4rep_veryweaknh_nomom_20ns_100fs_20260826
stage_vacf_tail_8_8_L2L10_8rep_weaknh_zvz_20260812/analyze_2L_vs_4L_oddmode_projected_vacf.py,4821,2026-08-13T12:51:25.191647+00:00,.py,stage_vacf_tail_8_8_L2L10_8rep_weaknh_zvz_20260812,stage_or_exploratory_snapshot,9922cf67c779a1ad3fd68ee7a963bd0c41cddeedff5af866391622e6a64b0cde,analyze_2L_vs_4L_oddmode_projected_vacf.py,0,
stage_vacf_tail_8_8_L2L10_8rep_weaknh_zvz_20260812/analyze_cvv_alpha_ode_L2L10.py,2824,2026-08-14T02:04:48.153364+00:00,.py,stage_vacf_tail_8_8_L2L10_8rep_weaknh_zvz_20260812,stage_or_exploratory_snapshot,214672fb3fe939f865df182e772c441ecb665ba5d4374e8be247502adc28d48e,analyze_cvv_alpha_ode_L2L10.py,0,
stage_vacf_tail_8_8_L2L10_8rep_weaknh_zvz_20260812/analyze_cvv_msd_discrete_consistency.py,3713,2026-08-14T01:19:24.603705+00:00,.py,stage_vacf_tail_8_8_L2L10_8rep_weaknh_zvz_20260812,stage_or_exploratory_snapshot,e8aa4d634470be2d55e59e1955186ee41219d1e1e4b1bdc7dd27f611c314d2a3,analyze_cvv_msd_discrete_consistency.py,0,
stage_vacf_tail_8_8_L2L10_8rep_weaknh_zvz_20260812/analyze_decom_msd_by_length.py,7630,2026-08-13T16:16:46.107239+00:00,.py,stage_vacf_tail_8_8_L2L10_8rep_weaknh_zvz_20260812,stage_or_exploratory_snapshot,18238a65c9a643f4a2748dc355e6f6550c3a0bdeaab8b2c4d1a3a249e4947f48,analyze_decom_msd_by_length.py,0,
stage_vacf_tail_8_8_L2L10_8rep_weaknh_zvz_20260812/analyze_oxygen_vacf_spectrum_cm.py,3463,2026-08-14T01:31:11.037786+00:00,.py,stage_vacf_tail_8_8_L2L10_8rep_weaknh_zvz_20260812,stage_or_exploratory_snapshot,68ce53003e9292defd809b18655e2a10049b3a054cd95e318b0aa913595b7aff,analyze_oxygen_vacf_spectrum_cm.py,0,
stage_vacf_tail_8_8_L2L10_8rep_weaknh_zvz_20260812/analyze_vacf_cjj_by_length.py,3340,2026-08-13T02:24:38.452971+00:00,.py,stage_vacf_tail_8_8_L2L10_8rep_weaknh_zvz_20260812,stage_or_exploratory_snapshot,7f1891746c7c4b02a8813adee6258af010069e7ebe1bf9cb806210b11dfa3d55,analyze_vacf_cjj_by_length.py,1,/lustre/home/users/ewu/vb_gcmc/MD/stage_vacf_tail_8_8_L2L10_8rep_weaknh_zvz_20260812
stage_vacf_tail_8_8_L2L10_8rep_weaknh_zvz_20260812/analyze_vdos_dsf_L2L10.py,3420,2026-08-13T13:59:41.372773+00:00,.py,stage_vacf_tail_8_8_L2L10_8rep_weaknh_zvz_20260812,stage_or_exploratory_snapshot,4d428c99085ab0c425541348cb1d200d8f1513ef6dc3e784651b8ad37f23268b,analyze_vdos_dsf_L2L10.py,0,
stage_vacf_tail_8_8_L2L10_8rep_weaknh_zvz_20260812/plot_2L_vs_4L_oddmode_projected_vacf.py,1638,2026-08-13T08:59:40.106416+00:00,.py,stage_vacf_tail_8_8_L2L10_8rep_weaknh_zvz_20260812,stage_or_exploratory_snapshot,2ecd141c7dab6a17f4fe68609b238389d91def7083afc039c58febb3d86926a7,plot_2L_vs_4L_oddmode_projected_vacf.py,0,
stage_vacf_tail_8_8_L2L10_8rep_weaknh_zvz_20260812/plot_decom_msd_alpha.py,2050,2026-08-13T07:47:56.521676+00:00,.py,stage_vacf_tail_8_8_L2L10_8rep_weaknh_zvz_20260812,stage_or_exploratory_snapshot,7473f1eaa7ed19cda31bb675b78d546fa5abd299f4afe33350a1c9be1f671526,plot_decom_msd_alpha.py,0,
stage_vacf_tail_8_8_L2L10_8rep_weaknh_zvz_20260812/plot_vacf_cjj_L3L5.py,1408,2026-08-13T02:24:27.959280+00:00,.py,stage_vacf_tail_8_8_L2L10_8rep_weaknh_zvz_20260812,stage_or_exploratory_snapshot,25b88bb06bf325fd7572b9e0ed78974db6d322759dcb5b176836376c972c4bca,plot_vacf_cjj_L3L5.py,1,/lustre/home/users/ewu/vb_gcmc/MD/stage_vacf_tail_8_8_L2L10_8rep_weaknh_zvz_20260812/analysis_by_length
stage_vacf_tail_8_8_L2L10_8rep_weaknh_zvz_20260812/plot_vdos_dsf_L2L10.py,1617,2026-08-13T13:59:41.391769+00:00,.py,stage_vacf_tail_8_8_L2L10_8rep_weaknh_zvz_20260812,stage_or_exploratory_snapshot,c3fbef081bd2c5ecb69338f51d237259a9f1b0dff10887ee32bd25aba79af112,plot_vdos_dsf_L2L10.py,0,
stage_vacf_tail_8_8_L2L10_8rep_weaknh_zvz_20260812/run_analyze_10L.sh,386,2026-08-13T07:35:02.822304+00:00,.sh,stage_vacf_tail_8_8_L2L10_8rep_weaknh_zvz_20260812,stage_or_exploratory_snapshot,921c297c3c0b30473531766d5f9ba1aa4136263e7efe58903b61578a0cd87923,run_analyze_10L.sh,1,/lustre/home/users/ewu/vb_gcmc/MD/stage_vacf_tail_8_8_L2L10_8rep_weaknh_zvz_20260812
stage_vacf_tail_8_8_L2L10_8rep_weaknh_zvz_20260812/run_analyze_2L4L_oddmode_projection.sh,583,2026-08-13T08:59:40.121506+00:00,.sh,stage_vacf_tail_8_8_L2L10_8rep_weaknh_zvz_20260812,stage_or_exploratory_snapshot,f6a5dd8679277a3db45612ad76e76cdfe8c54747dcaa596e98939c6185ca812d,run_analyze_2L4L_oddmode_projection.sh,1,/lustre/home/users/ewu/vb_gcmc/MD/stage_vacf_tail_8_8_L2L10_8rep_weaknh_zvz_20260812
stage_vacf_tail_8_8_L2L10_8rep_weaknh_zvz_20260812/run_analyze_L3L5.sh,449,2026-08-13T02:24:27.987738+00:00,.sh,stage_vacf_tail_8_8_L2L10_8rep_weaknh_zvz_20260812,stage_or_exploratory_snapshot,5c7bfc2ad7319b9e0070c1ffaffbddcffb72ddaa200e0ba284b249d1619071a1,run_analyze_L3L5.sh,1,/lustre/home/users/ewu/vb_gcmc/MD/stage_vacf_tail_8_8_L2L10_8rep_weaknh_zvz_20260812
stage_vacf_tail_8_8_L2L10_8rep_weaknh_zvz_20260812/run_analyze_msd_alpha_L2L10.sh,571,2026-08-13T14:15:02.590617+00:00,.sh,stage_vacf_tail_8_8_L2L10_8rep_weaknh_zvz_20260812,stage_or_exploratory_snapshot,0db07a215fcd9336045c95782f791abd4e13bedd53cced5bacec096d520bde49,run_analyze_msd_alpha_L2L10.sh,1,/lustre/home/users/ewu/vb_gcmc/MD/stage_vacf_tail_8_8_L2L10_8rep_weaknh_zvz_20260812
stage_vacf_tail_8_8_L2L10_8rep_weaknh_zvz_20260812/run_analyze_vdos_dsf_L2L10.sh,522,2026-08-13T13:59:41.412765+00:00,.sh,stage_vacf_tail_8_8_L2L10_8rep_weaknh_zvz_20260812,stage_or_exploratory_snapshot,084046fe72472c5f113969bc2331a0fddc811ab999ba50f34b0ca706a79c821a,run_analyze_vdos_dsf_L2L10.sh,1,/lustre/home/users/ewu/vb_gcmc/MD/stage_vacf_tail_8_8_L2L10_8rep_weaknh_zvz_20260812
stage_vacf_tail_8_8_L2L10_8rep_weaknh_zvz_20260812/run_case.sh,762,2026-08-12T11:44:58.057731+00:00,.sh,stage_vacf_tail_8_8_L2L10_8rep_weaknh_zvz_20260812,stage_or_exploratory_snapshot,872c686fb99252def51f64bd0db193e99f7c88c348369006a79aa8928a01f7cb,run_case.sh,1,/lustre/home/users/ewu/vb_gcmc/MD/stage_vacf_tail_8_8_L2L10_8rep_weaknh_zvz_20260812
stage_vacf_tail_8_8_L2L10_8rep_weaknh_zvz_20260812/run_cvv_alpha_ode_L2L10.sh,501,2026-08-14T01:21:59.635013+00:00,.sh,stage_vacf_tail_8_8_L2L10_8rep_weaknh_zvz_20260812,stage_or_exploratory_snapshot,4711a2af827155f072c0f3da6bc031c010cef3ac06d6b5c0b0170a20dc6888f1,run_cvv_alpha_ode_L2L10.sh,1,/lustre/home/users/ewu/vb_gcmc/MD/stage_vacf_tail_8_8_L2L10_8rep_weaknh_zvz_20260812
stage_vacf_tail_8_8_L2L10_8rep_weaknh_zvz_20260812/run_cvv_msd_discrete_consistency_2L5L.sh,527,2026-08-14T01:19:24.633704+00:00,.sh,stage_vacf_tail_8_8_L2L10_8rep_weaknh_zvz_20260812,stage_or_exploratory_snapshot,57af56090882f94eda70b48f25f9b1ddf5f6be584d8b8283d9dc6cfbfe80c5ee,run_cvv_msd_discrete_consistency_2L5L.sh,1,/lustre/home/users/ewu/vb_gcmc/MD/stage_vacf_tail_8_8_L2L10_8rep_weaknh_zvz_20260812
stage_vacf_tail_8_8_L2L10_8rep_weaknh_zvz_20260812/run_oxygen_vacf_spectrum_cm_L2L10.sh,380,2026-08-14T01:31:11.042806+00:00,.sh,stage_vacf_tail_8_8_L2L10_8rep_weaknh_zvz_20260812,stage_or_exploratory_snapshot,ffb023ef1f6c510243614d14c37b216f462d3d8d8d332bcf27142bbb6c707722,run_oxygen_vacf_spectrum_cm_L2L10.sh,1,/lustre/home/users/ewu/vb_gcmc/MD/stage_vacf_tail_8_8_L2L10_8rep_weaknh_zvz_20260812
stage_vacf_tail_8_8_L2L5_4rep_weaknh_nomom_10ns_100fs_20260821/analyze_rep_vacf_msd.py,5316,2026-08-22T03:57:39.480005+00:00,.py,stage_vacf_tail_8_8_L2L5_4rep_weaknh_nomom_10ns_100fs_20260821,stage_or_exploratory_snapshot,1e2fa17ee80ff59bcd3e6f72d9f77f89f8d004c5b05436d3f434e033f7b718bb,analyze_rep_vacf_msd.py,0,
stage_vacf_tail_8_8_L2L5_4rep_weaknh_nomom_10ns_100fs_20260821/audit_production.sh,983,2026-08-22T04:00:58.538769+00:00,.sh,stage_vacf_tail_8_8_L2L5_4rep_weaknh_nomom_10ns_100fs_20260821,stage_or_exploratory_snapshot,627cb3b893ba4a8c6c1822774ec79c23b19a5870f26c2c8396d149b00fddfc86,audit_production.sh,0,
stage_vacf_tail_8_8_L2L5_4rep_weaknh_nomom_10ns_100fs_20260821/check_fullwater_status.py,1000,2026-08-26T09:24:05.229008+00:00,.py,stage_vacf_tail_8_8_L2L5_4rep_weaknh_nomom_10ns_100fs_20260821,stage_or_exploratory_snapshot,f116f6181bf20fa5afe75572eb16310f383f3d0e53b91e3c688cab18fa63c65f,check_fullwater_status.py,1,/lustre/home/users/ewu/vb_gcmc/MD/stage_vacf_tail_8_8_L2L5_4rep_weaknh_nomom_10ns_100fs_20260821
stage_vacf_tail_8_8_L2L5_4rep_weaknh_nomom_10ns_100fs_20260821/merge_ensemble_vacf_msd.py,2169,2026-08-22T03:57:39.511837+00:00,.py,stage_vacf_tail_8_8_L2L5_4rep_weaknh_nomom_10ns_100fs_20260821,stage_or_exploratory_snapshot,c6812cad6da032aab3716afbe922b11ee4bfd70bb2b14806ae9437f40b4e3eef,merge_ensemble_vacf_msd.py,0,
stage_vacf_tail_8_8_L2L5_4rep_weaknh_nomom_10ns_100fs_20260821/run.template.sh,363,2026-08-21T14:14:23.430212+00:00,.sh,stage_vacf_tail_8_8_L2L5_4rep_weaknh_nomom_10ns_100fs_20260821,stage_or_exploratory_snapshot,e98b07189da99b4429d2aa4d5d75fc812e8d063a59e6c35efbd1cbf4f9b3308b,run.template.sh,0,
stage_vacf_tail_8_8_L2L5_4rep_weaknh_nomom_10ns_100fs_20260821/run_analyze_ready.template.sh,415,2026-08-22T13:18:48.587510+00:00,.sh,stage_vacf_tail_8_8_L2L5_4rep_weaknh_nomom_10ns_100fs_20260821,stage_or_exploratory_snapshot,7c7e89ea9aee6f5bf8356be10b58d2d661ecb2f3fde82b4c3d7a1ba3fff3664f,run_analyze_ready.template.sh,1,/lustre/home/users/ewu/.conda/envs/HB_analysis/bin/python
stage_vacf_tail_8_8_L2L5_4rep_weaknh_nomom_10ns_100fs_20260821/run_analyze_rep.template.sh,450,2026-08-22T03:57:39.484001+00:00,.sh,stage_vacf_tail_8_8_L2L5_4rep_weaknh_nomom_10ns_100fs_20260821,stage_or_exploratory_snapshot,ebd2796cbf3e786f6b73c0daa2aa941b93c5e5c7d8b56524066a060d0539df03,run_analyze_rep.template.sh,0,
stage_vacf_tail_8_8_L2L5_4rep_weaknh_nomom_10ns_100fs_20260821/stage_submit.sh,1179,2026-08-21T14:14:23.752650+00:00,.sh,stage_vacf_tail_8_8_L2L5_4rep_weaknh_nomom_10ns_100fs_20260821,stage_or_exploratory_snapshot,734c5a00635dd182dd5cb815bb467280ce291328db5f1c46643e7eb873d606a2,stage_submit.sh,0,
stage_vacf_tail_8_8_L2L5_4rep_weaknh_nomom_10ns_100fs_20260821/submit_analysis.sh,1653,2026-08-22T03:58:34.955166+00:00,.sh,stage_vacf_tail_8_8_L2L5_4rep_weaknh_nomom_10ns_100fs_20260821,stage_or_exploratory_snapshot,42f40b1e5af30a5babc4e171c5a97866c9333fc4a425e8fbe4ad8794601b7bdc,submit_analysis.sh,0,
stage_vacf_tail_8_8_L2L5_4rep_weaknh_nomom_10ns_100fs_20260821/submit_analysis_direct_20260822.sh,1087,2026-08-22T12:50:03.908017+00:00,.sh,stage_vacf_tail_8_8_L2L5_4rep_weaknh_nomom_10ns_100fs_20260821,stage_or_exploratory_snapshot,a7b72f876a483daf87c486554f89dcf850a2e4ad6007d13a2a80739fb965628e,submit_analysis_direct_20260822.sh,0,
stage_vacf_tail_8_8_L2L5_4rep_weaknh_nomom_10ns_100fs_20260821/submit_analysis_ready.sh,1588,2026-08-22T13:18:48.590509+00:00,.sh,stage_vacf_tail_8_8_L2L5_4rep_weaknh_nomom_10ns_100fs_20260821,stage_or_exploratory_snapshot,1f287384e1ad5ecc3c44ab70debc7f8059d22291f9fdf74017647430a4471964,submit_analysis_ready.sh,1,/lustre/home/users/ewu/.conda/envs/HB_analysis/bin/python
stage_vacf_tail_8_8_L2L5_extra5rep_weaknh_nomom_1ns_10fs_20260820/run.template.sh,363,2026-08-20T01:50:51.070062+00:00,.sh,stage_vacf_tail_8_8_L2L5_extra5rep_weaknh_nomom_1ns_10fs_20260820,stage_or_exploratory_snapshot,931f0b889db40acd09926db599e9d20545c2d52d0cb80fbdc81a921fb28943da,run.template.sh,0,
stage_vacf_tail_8_8_L2L5_extra5rep_weaknh_nomom_1ns_10fs_20260820/stage_submit.sh,1004,2026-08-20T01:50:51.072320+00:00,.sh,stage_vacf_tail_8_8_L2L5_extra5rep_weaknh_nomom_1ns_10fs_20260820,stage_or_exploratory_snapshot,517d51d3569b25304ec6f52a99a6a3012bcad97d2e52dfa63e558116d32b606c,stage_submit.sh,0,
stage_vacf_tail_8_8_L2L5_extra5rep_weaknh_nomom_1ns_10fs_20260820_v2/run.template.sh,363,2026-08-20T01:50:51.070062+00:00,.sh,stage_vacf_tail_8_8_L2L5_extra5rep_weaknh_nomom_1ns_10fs_20260820_v2,stage_or_exploratory_snapshot,931f0b889db40acd09926db599e9d20545c2d52d0cb80fbdc81a921fb28943da,run.template.sh,0,
stage_vacf_tail_8_8_L2L5_extra5rep_weaknh_nomom_1ns_10fs_20260820_v2/stage_submit.sh,1080,2026-08-20T01:52:49.441237+00:00,.sh,stage_vacf_tail_8_8_L2L5_extra5rep_weaknh_nomom_1ns_10fs_20260820_v2,stage_or_exploratory_snapshot,6056d74bf49180b413de1dd2a56854b15c6098bd7a8d1bf2168790f486720673,stage_submit.sh,0,
stage_vacf_tail_crosschirality_1L8L_weaknh_20260814_prepare/source_restart_preflight.sh,750,2026-08-14T13:16:28.002671+00:00,.sh,stage_vacf_tail_crosschirality_1L8L_weaknh_20260814_prepare,stage_or_exploratory_snapshot,03a9a61abc1abff24d8f24f22b45f23f62c997cc70e89d62a676383879b50b48,source_restart_preflight.sh,3,/lustre/home/users/ewu/vb_gcmc/MD/remote_stage_88_length_scaling_20260719/NVT20ns_1xL_8_8_RH75_N133_rep1_20260719/nvt20ns_8_8_RH75_1L_rep1.final.restart | /lustre/home/users/ewu/vb_gcmc/MD/remote_stage_88_length_scaling_20260719/NVT20ns_4xL_8_8_RH75_N532_rep1_20260719/nvt20ns_8_8_RH75_4L_rep1.final.restart | /lustre/home/users/ewu/vb_gcmc/MD/viscfric_length_88_RH75_20260731/rethermalized_weakNH_nomom_cross_chirality_1L5L_2rep_20260804
stage_vacf_tail_crosschirality_1L8L_weaknh_20260814_prepare/submit_all_GUARDED.sh,159,2026-08-14T13:15:36.625941+00:00,.sh,stage_vacf_tail_crosschirality_1L8L_weaknh_20260814_prepare,stage_or_exploratory_snapshot,87ba7f07ddfb452646715d1344e16372efeb5a8de091540e63e8f770bdfe72c0,submit_all_GUARDED.sh,0,
staging/88_L5_nve_csvr_8seed_20260821/run.sh,463,2026-08-21T06:04:26.573933+00:00,.sh,staging,stage_or_exploratory_snapshot,7285097c8fc17fd061e603f893d240b3928b6da8da499a6ce2c06a03e0d815ba,run.sh,0,
staging/88_L5_nve_csvr_8seed_20260821/run_msd_direct.sh,634,2026-08-21T09:32:08.035868+00:00,.sh,staging,stage_or_exploratory_snapshot,c1facccaf649c262a75bbae21293e7b6e8df663e4d5506aca5e1c0c49b3227cf,run_msd_direct.sh,1,/lustre/home/users/ewu/.conda/envs/HB_analysis/bin/python
staging/88_L5_nve_csvr_8seed_20260821/run_vacf_early500.sh,708,2026-08-21T10:02:56.511627+00:00,.sh,staging,stage_or_exploratory_snapshot,218657a52f70579f479f3e33c9273495e4f564c18e9b9c50ff9f11c211efdcc4,run_vacf_early500.sh,1,/lustre/home/users/ewu/.conda/envs/HB_analysis/bin/python
staging/88_L5_nve_csvr_8seed_20260821/run_vacf_exclusions.sh,840,2026-08-21T08:42:42.660154+00:00,.sh,staging,stage_or_exploratory_snapshot,f0e5f3af04e21d80c8a5bdb6c29d9802f7a4cdc6419ed5f4caf415ae2209b132,run_vacf_exclusions.sh,1,/lustre/home/users/ewu/.conda/envs/HB_analysis/bin/python
